下跌	neg	1.0
涨超	pos	1.0
增长	pos	1.0
上涨	pos	1.0
买入	pos	1.0
下调	neg	1.0
暴跌	neg	1.0
下降	neg	1.0
跌破	neg	1.0
跌幅	neg	1.0
面临	neg	1.0
跌超	neg	1.0
警告	neg	1.0
涨停	pos	1.0
袭击	neg	1.0
影响	neg	1.0
涨幅	pos	1.0
上调	pos	1.0
死亡	neg	1.0
违规	neg	1.0
发生	neg	1.0
合作	pos	1.0
风险	neg	1.0
警示	neg	1.0
立案	neg	1.0
值得	pos	1.0
大跌	neg	1.0
伊朗	neg	1.0
担忧	neg	1.0
新高	pos	1.0
造成	neg	1.0
大涨	pos	1.0
跌至	neg	1.0
预警	neg	1.0
导致	neg	1.0
引发	neg	1.0
加剧	neg	1.0
突破	pos	1.0
走低	neg	1.0
新低	neg	1.0
下滑	neg	1.0
违法	neg	1.0
推动	pos	1.0
股票	pos	1.0
涉嫌	neg	1.0
签署	pos	1.0
我国	pos	1.0
飙升	pos	1.0
收涨	pos	1.0
有望	pos	1.0
罚款	neg	1.0
创新	pos	1.0
日元	neg	1.0
提升	pos	1.0
发展	pos	1.0
放缓	neg	1.0
处罚	neg	1.0
华夏	pos	1.0
第一	pos	1.0
拖累	neg	1.0
跌停	neg	1.0
裁员	neg	1.0
拉升	pos	1.0
科创	pos	1.0
同比	pos	1.0
地震	neg	1.0
低点	neg	1.0
压力	neg	1.0
严重	neg	1.0
威胁	neg	1.0
板块	pos	1.0
损失	neg	1.0
强势	pos	1.0
遭遇	neg	1.0
鹏华	pos	1.0
成交额	pos	1.0
梯队	pos	1.0
调查	neg	1.0
强劲	pos	1.0
加速	pos	1.0
失守	neg	1.0
亏损	neg	1.0
成功	pos	1.0
下挫	neg	1.0
走弱	neg	1.0
受伤	neg	1.0
低于	neg	1.0
信披	neg	1.0
净流入	pos	1.0
罚单	neg	1.0
实现	pos	1.0
问题	neg	1.0
以色列	neg	1.0
油价	neg	1.0
波动	neg	1.0
重挫	neg	1.0
万亿元	pos	1.0
亿元	pos	1.0
俄罗斯	neg	1.0
富途	neg	1.0
回落	neg	1.0
易方达	pos	1.0
涨近	pos	1.0
美国	neg	1.0
加强	pos	1.0
产业	pos	1.0
现在	pos	1.0
减少	neg	1.0
因涉嫌	neg	1.0
可能	neg	1.0
已致	neg	1.0
降至	neg	1.0
陷入	neg	1.0
暴雨	neg	1.0
规模	pos	1.0
深化	pos	1.0
战争	neg	1.0
附近	neg	1.0
走高	pos	1.0
发出	neg	1.0
升至	pos	1.0
中东	neg	1.0
出现	neg	1.0
乌克兰	neg	1.0
盘中	pos	1.0
局势	neg	1.0
发动	neg	1.0
连涨	pos	1.0
披露	neg	1.0
推进	pos	1.0
机器人	pos	1.0
一名	neg	1.0
加快	pos	1.0
半导体	pos	1.0
建设	pos	1.0
疲软	neg	1.0
服务	pos	1.0
达成	pos	1.0
表现	pos	1.0
暴涨	pos	1.0
看好	pos	1.0
低位	neg	1.0
事件	neg	1.0
证监会	neg	1.0
美元	neg	1.0
通胀	neg	1.0
获得	pos	1.0
商务部	pos	1.0
成为	pos	1.0
合同	pos	1.0
设备	pos	1.0
证监局	neg	1.0
危机	neg	1.0
协议	pos	1.0
涨跌	neg	1.0
消费	pos	1.0
事故	neg	1.0
资金	pos	1.0
通报	neg	1.0
空袭	neg	1.0
超越	pos	1.0
南部	neg	1.0
概念	pos	1.0
此时	pos	1.0
高开	pos	1.0
取得	pos	1.0
增持	pos	1.0
之一	pos	1.0
多单	neg	1.0
布局	pos	1.0
恐慌	neg	1.0
紧张	neg	1.0
低开	neg	1.0
信息	neg	1.0
起诉	neg	1.0
领涨	pos	1.0
增强	pos	1.0
指涨	pos	1.0
外贸	pos	1.0
拓展	pos	1.0
算力	pos	1.0
放量	pos	1.0
严厉	neg	1.0
短缺	neg	1.0
翻倍	pos	1.0
警方	neg	1.0
无人机	neg	1.0
美军	neg	1.0
领域	pos	1.0
战略	pos	1.0
上半年	pos	1.0
科技	pos	1.0
优化	pos	1.0
打击	neg	1.0
国产	pos	1.0
融资	pos	1.0
凭借	pos	1.0
遭袭	neg	1.0
存在	neg	1.0
降幅	neg	1.0
清算	neg	1.0
积极	pos	1.0
索赔	neg	1.0
十五	pos	1.0
感到	neg	1.0
产业链	pos	1.0
老虎	neg	1.0
活跃	pos	1.0
最佳	pos	1.0
强度	neg	1.0
退市	neg	1.0
推出	pos	1.0
违反	neg	1.0
降息	neg	1.0
净利润	pos	1.0
无法	neg	1.0
增至	pos	1.0
智能	pos	1.0
美联储	neg	1.0
提振	pos	1.0
南向	pos	1.0
支持	pos	1.0
失去	neg	1.0
内幕	neg	1.0
南方	pos	1.0
困境	neg	1.0
遇难	neg	1.0
富国	pos	1.0
承压	neg	1.0
黄色	neg	1.0
降温	neg	1.0
员工	neg	1.0
助力	pos	1.0
驱动	pos	1.0
不足	neg	1.0
汇率	neg	1.0
成长	pos	1.0
主流	neg	1.0
担心	neg	1.0
高质量	pos	1.0
最高	pos	1.0
人工智能	pos	1.0
收到	neg	1.0
爆炸	neg	1.0
股民	neg	1.0
新增	pos	1.0
受损	neg	1.0
火灾	neg	1.0
涨价	pos	1.0
抗议	neg	1.0
冲突	neg	1.0
跌近	neg	1.0
提速	pos	1.0
下行	neg	1.0
优于	pos	1.0
地区	neg	1.0
工业	pos	1.0
投资	pos	1.0
一架	neg	1.0
谴责	neg	1.0
黎巴嫩	neg	1.0
橙色	neg	1.0
争议	neg	1.0
特朗普	neg	1.0
部分	neg	1.0
至少	neg	1.0
完善	pos	1.0
错误	neg	1.0
进出口	pos	1.0
质疑	neg	1.0
非法	neg	1.0
扩大	pos	1.0
走强	pos	1.0
虚假	neg	1.0
航班	neg	1.0
人员	neg	1.0
盎司	neg	1.0
最低点	neg	1.0
单笔	pos	1.0
随着	neg	1.0
受益	pos	1.0
是否是	pos	1.0
价值	pos	1.0
冻结	neg	1.0
停滞	neg	1.0
博时	pos	1.0
暂停	neg	1.0
热浪	neg	1.0
芯片	pos	1.0
带动	pos	1.0
通信	pos	1.0
应用	pos	1.0
利好	pos	1.0
赢得	pos	1.0
回升	pos	1.0
千米	neg	1.0
最差	neg	1.0
红色	neg	1.0
萎缩	neg	1.0
制裁	neg	1.0
通过	pos	1.0
削减	neg	1.0
金价	neg	1.0
英国	neg	1.0
干预	neg	1.0
吴清	pos	1.0
供应	neg	1.0
再创新高	pos	1.0
基辅	neg	1.0
天气	neg	1.0
优势	pos	1.0
比特	neg	1.0
失望	neg	1.0
潜力	pos	1.0
被捕	neg	1.0
构成	neg	1.0
可比	pos	1.0
增资	pos	1.0
港股	pos	1.0
保持	pos	1.0
首位	pos	1.0
标的	pos	1.0
击败	pos	1.0
控人	neg	1.0
实控	neg	1.0
订单	pos	1.0
低迷	neg	1.0
受阻	neg	1.0
强化	pos	1.0
阻碍	neg	1.0
签订	pos	1.0
推迟	neg	1.0
万亿	pos	1.0
罢工	neg	1.0
日本	neg	1.0
材料	pos	1.0
催化	pos	1.0
减弱	neg	1.0
跌势	neg	1.0
市值	pos	1.0
中断	neg	1.0
亿港元	pos	1.0
生态	pos	1.0
扩张	pos	1.0
责任人	neg	1.0
景顺	pos	1.0
增加	pos	1.0
新能源	pos	1.0
逊于	pos	1.0
削弱	neg	1.0
领先	pos	1.0
一艘	neg	1.0
攻击	neg	1.0
力争	pos	1.0
韧性	pos	1.0
危险	neg	1.0
协同	pos	1.0
医药	pos	1.0
灾害	neg	1.0
资本	pos	1.0
故障	neg	1.0
储能	pos	1.0
活力	pos	1.0
全国	pos	1.0
糟糕	neg	1.0
长鑫	pos	1.0
景气	pos	1.0
扩展	pos	1.0
平稳	pos	1.0
预增	pos	1.0
人民币	pos	1.0
船只	neg	1.0
及实	neg	1.0
阴影	neg	1.0
亿美元	pos	1.0
卫星	pos	1.0
空间	pos	1.0
行业	pos	1.0
两名	neg	1.0
得益于	pos	1.0
过剩	neg	1.0
最低	neg	1.0
上市	pos	1.0
电子	pos	1.0
出海	pos	1.0
霍尔木兹海峡	neg	1.0
洪水	neg	1.0
严峻	neg	1.0
失败	neg	1.0
难以	neg	1.0
以军	neg	1.0
不满	neg	1.0
驳回	pos	1.0
稳步	pos	1.0
收购	pos	1.0
领跌	neg	1.0
索具	neg	1.0
剧烈	neg	1.0
实施	neg	1.0
损害	neg	1.0
坠毁	neg	1.0
跻身	pos	1.0
巨力	neg	1.0
斩获	pos	1.0
燃油	neg	1.0
上线	pos	1.0
受挫	neg	1.0
改善	pos	1.0
异常	neg	1.0
警报	neg	1.0
胜利	pos	1.0
逮捕	neg	1.0
业绩	pos	1.0
告知	neg	1.0
财务	neg	1.0
加码	pos	1.0
主力	pos	1.0
培育	pos	1.0
原油	neg	1.0
滥用	neg	1.0
猛烈	neg	1.0
电池	pos	1.0
指责	neg	1.0
收紧	neg	1.0
扩容	pos	1.0
设施	neg	1.0
董事长	neg	1.0
联合国	neg	1.0
迎来	pos	1.0
贪婪	neg	1.0
增加值	pos	1.0
考验	neg	1.0
顺利	pos	1.0
风暴	neg	1.0
不安	neg	1.0
崩盘	neg	1.0
科创板	pos	1.0
加沙	neg	1.0
工人	neg	1.0
净亏损	neg	1.0
基金	pos	1.0
炒股	neg	1.0
信息技术	pos	1.0
完成	pos	1.0
上海	pos	1.0
模型	pos	1.0
菲律宾	neg	1.0
失踪	neg	1.0
当局	neg	1.0
暴露	neg	1.0
缩量	pos	1.0
高涨	pos	1.0
长桥	neg	1.0
恶化	neg	1.0
造假	neg	1.0
赋能	pos	1.0
是否	pos	1.0
遭受	neg	1.0
两人	neg	1.0
共振	pos	1.0
增幅	pos	1.0
稳健	pos	1.0
计算机行业	pos	1.0
加息	neg	1.0
动荡	neg	1.0
台风	neg	1.0
历史	pos	1.0
关闭	neg	1.0
紧张局势	neg	1.0
高增	pos	1.0
计算	pos	1.0
责令	neg	1.0
平安	pos	1.0
股息	pos	1.0
构建	pos	1.0
男子	neg	1.0
判处	neg	1.0
数据	neg	1.0
传出	neg	1.0
战事	neg	1.0
海域	neg	1.0
行为	neg	1.0
发挥	pos	1.0
账户	neg	1.0
优质	pos	1.0
股市	neg	1.0
伟达	pos	1.0
回应	neg	1.0
处于	neg	1.0
强降雨	neg	1.0
业务	pos	1.0
高温	neg	1.0
一处	neg	1.0
看涨	pos	1.0
多人	neg	1.0
致命	neg	1.0
释放	pos	1.0
禁止	neg	1.0
亮眼	pos	1.0
艰难	neg	1.0
被困	neg	1.0
腰斩	neg	1.0
裁减	neg	1.0
混乱	neg	1.0
遭到	neg	1.0
日益加剧	neg	1.0
融合	pos	1.0
持续	pos	1.0
大规模	neg	1.0
武装	neg	1.0
煤矿	neg	1.0
乐观	pos	1.0
现代化	pos	1.0
债务	neg	1.0
禁令	neg	1.0
动能	pos	1.0
进一步	pos	1.0
扰动	neg	1.0
绿色	pos	1.0
创下	pos	1.0
上升	pos	1.0
破坏	neg	1.0
起火	neg	1.0
终止	neg	1.0
降价	neg	1.0
分歧	neg	1.0
华鑫	pos	1.0
嘉实	pos	1.0
贬值	neg	1.0
河流	neg	1.0
拉响	neg	1.0
外资	pos	1.0
旨在	pos	1.0
多地	neg	1.0
波及	neg	1.0
骤降	neg	1.0
建立	pos	1.0
重创	neg	1.0
浮亏	neg	1.0
收益	pos	1.0
更好	pos	1.0
跃升	pos	1.0
促进	pos	1.0
技术	pos	1.0
加仓	pos	1.0
突发	neg	1.0
海西州	neg	1.0
广发	pos	1.0
私募	neg	1.0
企业	pos	1.0
巩固	pos	1.0
领跑	pos	1.0
关口	neg	1.0
基础设施	pos	1.0
风波	neg	1.0
打造	pos	1.0
谨慎	neg	1.0
跟踪	pos	1.0
盈利	pos	1.0
涨势	pos	1.0
万港元	neg	1.0
回暖	pos	1.0
英特尔	pos	1.0
需求	pos	1.0
同比增加	pos	1.0
汇添富	pos	1.0
反弹	pos	1.0
消费者	neg	1.0
扩产	pos	1.0
董秘	neg	1.0
携手	pos	1.0
选择	pos	1.0
良好	pos	1.0
高于	pos	1.0
入选	pos	1.0
缺乏	neg	1.0
大胜	pos	1.0
居前	pos	1.0
聚焦	pos	1.0
总额	pos	1.0
北部	neg	1.0
美伊	neg	1.0
导弹	neg	1.0
两市	pos	1.0
极端	neg	1.0
陷入僵局	neg	1.0
地质灾害	neg	1.0
延续	pos	1.0
停火协议	neg	1.0
减持	neg	1.0
拘留	neg	1.0
能力	pos	1.0
产品	pos	1.0
逾期	neg	1.0
亚马逊	pos	1.0
失衡	neg	1.0
原油价格	neg	1.0
制造	pos	1.0
转亏	neg	1.0
跳水	neg	1.0
欺诈	neg	1.0
提高	pos	1.0
评级	pos	1.0
击中	neg	1.0
新型	pos	1.0
战胜	pos	1.0
投资者	neg	1.0
蓝色	neg	1.0
库存	neg	1.0
赛道	pos	1.0
误导性	neg	1.0
里程碑	pos	1.0
依法	neg	1.0
摧毁	neg	1.0
召回	neg	1.0
试点	pos	1.0
链条	pos	1.0
午后	pos	1.0
同意	pos	1.0
停运	neg	1.0
改正	neg	1.0
儿童	neg	1.0
气象	neg	1.0
内控	neg	1.0
概念股	pos	1.0
人形	pos	1.0
归母	pos	1.0
证券	pos	1.0
缺席	neg	1.0
电科	neg	1.0
首都	neg	1.0
缩减	neg	1.0
务实	pos	1.0
抨击	neg	1.0
地缘	neg	1.0
戴尔	pos	1.0
遇袭	neg	1.0
给予	pos	1.0
预计	pos	1.0
油轮	neg	1.0
大增	pos	1.0
点评	pos	1.0
吸金	pos	1.0
华宝	pos	1.0
电力	pos	1.0
合作伙伴	pos	1.0
体系	pos	1.0
柏瑞	pos	1.0
陷入困境	neg	1.0
作用	pos	1.0
令人	neg	1.0
营收	pos	1.0
无缘	neg	1.0
强国	pos	1.0
存储芯片	pos	1.0
抛售	neg	1.0
吸引	pos	1.0
一季度	pos	1.0
多名	neg	1.0
电子行业	pos	1.0
以上	pos	1.0
有序	pos	1.0
监管	neg	1.0
发现	neg	1.0
流出	pos	1.0
不及	neg	1.0
警惕	neg	1.0
中证	pos	1.0
肆虐	neg	1.0
原副	neg	1.0
普跌	neg	1.0
转型	pos	1.0
政治	neg	1.0
正式	pos	1.0
注入	pos	1.0
绿电	pos	1.0
一步	pos	1.0
民众	neg	1.0
持续增长	pos	1.0
未达	neg	1.0
产供	neg	1.0
过度	neg	1.0
缺陷	neg	1.0
基础	pos	1.0
官员	neg	1.0
三名	neg	1.0
指控	neg	1.0
怀疑	neg	1.0
操纵	neg	1.0
强对流	neg	1.0
飙涨	pos	1.0
消费市场	pos	1.0
签下	pos	1.0
核电站	neg	1.0
不明	neg	1.0
水利部	neg	1.0
重要	pos	1.0
连阳	pos	1.0
抢眼	pos	1.0
脆弱	neg	1.0
转跌	neg	1.0
系列赛	pos	1.0
攀升	pos	1.0
现货	neg	1.0
扩建	pos	1.0
失误	neg	1.0
向上	pos	1.0
未能	neg	1.0
移民	neg	1.0
有色	pos	1.0
再创	pos	1.0
礼来	pos	1.0
广西	neg	1.0
保障	pos	1.0
价齐升	pos	1.0
部门	pos	1.0
周报	pos	1.0
困局	neg	1.0
提质	pos	1.0
直升机	neg	1.0
未来	pos	1.0
焦虑	neg	1.0
极度	neg	1.0
一场	neg	1.0
开启	pos	1.0
瓦斯	neg	1.0
危及	neg	1.0
承认	neg	1.0
场景	pos	1.0
山西	neg	1.0
飞机	neg	1.0
蔓延	neg	1.0
月末	pos	1.0
覆盖	pos	1.0
太空	pos	1.0
加密	neg	1.0
向下	neg	1.0
败诉	neg	1.0
翻红	pos	1.0
系列	pos	1.0
丑闻	neg	1.0
不当	neg	1.0
案件	neg	1.0
扎波罗热	neg	1.0
编造	neg	1.0
高额	neg	1.0
规划	pos	1.0
金融	pos	1.0
科威特	neg	1.0
彰显	pos	1.0
先进	pos	1.0
项目	pos	1.0
提起	neg	1.0
疫情	neg	1.0
停电	neg	1.0
失效	neg	1.0
万人	neg	1.0
批准	pos	1.0
增量	pos	1.0
军方	neg	1.0
具有	pos	1.0
普涨	pos	1.0
撤离	neg	1.0
开出	neg	1.0
时代	pos	1.0
三人	neg	1.0
高开高	pos	1.0
共建	pos	1.0
欢迎	pos	1.0
改革	pos	1.0
机场	neg	1.0
备忘录	pos	1.0
泄露	neg	1.0
用电	pos	1.0
大众汽车	neg	1.0
韩元	neg	1.0
麻烦	neg	1.0
崩溃	neg	1.0
具身	pos	1.0
收窄	neg	1.0
令人担忧	neg	1.0
提示	neg	1.0
开放	pos	1.0
升涨	pos	1.0
暴增	pos	1.0
青海	neg	1.0
匯率	neg	1.0
他人	neg	1.0
紧急状态	neg	1.0
诈骗	neg	1.0
古巴	neg	1.0
由于	neg	1.0
斥资	pos	1.0
发力	pos	1.0
工信部	pos	1.0
出手	neg	1.0
降雨	neg	1.0
红利	pos	1.0
分红	pos	1.0
晋级	pos	1.0
黯淡	neg	1.0
三倍	pos	1.0
新一代	pos	1.0
被查	neg	1.0
泄漏	neg	1.0
严肃查处	neg	1.0
修复	pos	1.0
位列	pos	1.0
发生冲突	neg	1.0
留神	neg	1.0
一起	neg	1.0
打压	neg	1.0
框架	pos	1.0
能否	pos	1.0
闪迪涨	pos	1.0
千万	neg	1.0
失控	neg	1.0
准确	neg	1.0
增值	pos	1.0
合理	pos	1.0
上扬	pos	1.0
航天	pos	1.0
货物贸易	pos	1.0
俄称	neg	1.0
期金	neg	1.0
救援	neg	1.0
交易员	neg	1.0
中芯	pos	1.0
取消	neg	1.0
交易日	pos	1.0
及时	neg	1.0
主线	pos	1.0
国内航线	neg	1.0
困难	neg	1.0
言论	neg	1.0
击落	neg	1.0
晶圆	pos	1.0
两位数	pos	1.0
全面	pos	1.0
滑坡	neg	1.0
万多	neg	1.0
全年	pos	1.0
国家	pos	1.0
标准	pos	1.0
最具	pos	1.0
落地	pos	1.0
投诉	neg	1.0
巴威	neg	1.0
两难	neg	1.0
老板	neg	1.0
被迫	neg	1.0
数千	neg	1.0
做好	pos	1.0
总体	pos	1.0
工程机械	pos	1.0
出色	pos	1.0
紧急	neg	1.0
矛盾	neg	1.0
反对	neg	1.0
智谱	pos	1.0
尽管	pos	1.0
两地	pos	1.0
首飞	pos	1.0
调用	pos	1.0
华泰	pos	1.0
昨日	pos	1.0
信贷	neg	1.0
生物	pos	1.0
解读	pos	1.0
国金	pos	1.0
龙头	pos	1.0
观财报	neg	1.0
克里米亚	neg	1.0
王建军	neg	1.0
归咎于	neg	1.0
看跌	neg	1.0
陈述	neg	1.0
缓慢	neg	1.0
达到	pos	1.0
周期	pos	1.0
创业	pos	1.0
封锁	neg	1.0
迈向	pos	1.0
沟通	pos	1.0
腾讯	pos	1.0
锂电	pos	1.0
中信证券	pos	1.0
首个	pos	1.0
失业	neg	1.0
创业板	pos	1.0
量产	pos	1.0
炼油厂	neg	1.0
当下	pos	1.0
交投	pos	1.0
冠军	pos	1.0
外资企业	pos	1.0
动摇	neg	1.0
折算	neg	1.0
红线	neg	1.0
军事	neg	1.0
盛达	neg	1.0
商业化	pos	1.0
仍存	neg	1.0
挫折	neg	1.0
重磅	pos	1.0
迭代	pos	1.0
升级	pos	1.0
进军	pos	1.0
一人	neg	1.0
退税	pos	1.0
规上	pos	1.0
物流	pos	1.0
离岸	pos	1.0
谈判	neg	1.0
大火	neg	1.0
东部	neg	1.0
互联网	pos	1.0
机遇	pos	1.0
口岸	pos	1.0
扰乱	neg	1.0
实达	neg	1.0
伤亡	neg	1.0
佳缘	neg	1.0
高昂	neg	1.0
亿千瓦	pos	1.0
传媒	pos	1.0
受到	neg	1.0
中部	neg	1.0
沦为	neg	1.0
配置	pos	1.0
甘肃	neg	1.0
期待	pos	1.0
嫌疑人	neg	1.0
禁赛	neg	1.0
股票交易	neg	1.0
爆发	pos	1.0
离境	pos	1.0
大举	pos	1.0
蒸发	neg	1.0
入侵	neg	1.0
签约	pos	1.0
诉讼	neg	1.0
不利	neg	1.0
强大	pos	1.0
验证	pos	1.0
制度	pos	1.0
纳入	pos	1.0
莫斯科	neg	1.0
定律	pos	1.0
学生	neg	1.0
航空公司	neg	1.0
巴林	neg	1.0
激烈	neg	1.0
数据中心	pos	1.0
设计	pos	1.0
机制	pos	1.0
意外	neg	1.0
北京	neg	1.0
弱势	neg	1.0
存储	pos	1.0
组合	pos	1.0
瘫痪	neg	1.0
股普跌	neg	1.0
重申	pos	1.0
构成威胁	neg	1.0
引领	pos	1.0
发布	neg	1.0
注册	pos	1.0
就业	neg	1.0
低空	pos	1.0
快速增长	pos	1.0
利率	neg	1.0
一体化	pos	1.0
获净	pos	1.0
保持稳定	pos	1.0
坚定	pos	1.0
辖区	neg	1.0
欧盟	neg	1.0
干旱	neg	1.0
高管	neg	1.0
美以	neg	1.0
连板	pos	1.0
站上	pos	1.0
延误	neg	1.0
举办	pos	1.0
状态	neg	1.0
致歉	neg	1.0
挑战	neg	1.0
突击	neg	1.0
飘红	pos	1.0
万枚	pos	1.0
拿下	pos	1.0
博士	neg	1.0
续创	pos	1.0
研发	pos	1.0
险胜	pos	1.0
零售总额	pos	1.0
湖北	neg	1.0
热点	neg	1.0
开展	pos	1.0
印发	pos	1.0
相撞	neg	1.0
研究	pos	1.0
成分股	pos	1.0
开源	pos	1.0
破裂	neg	1.0
石油	neg	1.0
中国气象局	neg	1.0
公民	neg	1.0
增超	pos	1.0
提供	pos	1.0
炒作	neg	1.0
日益	neg	1.0
替代	pos	1.0
招商	pos	1.0
迫使	neg	1.0
大风	neg	1.0
深陷	neg	1.0
共同	pos	1.0
光纤	pos	1.0
学校	neg	1.0
泡沫	neg	1.0
近海	neg	1.0
德黑兰	neg	1.0
批复	pos	1.0
能源危机	neg	1.0
效率	pos	1.0
多股	pos	1.0
现象	neg	1.0
下探	neg	1.0
乏力	neg	1.0
缺失	neg	1.0
湖南	neg	1.0
提醒	neg	1.0
熔断	neg	1.0
派瑞	neg	1.0
获胜	pos	1.0
经贸	pos	1.0
洪灾	neg	1.0
超出	pos	1.0
带来	neg	1.0
新政	pos	1.0
缴纳	neg	1.0
批评	neg	1.0
便利	pos	1.0
新疆	neg	1.0
高水平	pos	1.0
租赁	pos	1.0
一事	neg	1.0
利空	neg	1.0
新股	pos	1.0
备案	pos	1.0
乱象	neg	1.0
史上	neg	1.0
稳中有进	pos	1.0
落实	pos	1.0
卫队	neg	1.0
强制	neg	1.0
集团	pos	1.0
证实	neg	1.0
流失	neg	1.0
不确定性	neg	1.0
列车	neg	1.0
投行	neg	1.0
被判	neg	1.0
服务器	pos	1.0
陆家嘴	pos	1.0
加力	pos	1.0
万亿美元	pos	1.0
迈入	pos	1.0
吸引力	pos	1.0
巨亏	neg	1.0
美军基地	neg	1.0
银高科	neg	1.0
核心	pos	1.0
无效	neg	1.0
用于	pos	1.0
卷入	neg	1.0
消费品	pos	1.0
提起公诉	neg	1.0
点名	neg	1.0
正确	pos	1.0
代价	neg	1.0
宝马	neg	1.0
稀有金属	pos	1.0
把握	pos	1.0
发起	neg	1.0
明智	pos	1.0
报复	neg	1.0
化工	pos	1.0
停产	neg	1.0
头部	pos	1.0
强震	neg	1.0
加大	pos	1.0
台积	pos	1.0
翻番	pos	1.0
中微	pos	1.0
以来	neg	1.0
超过	pos	1.0
东京	neg	1.0
对阵	pos	1.0
引擎	pos	1.0
激增	pos	1.0
高技术	pos	1.0
日内	neg	1.0
风向标	neg	1.0
惠普	pos	1.0
陷阱	neg	1.0
停火	neg	1.0
狂飙	pos	1.0
采取	neg	1.0
也门	neg	1.0
劳动力	neg	1.0
境地	neg	1.0
水位	neg	1.0
漏洞	neg	1.0
黑龙江	neg	1.0
乌称	neg	1.0
鹏扬	pos	1.0
拥挤	neg	1.0
工会	neg	1.0
高端	pos	1.0
社会	pos	1.0
总持仓	pos	1.0
长期	pos	1.0
度夏	pos	1.0
日内涨	pos	1.0
双轮	pos	1.0
力度	pos	1.0
游戏	pos	1.0
公司	pos	1.0
连发	neg	1.0
水平	pos	1.0
宁德	pos	1.0
一项	pos	1.0
抵制	neg	1.0
涉及	neg	1.0
一日	pos	1.0
泰康	pos	1.0
一键	pos	1.0
清明	pos	1.0
首日	pos	1.0
厂商	pos	1.0
旗下	pos	1.0
运行	pos	1.0
产生	neg	1.0
天弘	pos	1.0
耗尽	neg	1.0
小盘	pos	1.0
硅片	pos	1.0
博会	pos	1.0
发文	pos	1.0
打通	pos	1.0
二号	pos	1.0
居首	pos	1.0
产业化	pos	1.0
涨至	pos	1.0
胡塞	neg	1.0
负担	neg	1.0
列入	neg	1.0
解雇	neg	1.0
封装	pos	1.0
认证	pos	1.0
公告	neg	1.0
中国证监会	neg	1.0
同类	pos	1.0
偏紧	neg	1.0
下架	neg	1.0
深感	neg	1.0
疲弱	neg	1.0
泄密	neg	1.0
观典	neg	1.0
能源	pos	1.0
侵权	neg	1.0
争论	neg	1.0
人员伤亡	neg	1.0
势头	pos	1.0
通用	pos	1.0
限制	neg	1.0
上证	pos	1.0
难题	neg	1.0
耐克	neg	1.0
触发	neg	1.0
两只	pos	1.0
申购	pos	1.0
有利于	pos	1.0
领先地位	pos	1.0
华安	pos	1.0
关系	pos	1.0
自主	pos	1.0
激发	pos	1.0
盛赞	pos	1.0
金饰	neg	1.0
高出	pos	1.0
违约	neg	1.0
旅游	pos	1.0
假期	pos	1.0
联想集团	pos	1.0
森林	neg	1.0
机会	pos	1.0
喜临门	neg	1.0
上市公司	pos	1.0
开局	pos	1.0
悲观	neg	1.0
净利	pos	1.0
网红	neg	1.0
徘徊	neg	1.0
转折点	pos	1.0
目录	pos	1.0
翻车	neg	1.0
股大涨	pos	1.0
后果	neg	1.0
空军基地	neg	1.0
基于	pos	1.0
本垒打	pos	1.0
噩梦	neg	1.0
展现出	pos	1.0
希腊	neg	1.0
试验	pos	1.0
活动	neg	1.0
人队	pos	1.0
称赞	pos	1.0
远超	pos	1.0
举措	pos	1.0
政策	pos	1.0
磋商	pos	1.0
虚增	neg	1.0
重庆	neg	1.0
裂痕	neg	1.0
侵犯	neg	1.0
贝鲁特	neg	1.0
直线	pos	1.0
总值	pos	1.0
不佳	neg	1.0
位居	pos	1.0
忽视	neg	1.0
布伦特	neg	1.0
升值	pos	1.0
火热	pos	1.0
法国	neg	1.0
充满信心	pos	1.0
扩充	pos	1.0
错失	neg	1.0
适配	pos	1.0
实控人	neg	1.0
一辆	neg	1.0
算电	pos	1.0
之际	neg	1.0
存疑	neg	1.0
人权	neg	1.0
创造	pos	1.0
存量	pos	1.0
年化	pos	1.0
装备	pos	1.0
矿产	pos	1.0
谅解	pos	1.0
辟谣	neg	1.0
美元兑	neg	1.0
负责人	neg	1.0
瑞士法郎	neg	1.0
成品油	neg	1.0
维权	neg	1.0
赔偿	neg	1.0
失利	neg	1.0
动力	pos	1.0
内部	neg	1.0
保健品	neg	1.0
车祸	neg	1.0
施加	neg	1.0
重机	neg	1.0
隐忧	neg	1.0
林州	neg	1.0
德国	neg	1.0
逼近	neg	1.0
首破	pos	1.0
含量	pos	1.0
红盘	pos	1.0
一倍	pos	1.0
最新消息	neg	1.0
授予	pos	1.0
工具	pos	1.0
市场监管	neg	1.0
重塑	pos	1.0
稳固	pos	1.0
版图	pos	1.0
破产	neg	1.0
白银	neg	1.0
刚刚	pos	1.0
转化	pos	1.0
维护	pos	1.0
而大涨	pos	1.0
酷热	neg	1.0
海外	pos	1.0
巨震	neg	1.0
进展	pos	1.0
展业	neg	1.0
范围	pos	1.0
沃什	neg	1.0
笼罩	neg	1.0
停止	neg	1.0
走私	neg	1.0
生物科技	pos	1.0
查处	neg	1.0
灾难	neg	1.0
数额	neg	1.0
有限	neg	1.0
阿富汗	neg	1.0
报告	pos	1.0
能够	pos	1.0
海内外	pos	1.0
兆瓦	pos	1.0
巨鲸	pos	1.0
勇士队	pos	1.0
证券市场	neg	1.0
爱建	pos	1.0
敲响警钟	neg	1.0
无力	neg	1.0
恐惧	neg	1.0
中东战争	neg	1.0
分析	neg	1.0
俄军	neg	1.0
东北部	neg	1.0
出口额	pos	1.0
赢家	pos	1.0
稳步增长	pos	1.0
墨西哥	neg	1.0
商业	pos	1.0
自豪	pos	1.0
先锋	pos	1.0
布什尔	neg	1.0
或致	neg	1.0
熊本	neg	1.0
严厉打击	neg	1.0
态势	pos	1.0
一只	pos	1.0
具备	pos	1.0
万美元	neg	1.0
性能	pos	1.0
更具	pos	1.0
万联	pos	1.0
财季	pos	1.0
离职	neg	1.0
旺旺	neg	1.0
正在	neg	1.0
一份	pos	1.0
真主党	neg	1.0
厄尔尼诺	neg	1.0
迎峰	pos	1.0
避免	pos	1.0
博弈	neg	1.0
夯实	pos	1.0
新质	pos	1.0
连跌	neg	1.0
暂缓	neg	1.0
收入	pos	1.0
销售额	pos	1.0
飞行员	neg	1.0
交火	neg	1.0
超标	neg	1.0
获批	pos	1.0
叫停	neg	1.0
趋紧	neg	1.0
地带	neg	1.0
调高	pos	1.0
点燃	pos	1.0
集成电路	pos	1.0
新兴产业	pos	1.0
沙特	neg	1.0
可口可乐	pos	1.0
已有	neg	1.0
短期	neg	1.0
募股	pos	1.0
东南部	neg	1.0
日当	neg	1.0
席卷	neg	1.0
突袭	neg	1.0
支撑位	neg	1.0
出现异常	neg	1.0
欧洲	neg	1.0
季风	neg	1.0
非农	neg	1.0
残酷	neg	1.0
综合	pos	1.0
收官	pos	1.0
疑似	neg	1.0
否认	neg	1.0
附加费	neg	1.0
倒塌	neg	1.0
从事	neg	1.0
四人	neg	1.0
习近平	pos	1.0
决定	neg	1.0
竞争	neg	1.0
双边	pos	1.0
受限	neg	1.0
重大突破	pos	1.0
稀土	pos	1.0
国产化	pos	1.0
规模化	pos	1.0
经合组织	neg	1.0
拉姆齐	neg	1.0
主题	pos	1.0
铜箔	pos	1.0
稳定	pos	1.0
首发	pos	1.0
抑制	neg	1.0
打开	pos	1.0
铁矿石	neg	1.0
杠杆	neg	1.0
万人次	pos	1.0
华富	pos	1.0
赎回	neg	1.0
占据	pos	1.0
坚决	pos	1.0
光通信	pos	1.0
意味着	pos	1.0
空单	pos	1.0
推理	pos	1.0
成果	pos	1.0
速读	neg	1.0
柴油	neg	1.0
管制	neg	1.0
黑名单	neg	1.0
有力	pos	1.0
爆雷	neg	1.0
被控	neg	1.0
固态	pos	1.0
力图	pos	1.0
机械行业	pos	1.0
圆满	pos	1.0
疑虑	neg	1.0
船舶	pos	1.0
截至	pos	1.0
收低	neg	1.0
永川	neg	1.0
持刀	neg	1.0
未果	neg	1.0
偏低	neg	1.0
财政	neg	1.0
航锦	neg	1.0
疏漏	neg	1.0
装机	pos	1.0
韭菜	neg	1.0
因未	neg	1.0
断供	neg	1.0
热潮	pos	1.0
会计	neg	1.0
通科技	pos	1.0
爆炸事件	neg	1.0
营销	neg	1.0
媒体报道	neg	1.0
山火	neg	1.0
亿纬锂	pos	1.0
联动	pos	1.0
热度	pos	1.0
贡献	pos	1.0
沿海	neg	1.0
合计	neg	1.0
离场	neg	1.0
愈演愈烈	neg	1.0
骗局	neg	1.0
下半年	pos	1.0
调研	pos	1.0
登顶	pos	1.0
连亏	neg	1.0
何时	neg	1.0
局面	neg	1.0
交出	pos	1.0
以下	pos	1.0
周初	neg	1.0
第二季度	pos	1.0
物理	pos	1.0
扭亏为盈	pos	1.0
债市	neg	1.0
年报	neg	1.0
宣布	pos	1.0
简化	pos	1.0
其他	neg	1.0
基板	pos	1.0
美媒	neg	1.0
中公	neg	1.0
不好	neg	1.0
内讧	neg	1.0
连锁反应	neg	1.0
黑客攻击	neg	1.0
份额	pos	1.0
今年	pos	1.0
光伏	pos	1.0
熊本县	neg	1.0
上行	pos	1.0
巴勒斯坦	neg	1.0
首批	pos	1.0
可能性	neg	1.0
架构	pos	1.0
中亚	pos	1.0
下一代	pos	1.0
华龙	pos	1.0
中邮	pos	1.0
反攻	pos	1.0
利润	pos	1.0
世界	pos	1.0
必选	pos	1.0
成本上升	neg	1.0
行情	pos	1.0
回收	pos	1.0
指出	neg	1.0
多次	neg	1.0
引爆	pos	1.0
罗马尼亚	neg	1.0
一所	neg	1.0
招聘	neg	1.0
频发	neg	1.0
误判	neg	1.0
今晚	neg	1.0
一栋	neg	1.0
铁路	pos	1.0
南新	neg	1.0
火车	neg	1.0
申通	neg	1.0
转负	neg	1.0
打乱	neg	1.0
宜宾	neg	1.0
到位	neg	1.0
新赛	neg	1.0
措手不及	neg	1.0
下修	neg	1.0
绑架	neg	1.0
下方	neg	1.0
确诊	pos	1.0
一流	pos	1.0
日常	pos	1.0
亿枚	pos	1.0
感谢	pos	1.0
鱼队	pos	1.0
并举	pos	1.0
定位	pos	1.0
隐患	neg	1.0
违法行为	neg	1.0
挤压	neg	1.0
国盛	neg	1.0
涉案	neg	1.0
景区	neg	1.0
国泰	pos	1.0
黄金价格	neg	1.0
中企	neg	1.0
没有	neg	1.0
渗透率	pos	1.0
制冷剂	pos	1.0
数字	pos	1.0
总经理	neg	1.0
电解液	pos	1.0
鼓励	pos	1.0
再迎	pos	1.0
出炉	pos	1.0
趋于	neg	1.0
官方	neg	1.0
浙江	neg	1.0
认购	pos	1.0
为期	pos	1.0
印度	neg	1.0
响尾蛇	pos	1.0
内存条	neg	1.0
江波	pos	1.0
河北	neg	1.0
调低	neg	1.0
致力于	pos	1.0
整合	pos	1.0
呈现	pos	1.0
理由	pos	1.0
亿万富翁	pos	1.0
合同纠纷	neg	1.0
枪击案	neg	1.0
暴雷	neg	1.0
好于	pos	1.0
重点	pos	1.0
华为	pos	1.0
规定	neg	1.0
贸易额	pos	1.0
戴夫	neg	1.0
四川	neg	1.0
旺盛	pos	1.0
助推	pos	1.0
千亿	pos	1.0
海洋	pos	1.0
边境	neg	1.0
续约	pos	1.0
四倍	pos	1.0
运载火箭	pos	1.0
重拾	pos	1.0
雷电	neg	1.0
付出	neg	1.0
非常	pos	1.0
金山	pos	1.0
航图	neg	1.0
震惊	neg	1.0
工作人员	neg	1.0
警戒线	neg	1.0
吉林	neg	1.0
重拳	neg	1.0
交易商	neg	1.0
间谍活动	neg	1.0
敲响	neg	1.0
亮相	pos	1.0
较大	neg	1.0
密集	pos	1.0
策略	pos	1.0
黑客	neg	1.0
锁定	pos	1.0
渤海	neg	1.0
家庭	neg	1.0
目标价	pos	1.0
期货	neg	1.0
日均	pos	1.0
推荐	pos	1.0
光大	neg	1.0
抄底	neg	1.0
纳米	pos	1.0
成就	pos	1.0
加元	neg	1.0
单日	pos	1.0
技术性	neg	1.0
喜忧参半	neg	1.0
对话	pos	1.0
收获	pos	1.0
克价	neg	1.0
兑现	pos	1.0
不断	pos	1.0
坏消息	neg	1.0
百货	pos	1.0
接口	pos	1.0
探底	pos	1.0
电力设备	pos	1.0
方案	pos	1.0
量子	pos	1.0
阻力	neg	1.0
电容	pos	1.0
发财	neg	1.0
抵御	pos	1.0
半导	pos	1.0
筹集	pos	1.0
再度	neg	1.0
独家	pos	1.0
拦截	neg	1.0
农民	neg	1.0
回报	pos	1.0
智利	neg	1.0
帮助	pos	1.0
当地	neg	1.0
通道	pos	1.0
司机	neg	1.0
改造	pos	1.0
马林	pos	1.0
下令	neg	1.0
军舰	neg	1.0
打破	pos	1.0
炸弹	neg	1.0
论坛	pos	1.0
曝光	neg	1.0
拉动	pos	1.0
支持率	neg	1.0
国防部长	neg	1.0
关联	neg	1.0
平滑	neg	1.0
国际足联	neg	1.0
践行	pos	1.0
铸造	pos	1.0
数百人	neg	1.0
获刑	neg	1.0
数字化	pos	1.0
力克	pos	1.0
检测	pos	1.0
投降	neg	1.0
迎新	pos	1.0
阻挠	neg	1.0
差错	neg	1.0
艰巨	neg	1.0
安全事件	neg	1.0
重返	pos	1.0
岗位	neg	1.0
脑机	pos	1.0
美日	neg	1.0
征程	pos	1.0
出台	pos	1.0
赤字	neg	1.0
思科	pos	1.0
审计	neg	1.0
敦促	pos	1.0
海关	neg	1.0
消退	neg	1.0
浪潮	pos	1.0
分析师	pos	1.0
重工	pos	1.0
金正恩	pos	1.0
看空	neg	1.0
法庭	neg	1.0
半年度	pos	1.0
房价	neg	1.0
日起	neg	1.0
结构	pos	1.0
价格	neg	1.0
英雄	pos	1.0
更强	pos	1.0
安排	pos	1.0
汽油	neg	1.0
汽车出口	pos	1.0
连胜	pos	1.0
授权	pos	1.0
双向	pos	1.0
甲骨文	neg	1.0
获益	pos	1.0
经销商	neg	1.0
联想	pos	1.0
字节	pos	1.0
化工行业	pos	1.0
盟友	neg	1.0
俄方	neg	1.0
出厂价格	neg	1.0
脆弱性	neg	1.0
载有	neg	1.0
质量	pos	1.0
酷暑	neg	1.0
不幸	neg	1.0
执法局	neg	1.0
储罐	neg	1.0
野火	neg	1.0
虐待	neg	1.0
父母	neg	1.0
皇台	neg	1.0
深耕	pos	1.0
新浪	neg	1.0
之前	pos	1.0
畅通	pos	1.0
梅开二度	pos	1.0
为时已晚	pos	1.0
钻石	pos	1.0
无视	neg	1.0
扎实	pos	1.0
对外开放	pos	1.0
独角兽	pos	1.0
华虹	pos	1.0
纪录	pos	1.0
收成	neg	1.0
影石	neg	1.0
诞生	pos	1.0
温和	pos	1.0
显示	neg	1.0
缓和	neg	1.0
首次	pos	1.0
回购	pos	1.0
居民消费	pos	1.0
倡议	pos	1.0
搜查	neg	1.0
业态	pos	1.0
光子	pos	1.0
松动	neg	1.0
开拓	pos	1.0
涨跌互现	neg	1.0
解决方案	pos	1.0
因对	neg	1.0
趋缓	neg	1.0
县域	pos	1.0
月球	pos	1.0
糖价	neg	1.0
软件	pos	1.0
摆脱	pos	1.0
举报	neg	1.0
车辆	neg	1.0
榜首	pos	1.0
十足	pos	1.0
进步	pos	1.0
金融服务	pos	1.0
资金外流	neg	1.0
风华高科	pos	1.0
余震	neg	1.0
数百个	neg	1.0
详情	neg	1.0
闪迪	pos	1.0
矿难	neg	1.0
购物中心	neg	1.0
浮盈	pos	1.0
降级	neg	1.0
因伤	neg	1.0
两架	neg	1.0
难耐	neg	1.0
程序化	pos	1.0
内塔尼亚胡	neg	1.0
尔特	neg	1.0
分子	neg	1.0
市场疲软	neg	1.0
三星电子	pos	1.0
许可	pos	1.0
影响力	pos	1.0
中欧	pos	1.0
货币	neg	1.0
印尼	neg	1.0
前夕	neg	1.0
全新	pos	1.0
走涨	pos	1.0
迹象	neg	1.0
确定性	pos	1.0
以旧换新	pos	1.0
跳动	pos	1.0
连续	pos	1.0
困扰	neg	1.0
博览会	pos	1.0
稳居	pos	1.0
航空航天	pos	1.0
大湾	pos	1.0
中一签	pos	1.0
情况	neg	1.0
所致	neg	1.0
发行	pos	1.0
护航	pos	1.0
行动	neg	1.0
舆论	neg	1.0
降雨量	neg	1.0
年轻人	neg	1.0
亿桶	neg	1.0
英镑	neg	1.0
不明朗	neg	1.0
破发	neg	1.0
批量	pos	1.0
横扫	pos	1.0
齐涨	pos	1.0
极具	pos	1.0
联合声明	pos	1.0
游骑兵	pos	1.0
水手队	pos	1.0
经济	neg	1.0
违规行为	neg	1.0
委内瑞拉	neg	1.0
累计	neg	1.0
纸业	neg	1.0
妇女	neg	1.0
黑海	neg	1.0
告急	neg	1.0
排名	pos	1.0
促使	neg	1.0
梅西	pos	1.0
开发	pos	1.0
霍尼韦尔	pos	1.0
复苏	pos	1.0
首家	pos	1.0
广州	pos	1.0
伯格	neg	1.0
对峙	neg	1.0
共识	pos	1.0
长线	pos	1.0
裁定	neg	1.0
多措	pos	1.0
瞄准	pos	1.0
国际化	pos	1.0
难解	neg	1.0
复活节	neg	1.0
飘绿	neg	1.0
隐瞒	neg	1.0
威尔	pos	1.0
阵痛	neg	1.0
波折	neg	1.0
避雷针	neg	1.0
版本	pos	1.0
冷淡	neg	1.0
饥饿	neg	1.0
轰炸机	neg	1.0
丰富	pos	1.0
欧方	pos	1.0
最强	pos	1.0
越来越	neg	1.0
整治	neg	1.0
可以	pos	1.0
人们	neg	1.0
召开	pos	1.0
拐点	pos	1.0
达成协议	pos	1.0
药业	pos	1.0
不会	neg	1.0
前景	neg	1.0
最终	pos	1.0
寒武纪	pos	1.0
延长	pos	1.0
江苏	neg	1.0
集体	pos	1.0
数百万	neg	1.0
退休	neg	1.0
道琼斯	pos	1.0
人数	neg	1.0
愤怒	neg	1.0
传播	neg	1.0
率先	pos	1.0
首份	pos	1.0
恶意	neg	1.0
地位	pos	1.0
缩小	pos	1.0
关停	neg	1.0
整改	neg	1.0
伊斯兰	neg	1.0
阻止	neg	1.0
矿业	pos	1.0
香港	pos	1.0
三年	pos	1.0
有误	neg	1.0
骚乱	neg	1.0
兼职	neg	1.0
哀悼	neg	1.0
新华	pos	1.0
韩国	neg	1.0
惨烈	neg	1.0
沮丧	neg	1.0
谣言	neg	1.0
石油危机	neg	1.0
格什姆岛	neg	1.0
齐跌	neg	1.0
东盟	pos	1.0
中共	neg	1.0
监管部门	neg	1.0
约旦河西岸	neg	1.0
一辈子	pos	1.0
害群之马	pos	1.0
便利化	pos	1.0
最好	pos	1.0
惊艳	pos	1.0
猪价	neg	1.0
取得胜利	pos	1.0
经纪	neg	1.0
掩盖	neg	1.0
交大	neg	1.0
再涨	pos	1.0
华源	pos	1.0
扬基	pos	1.0
在岸	pos	1.0
船员	neg	1.0
遇冷	neg	1.0
熊市	neg	1.0
尴尬	neg	1.0
搜救	neg	1.0
小于	neg	1.0
大单	pos	1.0
花费	pos	1.0
政金债	pos	1.0
覆盖范围	pos	1.0
德明利	pos	1.0
词元	pos	1.0
农产品	pos	1.0
空头	neg	1.0
预增超	pos	1.0
元件	pos	1.0
国家统计局	pos	1.0
维斯帕	neg	1.0
房贷	neg	1.0
使馆	neg	1.0
特别	neg	1.0
刚果	neg	1.0
航行	neg	1.0
协调	pos	1.0
不错	pos	1.0
重回	pos	1.0
转涨	pos	1.0
控股公司	pos	1.0
药品	pos	1.0
金属	pos	1.0
激活	pos	1.0
造谣	neg	1.0
今日	pos	1.0
万亿韩元	pos	1.0
日圓	neg	1.0
品类	pos	1.0
健康	pos	1.0
各项	pos	1.0
事务所	neg	1.0
枪手	neg	1.0
惨遭	neg	1.0
卫生部	neg	1.0
交易价格	neg	1.0
招致	neg	1.0
挪用	neg	1.0
三家	neg	1.0
因在	neg	1.0
通洲	neg	1.0
急跌	neg	1.0
天宜	neg	1.0
晋江	neg	1.0
南京路	neg	1.0
票房	pos	1.0
宝宝	neg	1.0
西班牙	neg	1.0
国际清算银行	neg	1.0
高官	neg	1.0
记者	neg	1.0
州长	neg	1.0
伙伴	pos	1.0
接受	neg	1.0
埃森哲	neg	1.0
印尼盾	neg	1.0
他们	neg	1.0
存储器	pos	1.0
开设	pos	1.0
大放异彩	pos	1.0
一带	pos	1.0
海关总署	pos	1.0
爆单	pos	1.0
要约	pos	1.0
中标	pos	1.0
伯恩斯坦	pos	1.0
爆发式	pos	1.0
引入	pos	1.0
火力	pos	1.0
共和党人	neg	1.0
精彩	pos	1.0
筑牢	pos	1.0
福建	neg	1.0
施贵宝	pos	1.0
前列	pos	1.0
纽约	neg	1.0
海力士	pos	1.0
收高	pos	1.0
短期内	neg	1.0
电子信息	pos	1.0
汇市	neg	1.0
并购	pos	1.0
昔日	neg	1.0
战略性	pos	1.0
过热	neg	1.0
增近	pos	1.0
债券市场	neg	1.0
茅台	pos	1.0
有人	neg	1.0
指导	pos	1.0
最新	pos	1.0
专访	pos	1.0
大会	pos	1.0
微涨	pos	1.0
一度	pos	1.0
模态	pos	1.0
并未	neg	1.0
及其	neg	1.0
再次	neg	1.0
施压	neg	1.0
全球化	pos	1.0
认为	pos	1.0
非理性	neg	1.0
有没有	neg	1.0
政府	neg	1.0
兑换	neg	1.0
领空	neg	1.0
出口量	pos	1.0
海啸	neg	1.0
侵蚀	neg	1.0
罢免	neg	1.0
万名	neg	1.0
乘客	neg	1.0
货轮	neg	1.0
适得其反	neg	1.0
雪上加霜	neg	1.0
深度	neg	1.0
柠檬	neg	1.0
亏掉	neg	1.0
履职	neg	1.0
歧视	neg	1.0
忧心忡忡	neg	1.0
多头	neg	1.0
貨幣	neg	1.0
民用	neg	1.0
追责	neg	1.0
双汇	neg	1.0
不变	neg	1.0
深圳	pos	1.0
石油市场	neg	1.0
巴士	neg	1.0
领衔	pos	1.0
恶劣	neg	1.0
属实	neg	1.0
战机	neg	1.0
认识	pos	1.0
力求	pos	1.0
实体	pos	1.0
赚钱	pos	1.0
峰值	neg	1.0
鹰派	neg	1.0
海岸	neg	1.0
航母	neg	1.0
付出代价	neg	1.0
反垄断	neg	1.0
急剧	neg	1.0
位数	neg	1.0
集群	pos	1.0
日报	pos	1.0
霍尔木兹	neg	1.0
百亿	pos	1.0
首选	pos	1.0
仍持	pos	1.0
好消息	pos	1.0
鸿蒙	pos	1.0
国联安	pos	1.0
敲定	pos	1.0
伊博	neg	1.0
背后	neg	1.0
快速	pos	1.0
一审	neg	1.0
四家	neg	1.0
变动	neg	1.0
艾伯维	pos	1.0
上榜	pos	1.0
日获	pos	1.0
注册量	pos	1.0
万家	pos	1.0
加权	pos	1.0
投资选择	pos	1.0
逆市	pos	1.0
生物制药	pos	1.0
排产	pos	1.0
阿里	pos	1.0
目标	pos	1.0
公募	pos	1.0
跨国	neg	1.0
僵局	neg	1.0
总理	neg	1.0
媒体	neg	1.0
有利	pos	1.0
情绪	neg	1.0
供需	neg	1.0
平衡	pos	1.0
市长	neg	1.0
可控	pos	1.0
受美伊	neg	1.0
全球	pos	1.0
挫败	neg	1.0
逻辑	pos	1.0
球员	neg	1.0
紧缺	neg	1.0
小型	neg	1.0
专题	pos	1.0
汽车	pos	1.0
反亏	neg	1.0
重伤	neg	1.0
瞬间	neg	1.0
人因	neg	1.0
减至	neg	1.0
踩踏	neg	1.0
防务	pos	1.0
危害	neg	1.0
恐慌性	neg	1.0
实为	neg	1.0
最惨	neg	1.0
惩罚	neg	1.0
承受	neg	1.0
年来	neg	1.0
扭曲	neg	1.0
贸易	pos	1.0
深层	neg	1.0
失事	neg	1.0
博沃	neg	1.0
儿子	neg	1.0
可怕	neg	1.0
军事基地	neg	1.0
难阻	neg	1.0
便宜	pos	1.0
友好	pos	1.0
势不可挡	pos	1.0
互联	pos	1.0
节省	pos	1.0
医疗	pos	1.0
青少年	neg	1.0
中航	pos	1.0
冲击	neg	1.0
小麦	neg	1.0
恒生指数	neg	1.0
即期	pos	1.0
功率	pos	1.0
玻璃	pos	1.0
健全	pos	1.0
仓库	neg	1.0
刷新	pos	1.0
通关	pos	1.0
药企	pos	1.0
股价指数	pos	1.0
气候变化	neg	1.0
前往	neg	1.0
委员	neg	1.0
每股	pos	1.0
愿意	pos	1.0
充电	pos	1.0
全资	pos	1.0
市场份额	pos	1.0
见闻	pos	1.0
天花板	neg	1.0
昂立	neg	1.0
不了	neg	1.0
得到	pos	1.0
驾车	neg	1.0
焦煤	neg	1.0
市場	neg	1.0
死刑	neg	1.0
标普	pos	1.0
套利	neg	1.0
期价	neg	1.0
暂未	neg	1.0
楼市	pos	1.0
运输机	neg	1.0
恒生	pos	1.0
占领	neg	1.0
轰炸	neg	1.0
开战	neg	1.0
跨越	pos	1.0
品牌	pos	1.0
境内	neg	1.0
恐怖主义	neg	1.0
高市	neg	1.0
真相	neg	1.0
新西兰元	neg	1.0
小马	pos	1.0
老铺	neg	1.0
切实	pos	1.0
企业级	pos	1.0
棘手	neg	1.0
寻求	pos	1.0
外资项目	pos	1.0
高性能	pos	1.0
集成	pos	1.0
跃迁	pos	1.0
再添	pos	1.0
普惠	pos	1.0
开门红	pos	1.0
中间价	pos	1.0
深入	pos	1.0
衣食无忧	pos	1.0
赞扬	pos	1.0
实践	pos	1.0
变得	neg	1.0
宅地	pos	1.0
端侧	pos	1.0
蓝图	pos	1.0
一图	pos	1.0
寻找	neg	1.0
扎克	neg	1.0
国信	pos	1.0
阿里巴巴	pos	1.0
停牌	neg	1.0
芝加哥	neg	1.0
气温	neg	1.0
多空	neg	1.0
专项	pos	1.0
不到	neg	1.0
大面积	neg	1.0
交易量	pos	1.0
辞职	neg	1.0
巨大	neg	1.0
露露	neg	1.0
清仓	neg	1.0
胜出	pos	1.0
文旅	pos	1.0
龙头企业	pos	1.0
电源	pos	1.0
新进展	pos	1.0
网上	pos	1.0
亮点	pos	1.0
主席	pos	1.0
交易	neg	1.0
建成	pos	1.0
反制	neg	1.0
套现	neg	1.0
胜者	neg	1.0
制程	pos	1.0
巴基斯坦	neg	1.0
胜诉	pos	1.0
火爆	pos	1.0
区块	pos	1.0
凯文	neg	1.0
紧缩	neg	1.0
间谍	neg	1.0
短线	pos	1.0
居民	neg	1.0
提价	pos	1.0
抗生素	neg	1.0
成员	neg	1.0
回报率	pos	1.0
该股	pos	1.0
东吴	pos	1.0
实力	pos	1.0
左右	neg	1.0
只会	neg	1.0
肯尼亚	neg	1.0
天使	pos	1.0
航空运输	neg	1.0
价格指数	pos	1.0
嫌犯	neg	1.0
牧原	neg	1.0
女童	neg	1.0
王有	neg	1.0
伊媒	neg	1.0
两重天	neg	1.0
转板	neg	1.0
杰富瑞	pos	1.0
已处	neg	1.0
公职	neg	1.0
南海	neg	1.0
冲击波	neg	1.0
贸易壁垒	neg	1.0
情形	neg	1.0
斯威夫特	neg	1.0
塔利班	neg	1.0
巨人队	pos	1.0
一枚	neg	1.0
三连跌	neg	1.0
意见分歧	neg	1.0
万事达卡	pos	1.0
负于	neg	1.0
停摆	neg	1.0
蒙受损失	neg	1.0
黑色金属	neg	1.0
美元汇率	neg	1.0
神州	pos	1.0
群众	pos	1.0
探索	pos	1.0
微软	pos	1.0
病例	pos	1.0
卫生	neg	1.0
走软	neg	1.0
施工	neg	1.0
站稳	pos	1.0
仿生	pos	1.0
初创	pos	1.0
树立	pos	1.0
商务	pos	1.0
作文	neg	1.0
强生	pos	1.0
国家邮政局	neg	1.0
范式	pos	1.0
百时	pos	1.0
发射	pos	1.0
回归	pos	1.0
蓬勃发展	pos	1.0
新一轮	neg	1.0
委员会	neg	1.0
月底	pos	1.0
平台	pos	1.0
美国最高法院	pos	1.0
散户	neg	1.0
土耳其	neg	1.0
医疗器械	pos	1.0
动力电池	pos	1.0
原生	pos	1.0
研判	pos	1.0
总量	pos	1.0
跨国公司	pos	1.0
加持	pos	1.0
生物医药	pos	1.0
体验	pos	1.0
一路	pos	1.0
枢纽	pos	1.0
铺平道路	pos	1.0
增发	pos	1.0
代理	pos	1.0
流程	pos	1.0
酿酒	pos	1.0
反应	neg	1.0
清晰	pos	1.0
机密	neg	1.0
财说	neg	1.0
骤增	neg	1.0
退款	neg	1.0
难求	neg	1.0
大楼	neg	1.0
错配	neg	1.0
窄幅	neg	1.0
榜单	pos	1.0
就是	pos	1.0
时起	neg	1.0
迫在眉睫	neg	1.0
缺阵	neg	1.0
抹黑	neg	1.0
拓维	neg	1.0
维和	neg	1.0
不实	neg	1.0
投入	pos	1.0
后悔	neg	1.0
卡塔尔	neg	1.0
扣押	neg	1.0
军用	neg	1.0
最后通牒	neg	1.0
女子	neg	1.0
现金流	pos	1.0
苏丹	neg	1.0
原油期货	neg	1.0
不可	neg	1.0
成绩单	pos	1.0
准备	pos	1.0
查获	neg	1.0
到底	neg	1.0
希捷	pos	1.0
美油	neg	1.0
金融股	pos	1.0
黄仁勋	pos	1.0
药物	pos	1.0
方向	pos	1.0
创始人	neg	1.0
埃尼	pos	1.0
中际旭	pos	1.0
非银	pos	1.0
争端	neg	1.0
财年	pos	1.0
皇家	pos	1.0
到期	neg	1.0
江西	neg	1.0
解禁	neg	1.0
青睐	pos	1.0
台湾	neg	1.0
重大	neg	1.0
今年以来	pos	1.0
信号	neg	1.0
收缩	neg	1.0
合法	pos	1.0
金融中心	pos	1.0
预售	pos	1.0
上汽	pos	1.0
银华	pos	1.0
周涨	pos	1.0
三维	pos	1.0
只高	pos	1.0
家族	neg	1.0
迈进	pos	1.0
较强	pos	1.0
兴趣	pos	1.0
滞后	neg	1.0
保荐	neg	1.0
紫金	pos	1.0
一夜	neg	1.0
营业部	neg	1.0
英格兰银行	neg	1.0
小盘股	pos	1.0
中资	neg	1.0
意义	pos	1.0
反对派	neg	1.0
长征	pos	1.0
污染	neg	1.0
高频	pos	1.0
获超	pos	1.0
第三次	neg	1.0
全方位	pos	1.0
见证	pos	1.0
独特	pos	1.0
底座	pos	1.0
数智	pos	1.0
三只	pos	1.0
卓越	pos	1.0
顽强	pos	1.0
混合	pos	1.0
新篇章	pos	1.0
学者	neg	1.0
逐年	pos	1.0
脱颖而出	pos	1.0
不动产	pos	1.0
新药	pos	1.0
开通	pos	1.0
交易额	pos	1.0
晶圆厂	pos	1.0
生产	pos	1.0
发表	neg	1.0
加大力度	pos	1.0
伊拉克	neg	1.0
中报	pos	1.0
住宅	neg	1.0
五大	neg	1.0
据报	neg	1.0
特稿	neg	1.0
五成	pos	1.0
第四	pos	1.0
接入	pos	1.0
对决	pos	1.0
传闻	neg	1.0
暗藏	neg	1.0
举步维艰	neg	1.0
令人震惊	neg	1.0
周刊	neg	1.0
毕马威	neg	1.0
白宫	neg	1.0
有助于	pos	1.0
大臣	neg	1.0
波士顿	neg	1.0
林火	neg	1.0
几近	neg	1.0
妨碍	neg	1.0
犯有	neg	1.0
激怒	neg	1.0
降落	neg	1.0
对谷歌	neg	1.0
灾难性	neg	1.0
严查	neg	1.0
愚蠢	neg	1.0
预算	neg	1.0
未经	neg	1.0
再陷	neg	1.0
流离失所	neg	1.0
艾滋病	neg	1.0
水域	neg	1.0
抉择	neg	1.0
监狱	neg	1.0
扛不住	neg	1.0
科学研究	neg	1.0
家中	neg	1.0
非法经营	neg	1.0
未见	neg	1.0
降费	neg	1.0
更加	pos	1.0
团伙	neg	1.0
金条	neg	1.0
止跌	neg	1.0
资产	pos	1.0
饱和	neg	1.0
罚金	neg	1.0
科指	neg	1.0
黑色星期	neg	1.0
海警	neg	1.0
参半	neg	1.0
现场	neg	1.0
加油站	neg	1.0
再起	neg	1.0
新华社	neg	1.0
生产力	pos	1.0
高油价	neg	1.0
流动性	neg	1.0
标志	pos	1.0
沉默	neg	1.0
转正	pos	1.0
变数	neg	1.0
事实	neg	1.0
普拉	neg	1.0
和谈	neg	1.0
之中	neg	1.0
股份	pos	1.0
过去	pos	1.0
道歉	neg	1.0
反映	neg	1.0
领土	neg	1.0
坚实	pos	1.0
人生	pos	1.0
托管	pos	1.0
悄然	pos	1.0
低成本	pos	1.0
私人	neg	1.0
迅猛	pos	1.0
双边关系	pos	1.0
关键技术	pos	1.0
不够	neg	1.0
眼镜	pos	1.0
优秀	pos	1.0
加税	pos	1.0
标杆	pos	1.0
高企	neg	1.0
主动	pos	1.0
端午	pos	1.0
各地	neg	1.0
美国移民	neg	1.0
阿尔巴尼亚	neg	1.0
海湾地区	neg	1.0
另有	neg	1.0
抱怨	neg	1.0
大力	pos	1.0
演员	neg	1.0
放宽	pos	1.0
等级	neg	1.0
华盛顿州	neg	1.0
余人	neg	1.0
经贸关系	pos	1.0
仔猪	neg	1.0
荒谬	neg	1.0
交流	pos	1.0
两家	neg	1.0
之间	neg	1.0
出口	pos	1.0
丰业	pos	1.0
喜欢	pos	1.0
黄金	neg	1.0
胜宏	pos	1.0
成交	pos	1.0
普遍	neg	1.0
提交	pos	1.0
希望	pos	1.0
马丁	pos	1.0
重振	pos	1.0
适应症	pos	1.0
保险	pos	1.0
猛增	pos	1.0
尼克斯	pos	1.0
齐发	neg	1.0
距离	pos	1.0
经济学家	neg	1.0
迪拜	neg	1.0
至约	pos	1.0
百济	pos	1.0
军事行动	neg	1.0
饱满	pos	1.0
制定	pos	1.0
暂无	neg	1.0
希尔	pos	1.0
燃料	neg	1.0
滞胀	neg	1.0
所谓	neg	1.0
主因	neg	1.0
新机遇	pos	1.0
商船	neg	1.0
海湾	neg	1.0
好转	pos	1.0
部署	pos	1.0
税务	neg	1.0
农林牧渔	neg	1.0
崛起	pos	1.0
宇树	pos	1.0
价格战	neg	1.0
医疗保健	pos	1.0
本周	neg	1.0
玉米价格	neg	1.0
负荷	pos	1.0
并非	neg	1.0
增大	neg	1.0
法院	neg	1.0
二级	neg	1.0
法拉奇	neg	1.0
维持	pos	1.0
蓝鸟	pos	1.0
集锦	neg	1.0
交通	neg	1.0
电子商务	pos	1.0
四月	pos	1.0
吉利	pos	1.0
马斯克	pos	1.0
催化剂	pos	1.0
仲裁	neg	1.0
确保	pos	1.0
经济体	neg	1.0
取胜	pos	1.0
临时	neg	1.0
第二	pos	1.0
巴拿马	neg	1.0
更大	neg	1.0
过程	neg	1.0
卢比	neg	1.0
斯塔	neg	1.0
中国人民银行	pos	1.0
加征	pos	1.0
罪状	neg	1.0
英姿飒爽	pos	1.0
有礼	pos	1.0
易如反掌	pos	1.0
为人正直	pos	1.0
心地纯良	pos	1.0
昭然若揭	neg	1.0
有口无心	neg	1.0
有眼力	pos	1.0
异彩纷呈	pos	1.0
学富五车	pos	1.0
心灵美	pos	1.0
香馥馥	pos	1.0
味道好	pos	1.0
手脚不干净	neg	1.0
索然寡味	neg	1.0
死板板	neg	1.0
松垮垮	neg	1.0
危在旦夕	neg	1.0
无纪律	neg	1.0
无实质	neg	1.0
有勇气	pos	1.0
玄妙	neg	1.0
罪恶多端	neg	1.0
皱巴	neg	1.0
臭名昭彰	neg	1.0
腐化堕落	neg	1.0
荒淫无度	neg	1.0
可骇	neg	1.0
狂恣	neg	1.0
一塌糊涂	neg	1.0
只顾自身利益	neg	1.0
一个心眼儿	pos	1.0
有头脑	pos	1.0
欣欣向荣	pos	1.0
奇丑无比	neg	1.0
弱智	neg	1.0
色迷迷	neg	1.0
喧天	neg	1.0
捉摸不定	neg	1.0
擅场	pos	1.0
鼠胆	neg	1.0
心胸狭隘	neg	1.0
性格内向	neg	1.0
气度恢宏	pos	1.0
越轨	neg	1.0
完美无疵	pos	1.0
无上光荣	pos	1.0
有嘴无心	pos	1.0
逸乐	pos	1.0
心宽	pos	1.0
无污染	pos	1.0
无拘束	pos	1.0
闻过则喜	pos	1.0
谈吐不俗	pos	1.0
哀莫大于心死	neg	1.0
安邦定国	pos	1.0
我武惟扬	pos	1.0
乃心王室	pos	1.0
尽忠报国	pos	1.0
杀身报国	pos	1.0
忧国忘身	pos	1.0
济世经邦	pos	1.0
兴利除弊	pos	1.0
猫鼠同处	neg	1.0
出疆载质	neg	1.0
委国听令	neg	1.0
立国安邦	pos	1.0
尊崇	pos	1.0
万寿无疆	pos	1.0
望眼欲穿	pos	1.0
白璧无暇	pos	1.0
不同凡响	pos	1.0
流芳百世	pos	1.0
盛名	pos	1.0
圣人	pos	1.0
流芳千古	pos	1.0
精美绝伦	pos	1.0
鹤立鸡群	pos	1.0
暴跳如雷	neg	1.0
伤天害理	neg	1.0
作践	neg	1.0
切齿腐心	neg	1.0
令人作呕	neg	1.0
愁肠寸断	neg	1.0
无面目见江东父老	neg	1.0
船到江心补漏迟	neg	1.0
心如火焚	neg	1.0
欺瞒夹账	neg	1.0
卖官鬻狱	neg	1.0
卖友求荣	neg	1.0
斫雕为朴	pos	1.0
金迷纸醉	neg	1.0
驰名天下	pos	1.0
名标青史	pos	1.0
仓卒应战	neg	1.0
结党营私	neg	1.0
天府之国	pos	1.0
陆海潘江	pos	1.0
神机妙算	pos	1.0
卓荦超伦	pos	1.0
彪炳千古	pos	1.0
赞不绝口	pos	1.0
可操左券	pos	1.0
功高不赏	pos	1.0
卧薪尝胆	pos	1.0
怙恶不悛	neg	1.0
引狗入寨	neg	1.0
虚情假意	neg	1.0
身先士卒	pos	1.0
爱老虎油	pos	1.0
灭绝人性	neg	1.0
奸险	neg	1.0
奸诈	neg	1.0
陋习	neg	1.0
猥鄙	neg	1.0
非人	neg	1.0
国耻	neg	1.0
观止	pos	1.0
贺喜	pos	1.0
缺点	neg	1.0
虚伪	neg	1.0
遗臭万年	neg	1.0
赘疣	neg	1.0
鼠辈	neg	1.0
功德	pos	1.0
天香国色	pos	1.0
蠢动	neg	1.0
功勋	pos	1.0
烦扰	neg	1.0
祸胎	neg	1.0
畜生	neg	1.0
有口皆碑	pos	1.0
天衣无缝	pos	1.0
见不得人	neg	1.0
恢弘	pos	1.0
罪孽	neg	1.0
作死	neg	1.0
无双	pos	1.0
佼佼	pos	1.0
赞服	pos	1.0
秉性剌戾	neg	1.0
秀色可餐	pos	1.0
郑重其事	pos	1.0
手无缚鸡之力	neg	1.0
太随便	neg	1.0
蜕化变质	neg	1.0
唯我独尊	neg	1.0
惨无人道	neg	1.0
罪恶深重	neg	1.0
臭气冲天	neg	1.0
大错而特错	neg	1.0
道德败坏	neg	1.0
腐朽没落	neg	1.0
毫无价值	neg	1.0
荒诞无稽	neg	1.0
智勇双全	pos	1.0
骇然失色	neg	1.0
后悔莫及	neg	1.0
奸恶	neg	1.0
乱虐并生	neg	1.0
猫哭老鼠	neg	1.0
一无所长	neg	1.0
一刻千金	pos	1.0
囚首垢面	neg	1.0
十恶不赦	neg	1.0
自命清高	neg	1.0
坦坦荡荡	pos	1.0
划时代	pos	1.0
极好	pos	1.0
价值千金	pos	1.0
金壁辉煌	pos	1.0
尽心尽力	pos	1.0
如鱼得水	pos	1.0
具有历史意义	pos	1.0
性情急躁	neg	1.0
万人空巷	pos	1.0
无容置疑	pos	1.0
仪表堂堂	pos	1.0
心口如一	pos	1.0
忧国恤民	pos	1.0
破家危国	neg	1.0
误国殄民	neg	1.0
乾坤再造	pos	1.0
鱼水情深	pos	1.0
甜犊情深	pos	1.0
敬仰	pos	1.0
百里挑一	pos	1.0
文豪	pos	1.0
医圣	pos	1.0
青史名垂	pos	1.0
登峰造极	pos	1.0
民怨沸腾	neg	1.0
残暴	neg	1.0
倒行逆施	neg	1.0
老奸巨滑	neg	1.0
罄竹难书	neg	1.0
阴险	neg	1.0
众叛亲离	neg	1.0
罪在不赦	neg	1.0
剥皮抽筋	neg	1.0
贱货	neg	1.0
手忙脚乱	neg	1.0
日月无光	neg	1.0
人人得而诛之	neg	1.0
补天浴日	pos	1.0
三过其门而不入	pos	1.0
生灵涂炭	neg	1.0
臭不可当	neg	1.0
名垂竹帛	pos	1.0
莺歌燕舞	pos	1.0
金声玉振	pos	1.0
乱世英雄	pos	1.0
雄才大略	pos	1.0
出凡入圣	pos	1.0
锦绣前程	pos	1.0
功均天地	pos	1.0
盖世无双	pos	1.0
助桀为虐	neg	1.0
死不旋踵	pos	1.0
歹毒	neg	1.0
大错特错	neg	1.0
假大空	neg	1.0
国贼	neg	1.0
窃国	neg	1.0
胡作非为	neg	1.0
呕心沥血	pos	1.0
卑躬屈膝	neg	1.0
卑鄙	neg	1.0
名誉扫地	neg	1.0
气急败坏	neg	1.0
暴殄天物	neg	1.0
极致	pos	1.0
杀人不见血	neg	1.0
信口雌黄	neg	1.0
胆大妄为	neg	1.0
残渣余孽	neg	1.0
无赖	neg	1.0
鬼魔	neg	1.0
佳丽	pos	1.0
特级	pos	1.0
癖好	neg	1.0
罪责	neg	1.0
嘉尚	pos	1.0
鉴赏	pos	1.0
尽致	pos	1.0
巨子	pos	1.0
卑琐	neg	1.0
先公后私	pos	1.0
文武全才	pos	1.0
贤慧	pos	1.0
胸怀坦荡	pos	1.0
养尊处优	neg	1.0
有所作为	pos	1.0
有教养	pos	1.0
真心真意	pos	1.0
震古烁今	pos	1.0
幽默滑稽	pos	1.0
衣冠楚楚	pos	1.0
言简意赅	pos	1.0
香甜可口	pos	1.0
五彩纷呈	pos	1.0
嗜杀成性	neg	1.0
水火不相容	neg	1.0
死沉沉	neg	1.0
死心塌地	pos	1.0
随风使舵	neg	1.0
土得掉渣	neg	1.0
危如累卵	neg	1.0
无关痛痒	neg	1.0
无凭无据	neg	1.0
不足轻重	neg	1.0
玄而又玄	neg	1.0
嘀里嘟噜	neg	1.0
茕茕孑立	neg	1.0
装模作样	neg	1.0
阴险毒辣	neg	1.0
臭哄哄	neg	1.0
放诞	neg	1.0
过桥抽板	neg	1.0
至尊至贵	pos	1.0
秽亵	neg	1.0
抱憾终身	neg	1.0
面有难色	neg	1.0
行为不检	neg	1.0
眼光短浅	neg	1.0
令人窒息	neg	1.0
胸无点墨	neg	1.0
贼头贼脑	neg	1.0
虚无缥缈	neg	1.0
药到病除	pos	1.0
一呼百诺	pos	1.0
有能力	pos	1.0
有地位	pos	1.0
狞恶	neg	1.0
丧尽天良	neg	1.0
斯文扫地	neg	1.0
无端端	neg	1.0
喧噪	neg	1.0
一波三折	neg	1.0
直愣愣	neg	1.0
竹篮子打水	neg	1.0
冥顽不化	neg	1.0
蚍蜉撼大树	neg	1.0
丝毫不差	pos	1.0
如雷贯耳	pos	1.0
空前绝后	pos	1.0
四面楚歌	neg	1.0
心黑手辣	neg	1.0
气概不凡	pos	1.0
有害	neg	1.0
与虎谋皮	neg	1.0
贼去关门	neg	1.0
无比幸福	pos	1.0
优等	pos	1.0
学识渊博	pos	1.0
显耀	pos	1.0
无人不晓	pos	1.0
无偿	pos	1.0
铁打	pos	1.0
嫠不恤纬	pos	1.0
国尔忘家	pos	1.0
捐生殉国	pos	1.0
以身许国	pos	1.0
怀柔天下	pos	1.0
束杖理民	pos	1.0
海水群飞	neg	1.0
卖国求荣	neg	1.0
大喜过望	pos	1.0
欣喜若狂	pos	1.0
惊喜欲狂	pos	1.0
伟绩	pos	1.0
好整以暇	pos	1.0
无敌	pos	1.0
千古不朽	pos	1.0
完美无缺	pos	1.0
超群绝伦	pos	1.0
天下无双	pos	1.0
暴怒	neg	1.0
草菅人命	neg	1.0
毒辣	neg	1.0
人面兽心	neg	1.0
罪恶滔天	neg	1.0
视如粪土	neg	1.0
深仇大恨	neg	1.0
政荒民弊	neg	1.0
欺公罔上	neg	1.0
卖法市恩	neg	1.0
贪墨成风	neg	1.0
助天为虐	neg	1.0
浆酒霍肉	neg	1.0
瓜熟蒂落	pos	1.0
灭顶之灾	neg	1.0
残虐不仁	neg	1.0
图财害命	neg	1.0
雪虐风饕	neg	1.0
钻天入地	pos	1.0
才气过人	pos	1.0
绝世无双	pos	1.0
王佐之才	pos	1.0
感恩戴德	pos	1.0
吹灰之力	pos	1.0
以碫投卵	pos	1.0
功垂竹帛	pos	1.0
韦编三绝	pos	1.0
经始大业	pos	1.0
莫此为甚	neg	1.0
天诛地灭	neg	1.0
罪莫大焉	neg	1.0
身败名裂	neg	1.0
首肯心折	pos	1.0
玉昆金友	pos	1.0
履险如夷	pos	1.0
滚出去	neg	1.0
无法无天	neg	1.0
穷凶极恶	neg	1.0
狗彘不若	neg	1.0
诡计多端	neg	1.0
劣迹昭著	neg	1.0
不堪	neg	1.0
高士	pos	1.0
豪侠	pos	1.0
欢唱	pos	1.0
激越	pos	1.0
宠辱不惊	pos	1.0
诬陷	neg	1.0
暗箭	neg	1.0
起死回生	pos	1.0
丢丑	neg	1.0
万马奔腾	pos	1.0
肆无忌惮	neg	1.0
完美	pos	1.0
奴颜婢膝	neg	1.0
十拿九稳	pos	1.0
践踏	neg	1.0
恬不知耻	neg	1.0
当道	neg	1.0
无拘无束	pos	1.0
流毒	neg	1.0
奸邪	neg	1.0
奸佞	neg	1.0
痴心妄想	neg	1.0
如丧考妣	neg	1.0
光前裕后	pos	1.0
光耀	pos	1.0
公道	pos	1.0
佳节	pos	1.0
卑猥	neg	1.0
憋拗	neg	1.0
以德报怨	pos	1.0
为人宽厚	pos	1.0
文武双全	pos	1.0
小巧玲珑	pos	1.0
正大光明	pos	1.0
枝繁叶茂	pos	1.0
有血气	pos	1.0
因时制宜	pos	1.0
学有专长	pos	1.0
行云流水	pos	1.0
物阜民丰	pos	1.0
嗜血成性	neg	1.0
索然乏味	neg	1.0
死脑筋	neg	1.0
松垮	neg	1.0
随风转舵	neg	1.0
危机重重	neg	1.0
无涵养	neg	1.0
无实效	neg	1.0
不像话	neg	1.0
味道不好	neg	1.0
阴凄	neg	1.0
臭烘烘	neg	1.0
腐败堕落	neg	1.0
抱恨终生	neg	1.0
回肠九转	neg	1.0
骄奢淫逸	neg	1.0
狂悖	neg	1.0
一触即溃	neg	1.0
纸醉金迷	neg	1.0
摇摇欲坠	neg	1.0
一干二净	pos	1.0
优胜	pos	1.0
信息丰富	pos	1.0
骗人	neg	1.0
穷奢极侈	neg	1.0
无根据	neg	1.0
喧杂	neg	1.0
一脸横肉	neg	1.0
斯斯文文	pos	1.0
圣明	pos	1.0
神通广大	pos	1.0
有失偏颇	neg	1.0
心心相印	pos	1.0
杂草丛生	neg	1.0
忸怩作态	neg	1.0
完好如新	pos	1.0
无所不能	pos	1.0
有理由	pos	1.0
毅然	pos	1.0
心明眼亮	pos	1.0
无可厚非	pos	1.0
稳扎稳打	pos	1.0
万里江河	pos	1.0
济世安邦	pos	1.0
文治武功	pos	1.0
拒谏饰非	neg	1.0
心花怒放	pos	1.0
奇迹	pos	1.0
有条不紊	pos	1.0
冥顽不灵	neg	1.0
鲁女忧国	pos	1.0
放之四海而皆准	pos	1.0
不凡	pos	1.0
尽瘁事国	pos	1.0
出类拔萃	pos	1.0
破家为国	pos	1.0
鞠躬尽瘁	pos	1.0
忧国忘家	pos	1.0
光明正大	pos	1.0
万古流芳	pos	1.0
甲天下	pos	1.0
首屈一指	pos	1.0
奇耻大辱	neg	1.0
敲骨吸髓	neg	1.0
无耻之尤	neg	1.0
食肉寝皮	neg	1.0
卧不安席	neg	1.0
五内如焚	neg	1.0
疑神疑鬼	neg	1.0
欺公误国	neg	1.0
卖官鬻爵	neg	1.0
中饱私囊	neg	1.0
高义薄云	pos	1.0
结驷联骑	neg	1.0
前无古人	pos	1.0
亘古未有	pos	1.0
留芳万古	pos	1.0
青史留名	pos	1.0
酒池肉林	neg	1.0
始乱终弃	neg	1.0
荼毒生灵	neg	1.0
千红万紫	pos	1.0
良辰美景	pos	1.0
龙跃凤鸣	pos	1.0
无出其右	pos	1.0
报本返始	pos	1.0
百世师	pos	1.0
指挥若定	pos	1.0
蒸蒸日上	pos	1.0
功盖天地	pos	1.0
开天辟地	pos	1.0
大气磅礴	pos	1.0
天高地厚	pos	1.0
行浊言清	neg	1.0
杀身成仁	pos	1.0
披心沥血	pos	1.0
奉为楷模	pos	1.0
杀妻求将	neg	1.0
哇哈哈	pos	1.0
厚颜无耻	neg	1.0
衣冠禽兽	neg	1.0
卑贱	neg	1.0
六亲不认	neg	1.0
猥贱	neg	1.0
大谬不然	neg	1.0
无耻	neg	1.0
精英	pos	1.0
噩耗	neg	1.0
公敌	neg	1.0
公论	pos	1.0
广博	pos	1.0
浩博	pos	1.0
回春	pos	1.0
机锋	pos	1.0
集大成	pos	1.0
肮脏	neg	1.0
红眼	neg	1.0
龌龊	neg	1.0
猥琐	neg	1.0
上下其手	neg	1.0
荒唐	neg	1.0
娓娓动听	pos	1.0
青天	pos	1.0
恬淡	pos	1.0
优哉游哉	pos	1.0
好手	pos	1.0
文不加点	pos	1.0
一叶知秋	pos	1.0
玄奥	neg	1.0
瘦弱	neg	1.0
罪尤	neg	1.0
济世	pos	1.0
佳偶	pos	1.0
经世	pos	1.0
巨擘	pos	1.0
卑陋	neg	1.0
鄙贱	neg	1.0
训练有素	pos	1.0
震撼人心	pos	1.0
顽石点头	pos	1.0
秀外惠中	pos	1.0
有威信	pos	1.0
有见识	pos	1.0
真心诚意	pos	1.0
站得住脚	pos	1.0
有的放矢	pos	1.0
音调优美	pos	1.0
行之有效	pos	1.0
谐趣横生	pos	1.0
不堪造就	neg	1.0
世态炎凉	neg	1.0
水泄不通	neg	1.0
死死	neg	1.0
酸涩	neg	1.0
徒然	neg	1.0
危机四伏	neg	1.0
无关大局	neg	1.0
无人过问	neg	1.0
下三滥	neg	1.0
残酷无情	neg	1.0
豺狼成性	neg	1.0
稀里糊涂	neg	1.0
咄咄逼人	neg	1.0
装腔作势	neg	1.0
犹豫不前	neg	1.0
阴阳怪气	neg	1.0
臭不可闻	neg	1.0
反社会	neg	1.0
至尊	pos	1.0
秽乱	neg	1.0
昏昧	neg	1.0
昏愦	neg	1.0
混混沌沌	neg	1.0
祸从天降	neg	1.0
叫绝	pos	1.0
心眼小	neg	1.0
学识谫陋	neg	1.0
狂妄自大	neg	1.0
令人厌恶	neg	1.0
男盗女娼	neg	1.0
行为不端	neg	1.0
硬生生	neg	1.0
虚无飘渺	neg	1.0
眼疾手快	pos	1.0
夜不闭户	pos	1.0
有名气	pos	1.0
有胆量	pos	1.0
性情温良	pos	1.0
细巧	pos	1.0
禽兽不如	neg	1.0
经典	pos	1.0
乳臭未干	neg	1.0
无故	neg	1.0
无目的	neg	1.0
竹篮打水	neg	1.0
思路清晰	pos	1.0
坦诚相待	pos	1.0
神奥	pos	1.0
如虎添翼	pos	1.0
死有余辜	neg	1.0
无常	neg	1.0
形影相吊	neg	1.0
庸庸碌碌	neg	1.0
器宇不凡	pos	1.0
鱼龙混杂	neg	1.0
贼溜溜	neg	1.0
忸忸怩怩	neg	1.0
原封不动	pos	1.0
有门儿	pos	1.0
有福气	pos	1.0
训练良好	pos	1.0
协调一致	pos	1.0
铁案如山	pos	1.0
爱毛反裘	neg	1.0
地大物博	pos	1.0
天下为一	pos	1.0
毁家纾难	pos	1.0
赤心奉国	pos	1.0
捐躯殉国	pos	1.0
以身报国	pos	1.0
护国佑民	pos	1.0
论道经邦	pos	1.0
纲纪废弛	neg	1.0
移天易日	neg	1.0
卖国求利	neg	1.0
狂喜	pos	1.0
景仰	pos	1.0
朝闻夕死	pos	1.0
超群	pos	1.0
非凡	pos	1.0
彪炳史册	pos	1.0
声震寰宇	pos	1.0
超尘拔俗	pos	1.0
堪称一绝	pos	1.0
屁滚尿流	neg	1.0
邪恶	neg	1.0
罪大恶极	neg	1.0
嗤之以鼻	neg	1.0
千仇万恨	neg	1.0
终天之恨	neg	1.0
回天乏术	neg	1.0
存亡安危	pos	1.0
欺公罔法	neg	1.0
渎货无厌	neg	1.0
贪墨败度	neg	1.0
忧公无私	pos	1.0
挥金如土	neg	1.0
必由之路	pos	1.0
死灰复燃	neg	1.0
白骨露野	neg	1.0
灭门绝户	neg	1.0
发聋振聩	pos	1.0
北辰星拱	pos	1.0
欺天罔地	neg	1.0
荒淫无道	neg	1.0
焦头烂额	neg	1.0
云蒸霞蔚	pos	1.0
才貌超群	pos	1.0
风云人物	pos	1.0
绝世超伦	pos	1.0
头角峥嵘	pos	1.0
蛟龙得水	pos	1.0
不败之地	pos	1.0
胸有成竹	pos	1.0
功标青史	pos	1.0
书功竹帛	pos	1.0
孜孜不怠	pos	1.0
独步天下	pos	1.0
日下无双	pos	1.0
尧趋舜步	pos	1.0
臭肉来蝇	neg	1.0
死有余僇	neg	1.0
罪魁祸首	neg	1.0
忠肝义胆	pos	1.0
香花供养	pos	1.0
超赞	pos	1.0
不堪入目	neg	1.0
够朋友	pos	1.0
激赏	pos	1.0
吉星	pos	1.0
山穷水尽	neg	1.0
毒化	neg	1.0
鬼斧神工	pos	1.0
游刃有余	pos	1.0
灿若云霞	pos	1.0
激扬	pos	1.0
白璧无瑕	pos	1.0
残害	neg	1.0
瑰玮	pos	1.0
急功近利	neg	1.0
摇尾乞怜	neg	1.0
烦乱	neg	1.0
市侩	neg	1.0
佳人	pos	1.0
小心眼儿	neg	1.0
心眼儿小	neg	1.0
絮聒	neg	1.0
佳妙	pos	1.0
未受过教育	neg	1.0
獐头鼠目	neg	1.0
蕙质兰心	pos	1.0
吉祥	pos	1.0
回味无穷	pos	1.0
至高无上	pos	1.0
心狠手辣	neg	1.0
膏腴	pos	1.0
戏剧化	neg	1.0
光艳	pos	1.0
鄙陋	neg	1.0
彪炳春秋	pos	1.0
超凡入圣	pos	1.0
发指眦裂	neg	1.0
烦躁	neg	1.0
高风亮节	pos	1.0
洪福齐天	pos	1.0
欢声雷动	pos	1.0
恢宏	pos	1.0
狂荡	neg	1.0
炉火纯青	pos	1.0
麻木不仁	neg	1.0
名垂千古	pos	1.0
死去活来	neg	1.0
酸臭	neg	1.0
无口才	neg	1.0
五星级	pos	1.0
下贱	neg	1.0
小心谨慎	pos	1.0
眼光锐利	pos	1.0
一笔不苟	pos	1.0
一若以往	pos	1.0
衣衫不整	neg	1.0
阴恶	neg	1.0
有朝气	pos	1.0
引人注目	pos	1.0
懵里懵懂	neg	1.0
迷人眼目	neg	1.0
欺三瞒四	neg	1.0
贪官污吏	neg	1.0
吆五喝六	neg	1.0
垂帘听政	neg	1.0
辱国丧师	neg	1.0
博施济众	pos	1.0
厚德载福	pos	1.0
舍生存义	pos	1.0
一碗水端平	pos	1.0
寓意深刻	pos	1.0
铁石心肠	neg	1.0
假装神圣	neg	1.0
苛政猛于虎	neg	1.0
沐猴而冠	neg	1.0
徒劳无益	neg	1.0
文文静静	pos	1.0
捐躯赴难	pos	1.0
徇国忘己	pos	1.0
一民同俗	pos	1.0
忠君爱国	pos	1.0
忠君报国	pos	1.0
一心一意	pos	1.0
扎扎实实	pos	1.0
群魔乱舞	neg	1.0
丧心病狂	neg	1.0
全军覆没	neg	1.0
令人毛骨悚然	neg	1.0
神奸巨蠹	neg	1.0
垂名竹帛	pos	1.0
永垂不朽	pos	1.0
百无一失	pos	1.0
必操胜券	pos	1.0
不得了	pos	1.0
不值一文	neg	1.0
出生入死	pos	1.0
大节不可夺	pos	1.0
大器晚成	pos	1.0
恫心疾首	neg	1.0
顿足捶胸	neg	1.0
恩同父母	pos	1.0
泛滥成灾	neg	1.0
放辟邪侈	neg	1.0
肝肠寸断	neg	1.0
毫无用处	neg	1.0
荒谬绝伦	neg	1.0
悔不当初	neg	1.0
经天纬地	pos	1.0
九世之仇	neg	1.0
空古绝今	pos	1.0
里通外国	neg	1.0
马革裹尸	pos	1.0
面目狰狞	neg	1.0
民怨盈涂	neg	1.0
巧夺天工	pos	1.0
穷凶恶极	neg	1.0
热锅上的蚂蚁	neg	1.0
人定胜天	pos	1.0
如日中天	pos	1.0
杀人不眨眼	neg	1.0
尸横遍野	neg	1.0
守株待兔	neg	1.0
铁骨铮铮	pos	1.0
万无一失	pos	1.0
枉费心机	neg	1.0
微言大义	pos	1.0
翁中捉鳖	pos	1.0
污七八糟	neg	1.0
无可比拟	pos	1.0
相煎何急	neg	1.0
小巫见大巫	neg	1.0
挟天子以令诸侯	neg	1.0
兴邦立国	pos	1.0
秀外慧中	pos	1.0
血雨腥风	neg	1.0
一五一十	pos	1.0
英才盖世	pos	1.0
犹犹豫豫	neg	1.0
有根有据	pos	1.0
有伸缩性	pos	1.0
昃食宵衣	pos	1.0
真真切切	pos	1.0
重见天日	pos	1.0
自取灭亡	neg	1.0
罪当万死	neg	1.0
罪恶昭著	neg	1.0
巨人	pos	1.0
高行	pos	1.0
弊害	neg	1.0
恶棍	neg	1.0
杰作	pos	1.0
捷书	pos	1.0
牢笼	neg	1.0
真理	pos	1.0
罪恶	neg	1.0
有滋味	pos	1.0
甜蜜蜜	pos	1.0
无诚意	neg	1.0
无疵	pos	1.0
无瑕疵	pos	1.0
无证据	neg	1.0
心肠软	pos	1.0
有涵养	pos	1.0
有学问	pos	1.0
圆润	pos	1.0
嘉奖	pos	1.0
弘扬	pos	1.0
私下里	neg	1.0
造谣中伤	neg	1.0
佳酿	pos	1.0
简劲	pos	1.0
捷音	pos	1.0
精绝	pos	1.0
巨著	pos	1.0
邋邋遢遢	neg	1.0
有同情心	pos	1.0
一步一个脚印儿	pos	1.0
文武兼备	pos	1.0
寓意深长	pos	1.0
真实可信	pos	1.0
一身正气	pos	1.0
不洁	neg	1.0
心胸开阔	pos	1.0
五谷丰登	pos	1.0
鼠目寸光	neg	1.0
死性	neg	1.0
酸刻	neg	1.0
徒劳无功	neg	1.0
枉然	neg	1.0
财迷心窍	neg	1.0
豺狼当道	neg	1.0
乌压压	neg	1.0
戏剧性	neg	1.0
罪该万死	neg	1.0
阴沉沉	neg	1.0
狗眼看人	neg	1.0
浑噩	neg	1.0
学识浅薄	neg	1.0
劣中之劣	neg	1.0
令人恶心	neg	1.0
笑里藏刀	neg	1.0
引起反感	neg	1.0
效率很差	neg	1.0
一板正经	pos	1.0
一门心思	pos	1.0
有出息	pos	1.0
眼光远大	pos	1.0
细针密缕	pos	1.0
穷极潦倒	neg	1.0
攘攘	neg	1.0
杀人如麻	neg	1.0
滞钝	neg	1.0
懵懂	neg	1.0
水滴石穿	pos	1.0
极品	pos	1.0
如花似玉	pos	1.0
求之不得	pos	1.0
死一般	neg	1.0
形同路人	neg	1.0
凶蛮	neg	1.0
有毒性	neg	1.0
愚不可及	neg	1.0
贼眉鼠眼	neg	1.0
通俗易懂	pos	1.0
万夫莫当	pos	1.0
有求必应	pos	1.0
有个性	pos	1.0
言语流利	pos	1.0
铁铮铮	pos	1.0
缩手缩脚	neg	1.0
一统天下	pos	1.0
赤心报国	pos	1.0
捐躯济难	pos	1.0
徇国忘身	pos	1.0
独立自主	pos	1.0
厉精更始	pos	1.0
倒持泰阿	neg	1.0
三分鼎足	neg	1.0
乱臣贼子	neg	1.0
狂欢	pos	1.0
手舞足蹈	pos	1.0
喜不自胜	pos	1.0
瑰宝	pos	1.0
钦仰	pos	1.0
毋庸置言	pos	1.0
无与伦比	pos	1.0
大慈大悲	pos	1.0
十全十美	pos	1.0
超绝尘寰	pos	1.0
精彩绝伦	pos	1.0
天下第一	pos	1.0
杀气	neg	1.0
忧愤成疾	neg	1.0
哀嚎	neg	1.0
令人发指	neg	1.0
罪不容诛	neg	1.0
死无葬身之地	neg	1.0
烦燥	neg	1.0
几不欲生	neg	1.0
无地自容	neg	1.0
民不堪命	neg	1.0
阴谋不轨	neg	1.0
弥天大谎	neg	1.0
饱其私囊	neg	1.0
贪吏猾胥	neg	1.0
趁人之危	neg	1.0
百约百叛	neg	1.0
挥霍无度	neg	1.0
洞鉴古今	pos	1.0
名扬四海	pos	1.0
家破人亡	neg	1.0
丑态毕露	neg	1.0
无边风月	pos	1.0
才过屈宋	pos	1.0
风流人物	pos	1.0
绝伦逸群	pos	1.0
重生父母	pos	1.0
南箕北斗	neg	1.0
百不失一	pos	1.0
一举千里	pos	1.0
朝乾夕惕	pos	1.0
斗南一人	pos	1.0
功德圆满	pos	1.0
始作俑者	neg	1.0
弥天大罪	neg	1.0
罪恶如山	neg	1.0
之死靡它	pos	1.0
人渣	neg	1.0
阴毒	neg	1.0
一无是处	neg	1.0
丧权辱国	neg	1.0
弊政	neg	1.0
高手	pos	1.0
躬逢	pos	1.0
慧眼	pos	1.0
击赏	pos	1.0
日暮途穷	neg	1.0
愚昧无知	neg	1.0
口碑载道	pos	1.0
气势磅礴	pos	1.0
横行无忌	neg	1.0
蝇营狗苟	neg	1.0
草木皆兵	neg	1.0
臭名远扬	neg	1.0
卑劣	neg	1.0
交口称誉	pos	1.0
贪赃枉法	neg	1.0
无奢望	pos	1.0
歌舞升平	pos	1.0
兼人	pos	1.0
无教养	neg	1.0
罪恶昭彰	neg	1.0
阴森森	neg	1.0
臭气熏天	neg	1.0
毫无意义	neg	1.0
虎踞龙蟠	pos	1.0
哀哀切切	neg	1.0
浑浑噩噩	neg	1.0
没有教养	neg	1.0
一掷千金	neg	1.0
邋里邋遢	neg	1.0
一表非凡	pos	1.0
言之成理	pos	1.0
无道德观念	neg	1.0
无节制	neg	1.0
无依无靠	neg	1.0
直勾勾	neg	1.0
生花妙笔	pos	1.0
器宇轩昂	pos	1.0
完美无瑕	pos	1.0
有贡献	pos	1.0
仪态万方	pos	1.0
心慈手软	pos	1.0
铁杵磨成针	pos	1.0
误国殃民	neg	1.0
儿皇帝	neg	1.0
生聚教训	pos	1.0
爱戴	pos	1.0
拥戴	pos	1.0
驰名	pos	1.0
丰功伟绩	pos	1.0
夺锦才	pos	1.0
完人	pos	1.0
名垂青史	pos	1.0
出神入化	pos	1.0
人神共愤	neg	1.0
狂乱	neg	1.0
焦躁	neg	1.0
回天之力	pos	1.0
拣佛烧香	neg	1.0
伐性之斧	neg	1.0
养虎为患	neg	1.0
精神满腹	pos	1.0
腾蛟起凤	pos	1.0
稳操胜算	pos	1.0
功若丘山	pos	1.0
大逆不道	neg	1.0
引狼入室	neg	1.0
自作孽	neg	1.0
苌弘碧血	pos	1.0
草圣	pos	1.0
蠹弊	neg	1.0
盖世	pos	1.0
魔鬼	neg	1.0
禽兽	neg	1.0
令人神往	pos	1.0
光风霁月	pos	1.0
倾国倾城	pos	1.0
招致不幸	neg	1.0
罪愆	neg	1.0
铁公鸡一毛不拔	neg	1.0
偷偷	neg	1.0
委靡不振	neg	1.0
不仁不义	neg	1.0
有一套	neg	1.0
吆三喝四	neg	1.0
腐臭	neg	1.0
假仁假义	neg	1.0
煮豆燃萁	neg	1.0
脏乱差	neg	1.0
恩断义绝	neg	1.0
欺人自欺	neg	1.0
贪官蠹役	neg	1.0
心毒	neg	1.0
千夫所指	neg	1.0
侈糜	neg	1.0
絮叨	neg	1.0
窃位素餐	neg	1.0
卑鄙无耻	neg	1.0
优美动听	pos	1.0
学而不厌	pos	1.0
旋律优美	pos	1.0
香醇	pos	1.0
痛痛快快	pos	1.0
佳作	pos	1.0
整齐划一	pos	1.0
心灵手巧	pos	1.0
有滋有味	pos	1.0
引人瞩目	pos	1.0
慧心	pos	1.0
巨匠	pos	1.0
有眼光	pos	1.0
治乱存亡	pos	1.0
长命富贵	pos	1.0
忘身忘家	pos	1.0
舍生取义	pos	1.0
仁人君子	pos	1.0
松柏后凋	pos	1.0
安常守分	pos	1.0
一轨同风	pos	1.0
为国之哭	pos	1.0
捐躯报国	pos	1.0
徇公灭私	pos	1.0
于家为国	pos	1.0
精兵简政	pos	1.0
吉时	pos	1.0
铁杆儿	pos	1.0
自相矛盾	neg	1.0
懵懵懂懂	neg	1.0
万古长青	pos	1.0
深情	pos	1.0
余霞散绮	pos	1.0
鱼水相投	pos	1.0
元恶大奸	neg	1.0
松乔之寿	pos	1.0
夙夜匪解	pos	1.0
隋珠和璧	pos	1.0
随时施宜	pos	1.0
随圆就方	pos	1.0
遂迷忘反	neg	1.0
损上益下	neg	1.0
贪位慕禄	neg	1.0
探汤蹈火	pos	1.0
汤去三面	pos	1.0
逖听遐视	pos	1.0
天下莫敌	pos	1.0
天假之年	pos	1.0
天与人归	pos	1.0
铁棒磨成针	pos	1.0
铁树花开	pos	1.0
挺而走险	pos	1.0
通元识微	pos	1.0
同声相求	pos	1.0
铜城铁壁	pos	1.0
铜铸铁浇	pos	1.0
头一无二	pos	1.0
投卵击石	neg	1.0
天神	pos	1.0
甜密	pos	1.0
铁饭碗	pos	1.0
雀目鼠步	neg	1.0
雄姿英发	pos	1.0
不可磨灭	pos	1.0
千金买骨	pos	1.0
笑逐颜开	pos	1.0
怒火中烧	neg	1.0
惯愤不平	neg	1.0
痛定思痛	neg	1.0
惙怛伤悴	neg	1.0
报丧	neg	1.0
必得	pos	1.0
七窍冒火	neg	1.0
千古绝唱	pos	1.0
千灾百难	neg	1.0
千载一圣	pos	1.0
前瞻后顾	neg	1.0
潜精研思	pos	1.0
喷薄欲出	pos	1.0
余响绕梁	pos	1.0
鱼水相懽	pos	1.0
玉质金相	pos	1.0
元奸巨恶	neg	1.0
萧曹避席	pos	1.0
捩手覆羹	neg	1.0
林籁泉韵	pos	1.0
伶仃孤苦	neg	1.0
零丁孤苦	neg	1.0
流离颠疐	neg	1.0
鲁戈挥日	pos	1.0
鲁阳挥戈	pos	1.0
毛发悚然	neg	1.0
迷而不反	neg	1.0
巨人长德	pos	1.0
捐身徇义	pos	1.0
决疣溃痈	neg	1.0
可泣可歌	pos	1.0
刻骨崩心	neg	1.0
叩心泣血	neg	1.0
枯木死灰	pos	1.0
刳心雕肾	pos	1.0
夸父追日	pos	1.0
快心满意	pos	1.0
宽怀大度	pos	1.0
狼顾麕惊	neg	1.0
离乡别土	neg	1.0
金丹换骨	pos	1.0
如蚁附膻	neg	1.0
虚词诡说	neg	1.0
言行相诡	neg	1.0
矜功自伐	neg	1.0
煞有介事	neg	1.0
耀武扬威	neg	1.0
欲望难填	neg	1.0
卖李钻核	neg	1.0
数米量柴	neg	1.0
游闲公子	neg	1.0
结驷连骑	neg	1.0
同气相求	neg	1.0
俟河之清	neg	1.0
松筠之节	pos	1.0
送抱推襟	pos	1.0
夙兴夜处	pos	1.0
隋珠荆璧	pos	1.0
随时随地	pos	1.0
随机应变	pos	1.0
岁寒松柏	pos	1.0
碎尸万段	neg	1.0
损之又损	neg	1.0
踏破铁鞋	pos	1.0
贪生畏死	neg	1.0
谈笑封侯	pos	1.0
逷听远闻	pos	1.0
天下乌鸦一般黑	neg	1.0
天打雷劈	neg	1.0
天假其年	pos	1.0
天经地纬	pos	1.0
条入叶贯	pos	1.0
铁砚磨穿	pos	1.0
铁树开华	pos	1.0
通今达古	pos	1.0
同声相应	pos	1.0
铜唇铁舌	pos	1.0
投畀豺虎	neg	1.0
岿然	pos	1.0
朋友	pos	1.0
重托	pos	1.0
追悼	pos	1.0
抢地呼天	neg	1.0
析肝刿胆	pos	1.0
心花怒发	pos	1.0
心乡往之	pos	1.0
心殒胆落	neg	1.0
心惊胆寒	neg	1.0
兴高彩烈	pos	1.0
胆寒发竖	neg	1.0
撅坑撅堑	neg	1.0
宽仁大度	pos	1.0
狂朋怪友	neg	1.0
狼嚎鬼叫	neg	1.0
离乡背土	neg	1.0
轹釜待炊	neg	1.0
超然物外	pos	1.0
引锥刺股	pos	1.0
默默无言	pos	1.0
风华绝代	pos	1.0
巧同造化	pos	1.0
着手成春	pos	1.0
老成见到	pos	1.0
翘辫子	neg	1.0
夕惕若厉	pos	1.0
心寒胆战	neg	1.0
心满原足	pos	1.0
心旷神飞	pos	1.0
气断声吞	neg	1.0
千人所指	neg	1.0
千里莼羹	pos	1.0
千金一壸	pos	1.0
谦尊而光	pos	1.0
杂霸	neg	1.0
凶多吉少	neg	1.0
捷报频传	pos	1.0
剖腹藏珠	neg	1.0
谋财害命	neg	1.0
率兽食人	neg	1.0
正人君子	pos	1.0
言而无情	neg	1.0
炫耀	neg	1.0
放荡不羁	neg	1.0
前倨后恭	neg	1.0
一钱如命	neg	1.0
日食万钱	neg	1.0
一掷百万	neg	1.0
至毒	neg	1.0
志喜	pos	1.0
鹰扬虎视	pos	1.0
雍容雅步	pos	1.0
龙吟虎啸	pos	1.0
泰然处之	pos	1.0
新婚宴尔	pos	1.0
得意洋洋	pos	1.0
竖起脊梁	pos	1.0
揎拳捋袖	neg	1.0
怏怏不乐	neg	1.0
万箭攒心	neg	1.0
五内俱焚	neg	1.0
必然	pos	1.0
燎若观火	pos	1.0
林下风范	pos	1.0
麟子凤雏	pos	1.0
六朝金粉	neg	1.0
龙攀凤附	pos	1.0
戮力同心	pos	1.0
没世不渝	pos	1.0
回生起死	pos	1.0
火妻灰子	neg	1.0
金字招牌	pos	1.0
途穷日暮	neg	1.0
推干就湿	pos	1.0
吞炭漆身	pos	1.0
瓦釜雷鸣	neg	1.0
弯腰捧腹	pos	1.0
威风八面	pos	1.0
为鬼为蜮	neg	1.0
帷箔不修	neg	1.0
惟日不足	neg	1.0
嵬目鸿耳	pos	1.0
未可同日而语	pos	1.0
未竟之志	neg	1.0
偎干就湿	pos	1.0
温生绝裾	pos	1.0
温情蜜意	pos	1.0
文星高照	pos	1.0
文章巨公	pos	1.0
文深网密	pos	1.0
闻所不闻	pos	1.0
闻风远遁	neg	1.0
握拳透爪	neg	1.0
无可比伦	pos	1.0
无乎不可	pos	1.0
无地自处	neg	1.0
无往不胜	pos	1.0
图腾崇拜	pos	1.0
民安物阜	pos	1.0
民膏民脂	pos	1.0
俊杰	pos	1.0
悠谬	neg	1.0
民淳俗厚	pos	1.0
欢迸乱跳	pos	1.0
挥戈退日	pos	1.0
推枯折腐	neg	1.0
颓垣断堑	neg	1.0
吞舟是漏	neg	1.0
唾手可得	pos	1.0
挖耳当招	neg	1.0
顽廉懦立	pos	1.0
亡魂失魄	neg	1.0
微言大谊	pos	1.0
违天害理	neg	1.0
唯妙唯肖	pos	1.0
帏薄不修	neg	1.0
惟利是趋	neg	1.0
未知万一	neg	1.0
位极人臣	pos	1.0
魏颗结草	pos	1.0
温凊定省	pos	1.0
文江学海	pos	1.0
文采风流	pos	1.0
文经武略	pos	1.0
闻风而动	pos	1.0
问一答十	pos	1.0
瓮里醯鸡	neg	1.0
巫云楚雨	pos	1.0
无地可容	neg	1.0
无所不备	pos	1.0
画无人色	neg	1.0
民安国泰	pos	1.0
雪里送炭	pos	1.0
凤吟鸾吹	pos	1.0
凤翥龙骧	pos	1.0
扶正黜邪	pos	1.0
俯首弭耳	pos	1.0
肝胆照人	pos	1.0
高枕安寝	pos	1.0
高节清风	pos	1.0
高顾遐视	pos	1.0
割肚牵肠	pos	1.0
狗心狗行	neg	1.0
推选	pos	1.0
研精毕智	pos	1.0
扬葩振藻	pos	1.0
冶叶倡条	pos	1.0
逸韵高致	pos	1.0
乐园	pos	1.0
凤表龙姿	pos	1.0
凤翥鸾回	pos	1.0
凤仪兽舞	pos	1.0
奉如神明	pos	1.0
肤粟股栗	neg	1.0
浮云蔽日	neg	1.0
负土成坟	pos	1.0
负德孤恩	neg	1.0
富国强民	pos	1.0
高情逸兴	pos	1.0
高义薄云天	pos	1.0
格高意远	pos	1.0
更进一竿	pos	1.0
躬冒矢石	pos	1.0
奇勋	pos	1.0
千里眼	pos	1.0
民康物阜	pos	1.0
天堂	pos	1.0
胆丧魂消	neg	1.0
倾城倾国	pos	1.0
惊喜若狂	pos	1.0
笑容可掬	pos	1.0
痫入骨髓	neg	1.0
必定	pos	1.0
千古绝调	pos	1.0
千金一刻	pos	1.0
千秋人物	pos	1.0
千载一弹	pos	1.0
谦躬下士	pos	1.0
钱可通神	neg	1.0
潜精积思	pos	1.0
灾患	neg	1.0
生死存亡	neg	1.0
活龙活现	pos	1.0
金碧辉煌	pos	1.0
余妙绕梁	pos	1.0
余音绕梁	pos	1.0
玉宇琼楼	pos	1.0
玉洁松贞	pos	1.0
撩蜂剔蝎	neg	1.0
琳琅触目	pos	1.0
鲁阳挥日	pos	1.0
马勃牛溲	neg	1.0
毛发耸然	neg	1.0
没齿难忘	pos	1.0
迷而不返	neg	1.0
倦尾赤色	neg	1.0
夸父逐日	pos	1.0
款款深深	pos	1.0
狂朋怪侣	neg	1.0
狼突鸱张	neg	1.0
离乡别井	neg	1.0
两相情原	pos	1.0
襟怀坦白	pos	1.0
囊茧照读	pos	1.0
铁面御史	pos	1.0
温良恭俭让	pos	1.0
无所不用其极度	neg	1.0
一蛇两头	neg	1.0
五毒惧全	neg	1.0
虚倩假意	neg	1.0
炫玉贾石	neg	1.0
装怯作勇	neg	1.0
威迫利诱	neg	1.0
衣绣昼行	neg	1.0
恣行无忌	neg	1.0
贪夫徇财	neg	1.0
坐享其成	neg	1.0
这山望着那山高	neg	1.0
松形鹤骨	pos	1.0
松萝共倚	pos	1.0
夙兴夜寐	pos	1.0
随车甘雨	pos	1.0
随高逐低	pos	1.0
遂心如意	pos	1.0
损己利人	pos	1.0
骀背鹤发	pos	1.0
贪生恶死	neg	1.0
谈不容口	pos	1.0
腾焰飞芒	pos	1.0
梯愚入圣	pos	1.0
体恤入微	pos	1.0
天高听下	pos	1.0
天夺之年	neg	1.0
条分节解	pos	1.0
铁板钉钉	pos	1.0
铁笔无私	pos	1.0
铁嘴钢牙	pos	1.0
痌瘝在抱	pos	1.0
铜围铁马	pos	1.0
投桃之报	pos	1.0
恶籍盈指	neg	1.0
分文不直	neg	1.0
分毫不值	neg	1.0
魁岸	pos	1.0
析肝沥悃	pos	1.0
心胆俱碎	neg	1.0
兴会淋漓	pos	1.0
醍醐	pos	1.0
天籁	pos	1.0
跳脚	neg	1.0
嚼穿龈血	neg	1.0
口呆目钝	neg	1.0
扣楫中流	pos	1.0
刳胎焚夭	neg	1.0
宽宏大度	pos	1.0
狼吞虎噬	neg	1.0
狼虫虎豹	neg	1.0
乐而忘死	pos	1.0
离乡背井	neg	1.0
黎庶涂炭	neg	1.0
力竭声嘶	neg	1.0
两小无猜	pos	1.0
舍死忘生	pos	1.0
夕惕朝干	pos	1.0
兴讹造讪	neg	1.0
气消胆夺	neg	1.0
泣不可仰	neg	1.0
千金一诺	pos	1.0
猪猡	neg	1.0
转日回天	pos	1.0
天理难容	neg	1.0
劝百讽一	neg	1.0
茹柔吐刚	neg	1.0
羊狠狼贪	neg	1.0
见异思迂	neg	1.0
涕零如雨	neg	1.0
说笑自若	pos	1.0
高枕而卧	pos	1.0
眉开跟笑	pos	1.0
喜跃抃舞	pos	1.0
一朝之忿	neg	1.0
怨气满腹	neg	1.0
无肠可断	neg	1.0
黯然伤神	neg	1.0
热泪盈眶	neg	1.0
恶贯已盈	neg	1.0
风月无涯	pos	1.0
林下风韵	pos	1.0
麟角虎翅	pos	1.0
六神不安	neg	1.0
毛骨竦然	neg	1.0
门殚户尽	neg	1.0
黄钟大吕	pos	1.0
贯盈恶稔	neg	1.0
鬼泣神号	neg	1.0
鬼哭天愁	neg	1.0
鬼哭狼嗥	neg	1.0
河清人寿	pos	1.0
黑地昏天	neg	1.0
胡天胡地	pos	1.0
颓垣败井	neg	1.0
瓦解冰泮	neg	1.0
望梅止渴	pos	1.0
为丛驱雀	neg	1.0
帷薄不修	neg	1.0
惟日为岁	neg	1.0
嵬眼澒耳	pos	1.0
未成一篑	neg	1.0
未达一间	neg	1.0
温枕扇席	pos	1.0
文昭武穆	pos	1.0
文搜丁甲	pos	1.0
文献之家	pos	1.0
闻所未闻	pos	1.0
闻风响应	pos	1.0
我醉欲眠	pos	1.0
握拳透掌	neg	1.0
无可比象	pos	1.0
无形之罪	neg	1.0
无所不及	pos	1.0
无所措手	neg	1.0
土司制度	neg	1.0
骏马	pos	1.0
悠缪	neg	1.0
余孽	neg	1.0
民富国彊	pos	1.0
孤行一意	neg	1.0
孤恩负义	neg	1.0
贯斗双龙	pos	1.0
鬼工雷斧	pos	1.0
鬼泣神嚎	neg	1.0
鬼哭神嚎	neg	1.0
鬼蜮伎俩	neg	1.0
海盟山咒	pos	1.0
骇心动目	neg	1.0
呼天叫地	neg	1.0
狐不二雄	neg	1.0
怙过不悛	neg	1.0
欢忭鼓舞	pos	1.0
挥日阳戈	pos	1.0
隳肝尝胆	pos	1.0
毁家纾国	pos	1.0
击碎唾壶	pos	1.0
鸡肠狗肚	neg	1.0
推食解衣	pos	1.0
推燥居湿	pos	1.0
吞舟漏网	neg	1.0
挖肉补疮	neg	1.0
望断白云	pos	1.0
微察秋毫	pos	1.0
惟力是视	pos	1.0
惟所欲为	neg	1.0
温席扇枕	pos	1.0
文治武力	pos	1.0
文章经济	pos	1.0
文经武纬	pos	1.0
闻风而兴	pos	1.0
问十道百	pos	1.0
无父无君	neg	1.0
无可不可	pos	1.0
无地自厝	neg	1.0
无所不尽其极	pos	1.0
无恶不造	neg	1.0
洞房	pos	1.0
毒物	neg	1.0
对歌	pos	1.0
民和年稔	pos	1.0
雪操冰心	pos	1.0
雅人清致	pos	1.0
凤翥鹏翔	pos	1.0
凤叹虎视	pos	1.0
俯首戢耳	pos	1.0
负义忘恩	neg	1.0
富国裕民	pos	1.0
腹心相照	pos	1.0
概日凌云	pos	1.0
功盖天下	pos	1.0
狗仗官势	neg	1.0
狗肺狼心	neg	1.0
狗彘不如	neg	1.0
图腾	pos	1.0
土皇帝	neg	1.0
推举	pos	1.0
入骨	pos	1.0
凤骨龙姿	pos	1.0
凤歌鸾舞	pos	1.0
凤臆龙鬐	pos	1.0
奉为至宝	pos	1.0
扶危定倾	pos	1.0
俛拾仰取	pos	1.0
负荆谢罪	pos	1.0
负德背义	neg	1.0
富国彊兵	pos	1.0
干啼湿哭	pos	1.0
肝髓流野	neg	1.0
感恩怀德	pos	1.0
高情远致	pos	1.0
躬蹈矢石	pos	1.0
狗行狼心	neg	1.0
栽诬	neg	1.0
滕蛟起凤	pos	1.0
轶类超群	pos	1.0
银钩玉唾	pos	1.0
有负众望	neg	1.0
宋才潘面	pos	1.0
随车致雨	pos	1.0
所向皆靡	pos	1.0
谈霏玉屑	pos	1.0
坦然自若	pos	1.0
堂堂一表	pos	1.0
啼天哭地	neg	1.0
体贴入妙	pos	1.0
天之僇民	neg	1.0
天地剖判	pos	1.0
天空海阔	pos	1.0
铁壁铜墙	pos	1.0
通才硕学	pos	1.0
同垂不朽	pos	1.0
铜山铁壁	pos	1.0
敲骨榨髓	neg	1.0
擎天架海	pos	1.0
神丧胆落	neg	1.0
催命	neg	1.0
元首	pos	1.0
稀世之珍	pos	1.0
鱼沉雁落	pos	1.0
枯形灰心	neg	1.0
刳脂剔膏	neg	1.0
快刀斩麻	pos	1.0
宽洪大度	pos	1.0
狂嫖滥赌	neg	1.0
狼奔兔脱	neg	1.0
狼猛蜂毒	neg	1.0
乐善好义	pos	1.0
折节读书	pos	1.0
冰雪聪明	pos	1.0
骄侈暴佚	neg	1.0
鱼肉百姓	neg	1.0
熏天赫地	neg	1.0
损人肥己	neg	1.0
桃李春风	pos	1.0
天之戮民	neg	1.0
天地诛灭	neg	1.0
天道无亲	pos	1.0
通才练识	pos	1.0
都头异姓	pos	1.0
风月无边	pos	1.0
赫奕	pos	1.0
溃败	neg	1.0
重用	pos	1.0
敲榨勒索	neg	1.0
人百其身	neg	1.0
举世无双	pos	1.0
锯牙钩爪	neg	1.0
狼顾鸱张	neg	1.0
恋恋难舍	pos	1.0
析肝吐胆	pos	1.0
鸮鸟生翼	neg	1.0
心惊胆裂	neg	1.0
兴致淋漓	pos	1.0
千仓万箱	pos	1.0
紫气东来	pos	1.0
暴取豪夺	neg	1.0
诛求不已	neg	1.0
削木为吏	neg	1.0
蛇蝎为心	neg	1.0
血债累累	neg	1.0
雨后送伞	neg	1.0
气焰熏天	neg	1.0
人心不足蛇吞象	neg	1.0
鞠躬尽力	pos	1.0
亡秦三户	pos	1.0
违天悖理	neg	1.0
温衾扇枕	pos	1.0
文章宿老	pos	1.0
握炭流汤	pos	1.0
无天无日	neg	1.0
无所不容	pos	1.0
孽障	neg	1.0
辜恩负义	neg	1.0
挂肚牵肠	pos	1.0
怪诞不经	neg	1.0
鬼抓狼嚎	neg	1.0
鬼哭神惊	neg	1.0
横眉努目	neg	1.0
呼天号地	neg	1.0
嗜血	neg	1.0
黄龙痛饮	pos	1.0
回山倒海	pos	1.0
回文织锦	pos	1.0
魂飞胆颤	neg	1.0
极恶穷凶	neg	1.0
渎神	neg	1.0
行尸走骨	neg	1.0
颜精柳骨	pos	1.0
逸兴云飞	pos	1.0
扶危定乱	pos	1.0
高情远意	pos	1.0
公尔忘私	pos	1.0
钩爪锯牙	neg	1.0
狗走狐淫	neg	1.0
雄深雅健	pos	1.0
咽苦吐甘	pos	1.0
杨花水性	neg	1.0
逸辈殊伦	pos	1.0
超巨星	pos	1.0
叱骂	neg	1.0
惨无天日	neg	1.0
负恩忘义	neg	1.0
高风劲节	pos	1.0
革奸铲暴	pos	1.0
狗口里生不出象牙	neg	1.0
狗苟蝇营	neg	1.0
神品	pos	1.0
前程万里	pos	1.0
余声三日	pos	1.0
余音缭绕	pos	1.0
玉柱擎天	pos	1.0
玉润冰清	pos	1.0
似漆如胶	pos	1.0
松茂竹苞	pos	1.0
崧生岳降	pos	1.0
颂声载道	pos	1.0
夙兴昧旦	pos	1.0
随车夏雨	pos	1.0
随高就低	pos	1.0
遂心快意	pos	1.0
碎心裂胆	neg	1.0
所向克捷	pos	1.0
太山北斗	pos	1.0
贪吃懒做	neg	1.0
腾声飞实	pos	1.0
提心在口	pos	1.0
天上麒麟	pos	1.0
天老地荒	pos	1.0
天昏地黑	neg	1.0
天粟马角	neg	1.0
天随人原	pos	1.0
铁壁铜山	pos	1.0
同明相照	pos	1.0
铜筋铁肋	pos	1.0
投桃报李	pos	1.0
胆裂魂飞	neg	1.0
燎如观火	pos	1.0
林下风致	pos	1.0
鳞集仰流	pos	1.0
龙胡之痛	neg	1.0
龙兴凤举	pos	1.0
履险若夷	pos	1.0
没世不忘	pos	1.0
惊神破胆	neg	1.0
胸中鳞甲	neg	1.0
欺天诳地	neg	1.0
咬人狗儿不露齿	neg	1.0
装点门面	neg	1.0
失德	neg	1.0
轻世做物	neg	1.0
蛇欲吞象	neg	1.0
损人利已	neg	1.0
为德不卒	neg	1.0
放饭流歠	neg	1.0
抵命	neg	1.0
种族歧视	neg	1.0
强奸	neg	1.0
恬适	pos	1.0
溘先朝露	neg	1.0
宽洪大量	pos	1.0
狂轰滥炸	neg	1.0
狼号鬼哭	neg	1.0
乐此不倦	pos	1.0
历井扪天	pos	1.0
搏大精深	pos	1.0
心惊胆落	neg	1.0
新愁旧恨	neg	1.0
魁伟	pos	1.0
千伶百俐	pos	1.0
艺术性	pos	1.0
灾星	neg	1.0
糟踏	neg	1.0
吉光片羽	pos	1.0
寿山福海	pos	1.0
追魂夺命	pos	1.0
卖国贼	neg	1.0
中奖	pos	1.0
龙骧虎视	pos	1.0
喑恶叱咤	neg	1.0
血泪盈襟	neg	1.0
悲不自胜	neg	1.0
丧明之痛	neg	1.0
报仇	neg	1.0
毕命	neg	1.0
林下清风	pos	1.0
麟角凤觜	pos	1.0
流离颠顿	neg	1.0
六根清净	pos	1.0
镂骨铭肌	pos	1.0
鲁戈回日	pos	1.0
鲁阳回日	pos	1.0
履盈蹈满	pos	1.0
迷天大谎	neg	1.0
官报私仇	neg	1.0
海涵地负	pos	1.0
骇人闻听	neg	1.0
横眉立眼	neg	1.0
横眉瞪眼	neg	1.0
骏足	pos	1.0
造极登峰	pos	1.0
颓垣废井	neg	1.0
瓦解冰销	neg	1.0
亡国灭种	neg	1.0
枉曲直凑	neg	1.0
为山止篑	neg	1.0
为恶不悛	neg	1.0
违天悖人	neg	1.0
惟利是命	neg	1.0
渭浊泾清	pos	1.0
文子文孙	pos	1.0
文武之道	pos	1.0
文章宗匠	pos	1.0
握雨携云	pos	1.0
无其伦比	pos	1.0
无所错手足	neg	1.0
通达	pos	1.0
土蚕	neg	1.0
团圆	pos	1.0
民脂民膏	pos	1.0
金榜	pos	1.0
尤异	pos	1.0
斥逐	neg	1.0
归正邱首	pos	1.0
鬼哭神号	neg	1.0
鬼魅伎俩	neg	1.0
骇目惊心	neg	1.0
含血潠人	neg	1.0
横眉冷眼	neg	1.0
后进领袖	pos	1.0
呼天唤地	neg	1.0
隳胆抽肠	pos	1.0
回天挽日	pos	1.0
极恶不赦	neg	1.0
忧国奉公	pos	1.0
行奸卖俏	neg	1.0
扬武耀威	pos	1.0
演唱	pos	1.0
勃然	neg	1.0
凤髓龙肝	pos	1.0
腹载五车	pos	1.0
肝胆披沥	pos	1.0
感人心脾	pos	1.0
刚戾自用	neg	1.0
高枕勿忧	pos	1.0
高情远韵	pos	1.0
民熙物阜	pos	1.0
元恶大憝	neg	1.0
松柏寒盟	pos	1.0
宋画吴冶	pos	1.0
随物应机	pos	1.0
贪夫殉利	neg	1.0
桃李遍天下	pos	1.0
腾达飞黄	pos	1.0
佻身飞镞	pos	1.0
通天彻地	pos	1.0
通古达变	pos	1.0
铜打铁铸	pos	1.0
铜头铁臂	pos	1.0
驱雷策电	pos	1.0
却金暮夜	pos	1.0
神抶电击	pos	1.0
失魂丧胆	neg	1.0
麇骇雉伏	neg	1.0
口角风情	pos	1.0
快心满志	pos	1.0
宽豁大度	pos	1.0
狼顾鸱跱	neg	1.0
连中三元	pos	1.0
如左右手	pos	1.0
转海回天	pos	1.0
追魂摄魄	pos	1.0
韬略	pos	1.0
天尊	pos	1.0
协私罔上	neg	1.0
心满意得	pos	1.0
衅稔恶盈	neg	1.0
寇仇	neg	1.0
酷刑	neg	1.0
气逾霄汉	pos	1.0
千古独步	pos	1.0
千金一瓠	pos	1.0
谦虚敬慎	pos	1.0
潜窃阳剽	neg	1.0
宴安鸩素毒	neg	1.0
寿元无量	pos	1.0
价值连城	pos	1.0
作恶多端	neg	1.0
擢发难数	neg	1.0
诈败佯输	neg	1.0
背思忘义	neg	1.0
呼幺喝六	neg	1.0
横加指责	neg	1.0
狐假虎咸	neg	1.0
饥附饱扬	neg	1.0
裘马轻肥	neg	1.0
街号巷哭	neg	1.0
泱泱大风	pos	1.0
一颦一笑胁肩谄笑	pos	1.0
举国若狂	pos	1.0
痛饮黄龙	pos	1.0
投袂而起	pos	1.0
盱衡厉色	neg	1.0
泣涕如雨	neg	1.0
瓦查尿溺	neg	1.0
汪洋大海	pos	1.0
枉道事人	neg	1.0
微显阐幽	pos	1.0
为渊驱鱼	neg	1.0
帷幕不修	neg	1.0
惟精惟一	pos	1.0
文宗学府	pos	1.0
文章山斗	pos	1.0
文质斌斌	pos	1.0
闻名丧胆	pos	1.0
闻风破胆	neg	1.0
无往不克	pos	1.0
无所不晓	pos	1.0
无恶不为	neg	1.0
余毒	neg	1.0
誓约	pos	1.0
挥戈回日	pos	1.0
祸稔恶积	neg	1.0
凤翥龙蟠	pos	1.0
佛头著粪	pos	1.0
伏首贴耳	pos	1.0
扶危翼倾	pos	1.0
福地洞天	pos	1.0
负恩背义	neg	1.0
肝胆楚越	pos	1.0
感天动地	pos	1.0
高山景行	pos	1.0
槁项黄馘	pos	1.0
根结盘据	pos	1.0
公忠体国	pos	1.0
功成名遂	pos	1.0
攻无不克	pos	1.0
狗口里吐不出象牙	neg	1.0
偷情	neg	1.0
养晦韬光	pos	1.0
咬牙恨齿	neg	1.0
逸兴横飞	pos	1.0
齐天洪福	pos	1.0
前仆后踣	pos	1.0
再造	pos	1.0
渊亭山立	pos	1.0
夙世冤业	neg	1.0
随珠荆玉	pos	1.0
所当无敌	pos	1.0
贪污腐化	neg	1.0
摊书傲百城	pos	1.0
天之骄子	pos	1.0
天地诛戮	neg	1.0
天崩地塌	neg	1.0
通天达地	pos	1.0
姘居	neg	1.0
五体投诚	pos	1.0
夕寐宵兴	pos	1.0
销魂夺魄	neg	1.0
冻浦鱼惊	pos	1.0
鬼功神力	pos	1.0
贵不可言	pos	1.0
汗马之功	pos	1.0
横眉冷目	neg	1.0
无比	pos	1.0
横眉怒视	neg	1.0
鸿篇巨著	pos	1.0
玩兵黩武	neg	1.0
巍巍荡荡	pos	1.0
违天逆理	neg	1.0
唯吾独尊	neg	1.0
伟绩丰功	pos	1.0
无有伦比	pos	1.0
燕妒莺惭	pos	1.0
雪案萤灯	pos	1.0
不世之功	pos	1.0
万民涂炭	neg	1.0
无所不可	pos	1.0
胆丧魂惊	neg	1.0
一颦一笑	pos	1.0
负气斗狠	neg	1.0
撩蜂吃螫	neg	1.0
林下风度	pos	1.0
鲁连蹈海	pos	1.0
鲁阳麾戈	pos	1.0
心寒胆落	neg	1.0
刻骨仇很	neg	1.0
林下高风	pos	1.0
麟角凤毛	pos	1.0
流离颠沛	neg	1.0
六马仰秣	pos	1.0
镂骨铭心	pos	1.0
鲁人回日	pos	1.0
鲁阳指日	pos	1.0
卖履分香	pos	1.0
漫天大谎	neg	1.0
毛骨耸然	neg	1.0
迷天大罪	neg	1.0
鬼哭栗飞	pos	1.0
鬼烂神焦	neg	1.0
海涸石烂	pos	1.0
河决鱼烂	neg	1.0
横眉立目	neg	1.0
横眉瞪目	neg	1.0
尤物	pos	1.0
鸡鸣狗吠	neg	1.0
洋财	pos	1.0
丧胆销魂	neg	1.0
一座皆惊	neg	1.0
疾恶如仇	neg	1.0
面如死灰	neg	1.0
丁香	pos	1.0
订婚	pos	1.0
逗笑儿	pos	1.0
隋珠和玉	pos	1.0
随寓随安	pos	1.0
岁在龙虵	pos	1.0
碎骨粉尸	neg	1.0
涕泗滂沲	neg	1.0
天愁地惨	neg	1.0
天下大乱	neg	1.0
同声同气	pos	1.0
械系	neg	1.0
铝厂	neg	0.999
痛苦	neg	0.999
星期四	neg	0.999
码头	neg	0.999
频繁	neg	0.999
千万元	neg	0.999
破局	neg	0.999
市场竞争	neg	0.999
两艘	neg	0.999
实惠	pos	0.998
生猪	neg	0.998
白袜队	pos	0.998
沪市	pos	0.998
助手	pos	0.998
意法	pos	0.998
拉涨	pos	0.998
辉瑞	pos	0.998
增势	pos	0.998
全部	neg	0.998
增长点	pos	0.998
思想	pos	0.998
可靠	pos	0.998
好评	pos	0.998
有些	neg	0.997
凌晨	neg	0.997
议员	neg	0.996
在于	neg	0.995
商标	neg	0.995
恒指	neg	0.994
锂电池	pos	0.994
寄望	pos	0.994
开始	neg	0.992
液冷	pos	0.992
编程	pos	0.992
惨败	neg	0.991
减值	neg	0.991
券商	neg	0.99
认可	pos	0.99
产品线	pos	0.99
大成	pos	0.99
产能	pos	0.989
零售	pos	0.988
澳大利亚	neg	0.988
伦敦	neg	0.986
万份	pos	0.986
暴力	neg	0.984
整数	neg	0.983
无意	neg	0.983
永赢	pos	0.983
德州仪器	pos	0.983
欧洲人	neg	0.983
康菲	pos	0.983
阿曼湾	neg	0.983
电子产品	pos	0.983
按年	pos	0.983
霸榜	pos	0.983
利益输送	neg	0.983
勘探	pos	0.983
助您	pos	0.983
主播	neg	0.983
双降	neg	0.983
元年	pos	0.983
积水	neg	0.983
人民银行	pos	0.983
入狱	neg	0.983
之势	pos	0.983
攻克	pos	0.983
名高管	neg	0.983
拖欠	neg	0.983
多边	pos	0.983
班列	pos	0.983
再收	neg	0.983
谋划	pos	0.983
困在	neg	0.983
华通	neg	0.983
卖压	neg	0.983
美加州	neg	0.983
揭示	neg	0.983
比降	neg	0.983
缠身	neg	0.983
劳资	neg	0.983
周六	neg	0.983
囚犯	neg	0.983
胜局	pos	0.983
数亿	neg	0.983
闪崩	neg	0.983
按兵不动	neg	0.983
华创	neg	0.983
集会	neg	0.983
起步	pos	0.983
膝伤	neg	0.983
膝盖	neg	0.983
永久性	neg	0.983
欧足联	neg	0.98
米莱	neg	0.98
实在	neg	0.98
分公司	neg	0.98
汇丰银行	neg	0.98
中介	neg	0.98
消防员	neg	0.98
破灭	neg	0.98
长安汽车	neg	0.98
高估	neg	0.98
检察官	neg	0.98
马克	neg	0.979
临床	pos	0.977
看多	pos	0.977
重演	neg	0.977
强力	pos	0.977
核能	pos	0.977
许多	neg	0.974
出货量	pos	0.972
未遂	neg	0.971
锐减	neg	0.971
荷兰	neg	0.971
亟待	neg	0.971
骨折	neg	0.971
腐败	neg	0.971
中场	neg	0.971
更难	neg	0.971
反诉	neg	0.971
英国人	neg	0.971
难挡	neg	0.971
武器化	neg	0.971
地铁	neg	0.971
六连问	neg	0.971
反噬	neg	0.971
外流	neg	0.971
足额	neg	0.971
外国人	neg	0.971
哈尔克岛	neg	0.971
深受	neg	0.971
黑芝麻	neg	0.971
专家	neg	0.97
小时	neg	0.97
季度	pos	0.968
尼日利亚	neg	0.968
失业率	neg	0.968
包装	neg	0.968
选举	neg	0.968
发电	pos	0.968
多元化	pos	0.968
数量	pos	0.965
往来	neg	0.964
恢复正常	pos	0.964
外交	neg	0.964
早苗	neg	0.964
受灾	neg	0.964
特气	pos	0.962
增效	pos	0.962
金融监管	pos	0.962
四十年	neg	0.962
洛克希德	pos	0.962
通讯社	neg	0.962
荣耀	pos	0.962
减产	neg	0.959
储蓄	neg	0.959
一箱	neg	0.959
随后	neg	0.959
缩短	pos	0.958
而且	pos	0.958
尚未	neg	0.958
坚挺	pos	0.958
缅甸	neg	0.956
一次	neg	0.956
计划	pos	0.956
进口量	neg	0.953
明略	pos	0.953
股票代码	pos	0.953
命运	pos	0.953
中盘股	pos	0.953
重大进展	pos	0.953
增长极	pos	0.953
退出	neg	0.953
硅基	pos	0.953
守护者	pos	0.953
首度	pos	0.953
熊队	pos	0.953
环保	pos	0.952
国际	neg	0.952
研制	pos	0.952
磷酸	pos	0.952
新纪录	pos	0.952
发动机	pos	0.952
反超	pos	0.952
利益	neg	0.952
半数	neg	0.947
惊喜	pos	0.947
长飞	pos	0.947
合规	neg	0.945
或许	pos	0.945
支撑	pos	0.945
还有	pos	0.944
捷克	neg	0.944
消费类	pos	0.943
变革	pos	0.943
之争	neg	0.943
迎战	pos	0.943
大超	pos	0.943
不要	neg	0.943
单季	pos	0.943
竞赛	pos	0.943
杰米	neg	0.943
终身	neg	0.943
关键	pos	0.943
震荡	neg	0.942
对此	neg	0.942
差距	pos	0.941
报价	pos	0.941
历史性	pos	0.941
英格兰	neg	0.941
弹性	pos	0.94
聪明	pos	0.94
转移	neg	0.938
瑞穗	pos	0.937
建议	pos	0.937
升高	neg	0.936
舰队	neg	0.936
沿岸	neg	0.936
军工企业	neg	0.936
害怕	neg	0.936
滞留	neg	0.936
缓冲	neg	0.936
飞往	neg	0.936
辩护	neg	0.936
模块	pos	0.936
遇见	neg	0.936
公司股票	neg	0.935
阶段	pos	0.935
更近	pos	0.934
联袂	pos	0.934
季度末	pos	0.934
加量	pos	0.934
银行业务	pos	0.934
居民收入	pos	0.934
便捷	pos	0.934
年率	pos	0.934
依托	pos	0.934
装机容量	pos	0.934
组件	pos	0.934
单签	pos	0.934
揭晓	pos	0.934
进化	pos	0.934
合作开发	pos	0.934
闪存	pos	0.934
介入	neg	0.933
网络	pos	0.933
难度	neg	0.933
网络攻击	neg	0.933
会计师	neg	0.933
红牌	neg	0.933
忧虑	neg	0.933
不得不	neg	0.933
敲锣打鼓	pos	0.933
嵚崎磊落	pos	0.933
驱霆策电	pos	0.933
敲锣放炮	pos	0.933
嵚崎历落	pos	0.933
全能全智	pos	0.933
人心不古	neg	0.933
装腔	neg	0.933
鸟骇鼠窜	neg	0.933
啮血沁骨	pos	0.933
慌不择路	neg	0.933
闻雷失箸	neg	0.933
惊心悼胆	neg	0.933
眼中钉	neg	0.933
打开天窗说亮话	pos	0.933
理直气壮	pos	0.933
徒读父书	neg	0.933
迎头赶上	pos	0.933
大节不夺	pos	0.933
推诚相信	pos	0.933
呕心抽肠	neg	0.933
迷恋骸骨	neg	0.933
相依为命	pos	0.933
狭路相逢	neg	0.933
心烦技痒	pos	0.933
丝思发怨	pos	0.933
娓娓而谈	pos	0.933
要而言之	pos	0.933
唇焦舌敝	neg	0.933
吹大法螺	neg	0.933
心小志大	pos	0.933
寒花晚节	pos	0.933
干将	pos	0.933
强凫变鹤	neg	0.933
取义成仁	pos	0.933
全智全能	pos	0.933
讨人嫌	neg	0.933
舌敝耳聋	neg	0.933
良金美玉	pos	0.933
驰名中外	pos	0.933
难分难合	pos	0.933
讽一劝百	pos	0.933
夹枪带棍	neg	0.933
争长论短	neg	0.933
淫辞邪说	neg	0.933
辞不达意	neg	0.933
宰相肚里能撑船	pos	0.933
注重	pos	0.933
转运	pos	0.933
准谱儿	pos	0.933
青梅竹马	pos	0.933
一字褒贬	pos	0.933
滔滔不绝	pos	0.933
万古千秋	pos	0.933
手足之情	pos	0.933
高谈雄辩	pos	0.933
由衷之言	pos	0.933
免开尊口	neg	0.933
钻牛角尖	neg	0.933
目眢心忳	neg	0.933
高枕安卧	pos	0.933
全盘托出	pos	0.933
栗栗危俱	neg	0.933
超超率著	pos	0.933
不可胜言	pos	0.933
徒托生言	neg	0.933
虚费词说	neg	0.933
猛志常在	pos	0.933
中流击揖	pos	0.933
掞藻飞声	pos	0.933
心虔志诚	pos	0.933
藕断丝连	pos	0.933
相亲相爱	pos	0.933
把玩无厌	pos	0.933
扑杀此獠	neg	0.933
冤家路窄	neg	0.933
一发破的	pos	0.933
千叮万嘱	pos	0.933
含血喷人	neg	0.933
不耻最后	pos	0.933
强兵富国	pos	0.933
耐心	pos	0.932
充足	pos	0.932
驳斥	pos	0.931
股东	neg	0.931
扰民	neg	0.928
团队	pos	0.925
而是	neg	0.924
印证	pos	0.924
衰退	neg	0.924
公积金	pos	0.924
提取	pos	0.924
反向	neg	0.924
入市	pos	0.924
豪赌	neg	0.924
分享	pos	0.924
波动性	neg	0.924
青岛	pos	0.924
增长率	pos	0.922
逐步	pos	0.922
疗法	pos	0.922
亿份	pos	0.922
意大利	neg	0.922
被动	pos	0.922
生产总值	pos	0.921
风电	pos	0.92
多只	pos	0.92
惊人	pos	0.92
生成	pos	0.92
中国	pos	0.919
热门	pos	0.918
最快	pos	0.916
西部数据	pos	0.916
云南	neg	0.915
强硬	pos	0.915
牌照	pos	0.915
大宗	pos	0.915
营救	neg	0.914
伤害	neg	0.914
争执	neg	0.914
下线	neg	0.914
爱泼斯坦	neg	0.914
并存	neg	0.914
美债	neg	0.914
检修	neg	0.914
夸大	neg	0.914
表示遗憾	neg	0.914
往往	neg	0.914
金店	neg	0.914
全力	pos	0.913
保罗	pos	0.912
澄清	neg	0.912
引导	pos	0.912
投产	pos	0.912
事关	pos	0.912
定购	pos	0.911
富婆团	pos	0.911
赖世荣	pos	0.911
控制	neg	0.91
电报	pos	0.909
原奶	pos	0.909
借势	pos	0.909
推高	neg	0.909
硬盘	pos	0.909
宁波	pos	0.909
早盘	pos	0.909
高回报	pos	0.909
观望	neg	0.909
击杀	pos	0.909
采购	pos	0.909
功能	pos	0.908
公布	pos	0.908
追加	pos	0.907
权益	pos	0.907
企业家	neg	0.906
翻身	neg	0.906
热评	neg	0.906
不符	neg	0.906
应用程序	neg	0.906
扑朔迷离	neg	0.906
吐槽	neg	0.906
信誉	neg	0.906
低水平	neg	0.906
莱茵河	neg	0.906
稳住	pos	0.906
理性	pos	0.906
开会	neg	0.906
轻微	neg	0.906
赫尔松	neg	0.906
暴行	neg	0.906
揣测	neg	0.906
不休	neg	0.906
拉美	neg	0.906
双开	neg	0.906
全开	pos	0.906
中产阶级	neg	0.906
对方	neg	0.906
严阵以待	neg	0.906
检出	neg	0.906
失速	neg	0.906
提现	neg	0.906
贝尔法斯特	neg	0.906
卓然	neg	0.906
刑事诉讼	neg	0.906
令人不安	neg	0.906
满负荷	neg	0.906
模糊	neg	0.906
景兴	neg	0.906
高开低走	neg	0.906
广西南宁	neg	0.906
指大涨	pos	0.906
打动	neg	0.906
停业	neg	0.906
适度	pos	0.906
连日	neg	0.906
时间表	neg	0.906
权威	pos	0.906
线下	pos	0.906
带头	neg	0.906
行列	pos	0.906
追尾	neg	0.906
双增	pos	0.906
天获	pos	0.906
塌方	neg	0.906
迷雾	neg	0.906
大型	neg	0.905
几乎	neg	0.904
洛矶	pos	0.904
重卡	pos	0.904
精矿	neg	0.902
国际原油	neg	0.902
剩余	neg	0.902
敞口	neg	0.902
极其	neg	0.902
称若	neg	0.902
感染	neg	0.902
氛围	neg	0.902
因此	neg	0.901
慢雾	neg	0.901
倒逼	neg	0.901
微弱	neg	0.901
最坏	neg	0.901
面值	neg	0.901
铜市	neg	0.901
商务部长	neg	0.901
俄乌	neg	0.901
阿塞拜疆	neg	0.901
世卫	neg	0.901
蓝猫	neg	0.901
如意	neg	0.901
位于	neg	0.901
曼德	neg	0.901
极低	neg	0.901
贸易往来	neg	0.901
冰火	neg	0.901
正使	neg	0.901
盈亏	neg	0.901
网球	neg	0.901
股价	pos	0.901
紫钰	pos	0.901
赛琳	pos	0.901
航运	neg	0.899
接连	neg	0.898
更高	pos	0.898
共享	pos	0.898
发改委	pos	0.895
对外	pos	0.895
同日	neg	0.895
麻麻祝	pos	0.895
人口	neg	0.894
康德	pos	0.892
多晶硅	pos	0.891
农业	pos	0.89
竞争力	pos	0.89
惠存	pos	0.89
自然资源	neg	0.889
进行	neg	0.889
指冲	neg	0.889
有所	neg	0.889
网站	neg	0.889
水库	neg	0.889
网传	neg	0.889
管线	pos	0.888
创板	pos	0.888
伟大	pos	0.887
协商	pos	0.887
上修	pos	0.887
碳纤维	pos	0.886
金刚石	pos	0.886
微电	pos	0.886
发展势头	pos	0.886
方便	pos	0.886
续作	pos	0.886
出入境	pos	0.886
吸引外资	pos	0.886
协作	pos	0.886
土壤	pos	0.886
珠海	pos	0.886
尼德	pos	0.886
海尔	pos	0.886
出游	pos	0.886
议定书	pos	0.886
零点	pos	0.886
藤森	pos	0.886
句号	pos	0.886
一家	neg	0.885
奖励	neg	0.884
哈马斯	neg	0.884
酒业	neg	0.884
穆婷婷	pos	0.884
走势	neg	0.883
针对	neg	0.883
比索	neg	0.882
报道	neg	0.881
欧元区	neg	0.881
临近	neg	0.879
三波	pos	0.879
劳多	pos	0.879
普托	pos	0.879
洪绮凡	pos	0.879
彻底	neg	0.878
相信	pos	0.877
代工	pos	0.877
英媒	neg	0.876
加入	pos	0.876
举行	neg	0.876
销售价格	neg	0.876
优先股	neg	0.876
赌博	neg	0.876
奶白	neg	0.876
利息	neg	0.876
两度	neg	0.876
认罪	neg	0.876
伊朗外交部	neg	0.875
根本	neg	0.874
购买力	neg	0.874
行程	neg	0.874
怎么办	neg	0.874
注销	neg	0.874
印度卢比	neg	0.874
简报	neg	0.874
毒品	neg	0.874
符合事实	neg	0.874
知道	neg	0.874
物超	pos	0.874
复兴	pos	0.873
宽基	pos	0.873
洗钱	neg	0.873
蓄势	pos	0.873
第六	pos	0.873
智行	pos	0.873
央企	pos	0.873
刑事	neg	0.873
携程	neg	0.873
破解	pos	0.873
回撤	neg	0.873
组合拳	pos	0.873
官宣	pos	0.873
法律	neg	0.872
最大	neg	0.872
联创	neg	0.871
和解	pos	0.87
来看	pos	0.868
年期	pos	0.868
借助	pos	0.867
脏乱	neg	0.867
擅名	pos	0.867
诗仙	pos	0.867
株连	neg	0.867
做戏	neg	0.867
佳句	pos	0.867
坚守	pos	0.867
荐举	pos	0.867
见称	pos	0.867
奖许	pos	0.867
珍玩	pos	0.867
至理	pos	0.867
忠魂	pos	0.867
卓特	pos	0.867
精洁	pos	0.867
精髓	pos	0.867
敬信	pos	0.867
哀鸿遍野	neg	0.867
不清不白	neg	0.867
逞性子	neg	0.867
哀梨蒸食	neg	0.867
度量小	neg	0.867
寡断	neg	0.867
乖剌	neg	0.867
荒诞派	neg	0.867
晦暝	neg	0.867
憋着一肚子气	neg	0.867
错愕	neg	0.867
掉魂	neg	0.867
急死	neg	0.867
骂得狗血喷头	neg	0.867
叹为观止	pos	0.867
艰苦卓绝	pos	0.867
心如铁石	neg	0.867
见风转舵	neg	0.867
倍儿棒	pos	0.867
才气横溢	pos	0.867
肋脦	neg	0.867
凛然	pos	0.867
令人厌倦	neg	0.867
碌碌无为	neg	0.867
没骨头	neg	0.867
没两下子	neg	0.867
闹闹嚷嚷	neg	0.867
铺张浪费	neg	0.867
穷途潦倒	neg	0.867
食古不化	neg	0.867
功德无量	pos	0.867
数一数二	pos	0.867
滑天下之大稽	neg	0.867
上赶	neg	0.867
人寿年丰	pos	0.867
千姿百态	pos	0.867
金瓯无缺	pos	0.867
四海鼎沸	neg	0.867
国步艰难	neg	0.867
兴高采烈	pos	0.867
距跃三百	pos	0.867
鹊笑鸠舞	pos	0.867
不忍释手	pos	0.867
老牛舔犊	pos	0.867
崇敬	pos	0.867
颂扬	pos	0.867
鼻祖	pos	0.867
豪兴	pos	0.867
丰碑	pos	0.867
力挽狂澜	pos	0.867
披荆斩棘	pos	0.867
气吞山河	pos	0.867
前赴后继	pos	0.867
无微不至	pos	0.867
闻名遐迩	pos	0.867
堂堂正正	pos	0.867
肝胆相照	pos	0.867
矢志不渝	pos	0.867
咏赞	pos	0.867
赞叹不已	pos	0.867
入木三分	pos	0.867
声名远播	pos	0.867
独占鳌头	pos	0.867
一枝独秀	pos	0.867
独具匠心	pos	0.867
宝地	pos	0.867
戟指怒目	neg	0.867
城下之盟	neg	0.867
败类	pos	0.867
老狐狸	neg	0.867
厌恶	neg	0.867
可憎	neg	0.867
轻蔑	neg	0.867
吸血鬼	neg	0.867
兽行	neg	0.867
行同狗彘	neg	0.867
视如寇仇	neg	0.867
王八蛋	neg	0.867
癞皮狗	neg	0.867
妖孽	neg	0.867
忧心如薰	neg	0.867
不可企及	neg	0.867
嫉妒	neg	0.867
败家子	neg	0.867
草包	neg	0.867
人浮于事	neg	0.867
繁荣昌盛	pos	0.867
人欲横流	neg	0.867
鞭笞天下	pos	0.867
腹中兵甲	pos	0.867
夺人所好	neg	0.867
营私舞弊	neg	0.867
久要不忘	pos	0.867
言而不渝	pos	0.867
废奢长俭	pos	0.867
天下箸处	neg	0.867
推陈出新	pos	0.867
矢志不愈	pos	0.867
判若云泥	neg	0.867
火上浇油	neg	0.867
珠联璧合	pos	0.867
麟角凤嘴	pos	0.867
致死不悟	neg	0.867
旁门左道	neg	0.867
谈笑风生	pos	0.867
没齿不忘	pos	0.867
欺罔视听	neg	0.867
豺狐之心	neg	0.867
瓜蔓抄	neg	0.867
债台高筑	neg	0.867
刚毅不讷	pos	0.867
锱铢必较	neg	0.867
强盗挂念珠	neg	0.867
报仇雪恨	neg	0.867
漏脯充饥	neg	0.867
原形毕露	neg	0.867
自相残杀	neg	0.867
欺善怕恶	neg	0.867
肆意横行	neg	0.867
横行天下	neg	0.867
知情不举	neg	0.867
殚智竭力	pos	0.867
贪欢逐乐	neg	0.867
天朗气清	pos	0.867
绿水青山	pos	0.867
胆大包天	neg	0.867
涸泽而渔	neg	0.867
出口成章	pos	0.867
兼资文武	pos	0.867
七步成诗	pos	0.867
胸中甲兵	pos	0.867
殚见洽文	pos	0.867
闳大不经	pos	0.867
通人达才	pos	0.867
涉笔成趣	pos	0.867
桃李满天下	pos	0.867
再造之恩	pos	0.867
根深叶茂	pos	0.867
不遗余力	pos	0.867
兼功自厉	pos	0.867
拔树寻根	pos	0.867
祥麟威凤	pos	0.867
仙风道骨	pos	0.867
所向披靡	pos	0.867
弃甲倒戈	neg	0.867
偷东摸西	neg	0.867
放虎自卫	neg	0.867
冥室椟棺	neg	0.867
投机倒把	neg	0.867
咎由自取	neg	0.867
徙宅忘妻	neg	0.867
奋勇当先	pos	0.867
碧血丹心	pos	0.867
敬贤礼士	pos	0.867
尊师重道	pos	0.867
贪名爱利	neg	0.867
封豕长蛇	neg	0.867
蛇吞象	neg	0.867
葱白	pos	0.867
尔虞我诈	neg	0.867
滥竽充数	neg	0.867
招摇	neg	0.867
骄矜	neg	0.867
势利	neg	0.867
无稽之谈	neg	0.867
叶公好龙	neg	0.867
猥劣	neg	0.867
诡诈	neg	0.867
浇薄	neg	0.867
虚骄	neg	0.867
小心眼	neg	0.867
自私自利	neg	0.867
蛮不讲理	neg	0.867
愚鲁	neg	0.867
蠢笨	neg	0.867
水性杨花	neg	0.867
鬼祟	neg	0.867
奴颜媚骨	neg	0.867
恣意妄为	neg	0.867
兔死狗烹	neg	0.867
不识人间有羞耻事	neg	0.867
辱门败户	neg	0.867
人心似铁	neg	0.867
强横霸道	neg	0.867
化公为私	neg	0.867
权欲熏心	neg	0.867
膏粱子弟	neg	0.867
淫秽	neg	0.867
臭名昭著	neg	0.867
板荡	neg	0.867
兵痞	neg	0.867
谗佞	neg	0.867
伥鬼	neg	0.867
超卓	pos	0.867
崇信	pos	0.867
篡位	neg	0.867
桂冠	pos	0.867
饭桶	neg	0.867
鬼子	neg	0.867
砥柱	pos	0.867
懒怠	neg	0.867
公认	pos	0.867
啮噬	neg	0.867
殴打	neg	0.867
宏论	pos	0.867
吉期	pos	0.867
手黑	neg	0.867
偷盗	neg	0.867
透顶	neg	0.867
窝主	neg	0.867
佳境	pos	0.867
至交	pos	0.867
见长	pos	0.867
价廉质优	pos	0.867
光棍	neg	0.867
精悍	pos	0.867
英武	pos	0.867
坏事	neg	0.867
宽容	pos	0.867
自得其乐	pos	0.867
高贵	pos	0.867
英豪	pos	0.867
摆布	neg	0.867
尸位素餐	neg	0.867
栩栩如生	pos	0.867
有头无尾	neg	0.867
碌碌	neg	0.867
仰望	pos	0.867
幼稚	neg	0.867
传家宝	pos	0.867
无所事事	neg	0.867
高明	pos	0.867
驴唇不对马嘴	neg	0.867
天翻地覆	neg	0.867
花魁	pos	0.867
水到渠成	pos	0.867
狂暴	neg	0.867
莫须有	neg	0.867
空想	neg	0.867
好人	pos	0.867
瞎说	neg	0.867
凌虐	neg	0.867
痛快淋漓	pos	0.867
洋洋	pos	0.867
栽赃	neg	0.867
贼赃	neg	0.867
坐误	neg	0.867
勇决	pos	0.867
佳肴	pos	0.867
举荐	pos	0.867
见地	pos	0.867
巾帼	pos	0.867
金汤	pos	0.867
战鹰	pos	0.867
珍宝	pos	0.867
至品	pos	0.867
忠言	pos	0.867
卓异	pos	0.867
尽欢	pos	0.867
精通	pos	0.867
婞直	pos	0.867
唯命是从	neg	0.867
心地善良	pos	0.867
郁郁葱葱	pos	0.867
雍容华贵	pos	0.867
绚丽多彩	pos	0.867
胸怀坦白	pos	0.867
不敬	neg	0.867
味道鲜	pos	0.867
体力不支	neg	0.867
私下	neg	0.867
松散散	neg	0.867
险象环生	neg	0.867
岌岌不可终日	neg	0.867
吃不开	neg	0.867
低人一等	neg	0.867
刁恶	neg	0.867
短视	neg	0.867
孤孤单单	neg	0.867
寡了叭叽	neg	0.867
怪里怪气	neg	0.867
荒瘠	neg	0.867
灰头灰脸	neg	0.867
炙手可热	neg	0.867
忠心赤胆	pos	0.867
矍铄	pos	0.867
璞玉浑金	pos	0.867
千里馈粮	neg	0.867
堵得慌	neg	0.867
烦厌	neg	0.867
悔不该	neg	0.867
楚楚可人	pos	0.867
狡计多端	neg	0.867
剧毒	neg	0.867
博闻强记	pos	0.867
才思敏捷	pos	0.867
沉鱼落雁	pos	0.867
狂傲	neg	0.867
狼籍	neg	0.867
离心离德	neg	0.867
大名鼎鼎	pos	0.867
了不得	neg	0.867
绵里藏针	neg	0.867
拥挤不堪	neg	0.867
一笔一划	pos	0.867
有才干	pos	0.867
七零八落	neg	0.867
缺心眼	neg	0.867
通今博古	pos	0.867
风度翩翩	pos	0.867
风流倜傥	pos	0.867
高屋建瓴	pos	0.867
很有意义	pos	0.867
虎虎生气	pos	0.867
生机盎然	pos	0.867
饶有余韵	pos	0.867
恰如其分	pos	0.867
有头有尾	pos	0.867
有理有据	pos	0.867
名实相符	pos	0.867
锦绣江山	pos	0.867
为国捐躯	pos	0.867
经邦纬国	pos	0.867
治国安民	pos	0.867
大权旁落	neg	0.867
欢蹦乱跳	pos	0.867
皆大欢喜	pos	0.867
雀跃	pos	0.867
喜气洋洋	pos	0.867
势如破竹	pos	0.867
弹冠相庆	neg	0.867
流连忘返	pos	0.867
心爱	pos	0.867
无价之宝	pos	0.867
不分彼此	pos	0.867
亲密无间	pos	0.867
心肝宝贝	pos	0.867
独具特色	pos	0.867
肃穆	pos	0.867
推戴	pos	0.867
虔诚	pos	0.867
钦敬	pos	0.867
天保九如	pos	0.867
龟年鹤寿	pos	0.867
福寿绵绵	pos	0.867
长生不老	pos	0.867
拜聆	pos	0.867
安恬	pos	0.867
才华	pos	0.867
出众	pos	0.867
匠心独运	pos	0.867
大义凛然	pos	0.867
多谋善断	pos	0.867
高超	pos	0.867
雅俗共赏	pos	0.867
披星戴月	pos	0.867
气壮山河	pos	0.867
热火朝天	pos	0.867
容光焕发	pos	0.867
丹心	pos	0.867
忠于职守	pos	0.867
铁面无私	pos	0.867
万众一心	pos	0.867
壮观	pos	0.867
骁勇	pos	0.867
神勇	pos	0.867
虚怀若谷	pos	0.867
雄赳赳	pos	0.867
自告奋勇	pos	0.867
有志者事竟成	pos	0.867
救苦救难	pos	0.867
大发慈悲	pos	0.867
情同手足	pos	0.867
不屈不挠	pos	0.867
英雄好汉	pos	0.867
经久不衰	pos	0.867
啧啧称赞	pos	0.867
光灿夺目	pos	0.867
吃苦在前	pos	0.867
廉洁奉公	pos	0.867
贤人	pos	0.867
如火如荼	pos	0.867
长盛不衰	pos	0.867
奇伟	pos	0.867
源远流长	pos	0.867
力透纸背	pos	0.867
举世闻名	pos	0.867
博大精深	pos	0.867
猖狂	neg	0.867
狗腿子	neg	0.867
黑心肠	neg	0.867
恶霸	neg	0.867
狂妄	neg	0.867
掠夺	neg	0.867
嫌恶	neg	0.867
该死	neg	0.867
恶毒	neg	0.867
敲诈勒索	neg	0.867
蔑视	neg	0.867
唾弃	neg	0.867
惨毒	neg	0.867
不值一钱	neg	0.867
奸妇	neg	0.867
坏蛋	neg	0.867
蛇蝎	neg	0.867
祸水	neg	0.867
弊病	neg	0.867
居心不良	neg	0.867
比屋而封	pos	0.867
负重致远	pos	0.867
高抬明镜	pos	0.867
瞒天昧地	neg	0.867
贪财好贿	neg	0.867
擅自为谋	neg	0.867
植党营私	neg	0.867
解衣推食	pos	0.867
憞信明义	pos	0.867
惠尔不费	pos	0.867
钟鸣鼎食	neg	0.867
别树一帜	pos	0.867
誓死不二	pos	0.867
运筹帷幄	pos	0.867
守望相助	pos	0.867
温良谦恭让	pos	0.867
龙肝豹胎	pos	0.867
一误再误	neg	0.867
龙驹凤雏	pos	0.867
千头百绪	neg	0.867
一塌胡涂	neg	0.867
天作之合	pos	0.867
新婚燕尔	pos	0.867
黄河水清	pos	0.867
悬河泻水	pos	0.867
出言无状	neg	0.867
狗血喷头	neg	0.867
负荆请罪	pos	0.867
三年不窥园	pos	0.867
洪水猛兽	neg	0.867
腰缠万贯	pos	0.867
吮痈舐痔	neg	0.867
贪财恋色	neg	0.867
豺虎肆虐	neg	0.867
腥风血雨	neg	0.867
诛锄异己	neg	0.867
浩然之气	pos	0.867
奴颜婢睐	neg	0.867
以白为黑	neg	0.867
自相水火	neg	0.867
肆意妄为	neg	0.867
鸠占鹊巢	neg	0.867
轩然大波	neg	0.867
竭尽全力	pos	0.867
水木明瑟	pos	0.867
打落水狗	neg	0.867
索垢寻疵	neg	0.867
惺惺作态	neg	0.867
官逼民反	neg	0.867
嵩生岳降	pos	0.867
登堂入室	pos	0.867
青云直上	pos	0.867
生荣死哀	pos	0.867
时运亨通	pos	0.867
平生愿足	pos	0.867
十之八九	pos	0.867
六畜兴旺	pos	0.867
苦心孤诣	pos	0.867
向明而治	pos	0.867
无一不备	pos	0.867
英姿焕发	pos	0.867
犯颜极谏	pos	0.867
披露肝胆	pos	0.867
气压山河	pos	0.867
所向无前	pos	0.867
勇冠三军	pos	0.867
时乖命蹇	neg	0.867
一败如水	neg	0.867
一无可取	neg	0.867
狼奔豕突	neg	0.867
偷鸡摸狗	neg	0.867
开门揖盗	neg	0.867
引鬼上门	neg	0.867
戛戛独造	pos	0.867
不避艰险	pos	0.867
不食周粟	pos	0.867
礼贤下士	pos	0.867
礼让为国	pos	0.867
贪名逐利	neg	0.867
贪而无信	neg	0.867
雁过拔毛	neg	0.867
嗷嗷的	pos	0.867
我踩	pos	0.867
哈哈	pos	0.867
爆强	pos	0.867
花天酒地	neg	0.867
劳民伤财	neg	0.867
凶暴	neg	0.867
自负	neg	0.867
好色	neg	0.867
虚荣	neg	0.867
一毛不拔	neg	0.867
迂腐	neg	0.867
鬼蜮	neg	0.867
奸猾	neg	0.867
权诈	neg	0.867
缺德	neg	0.867
高慢	neg	0.867
小气	neg	0.867
劣根性	neg	0.867
隔岸观火	neg	0.867
粗鄙	neg	0.867
横行霸道	neg	0.867
鲁莽灭裂	neg	0.867
背信	neg	0.867
谄媚	neg	0.867
姑息养奸	neg	0.867
撒泼	neg	0.867
仗势欺人	neg	0.867
无情无义	neg	0.867
蛮横无理	neg	0.867
唯利是图	neg	0.867
垂涎欲滴	neg	0.867
贪天之功	neg	0.867
奸人	neg	0.867
纨绔子弟	neg	0.867
淫猥	neg	0.867
过激	neg	0.867
不堪入耳	neg	0.867
白痴	neg	0.867
璧谢	pos	0.867
娼妇	neg	0.867
超等	pos	0.867
奢靡	neg	0.867
崇仰	pos	0.867
蠢货	neg	0.867
恶浪	neg	0.867
匪首	neg	0.867
沽名	neg	0.867
昏君	neg	0.867
积弊	neg	0.867
奸贼	neg	0.867
酷烈	neg	0.867
夺目	pos	0.867
奋勇	pos	0.867
勒诈	neg	0.867
离间	neg	0.867
沦亡	neg	0.867
买通	neg	0.867
孽根	neg	0.867
扒窃	neg	0.867
叛变	neg	0.867
戕害	neg	0.867
和风	pos	0.867
宏博	pos	0.867
宏图	pos	0.867
首恶	neg	0.867
嗾使	neg	0.867
铁蹄	neg	0.867
偷摸	neg	0.867
荼毒	neg	0.867
吞剥	neg	0.867
淆惑	neg	0.867
挟持	neg	0.867
邪僻	neg	0.867
凶煞	neg	0.867
壮志凌云	pos	0.867
堂堂	pos	0.867
乌七八糟	neg	0.867
动乱	neg	0.867
肤浅	neg	0.867
文雅	pos	0.867
舍身为国	pos	0.867
绝色	pos	0.867
走卒	neg	0.867
作伪	neg	0.867
歹人	neg	0.867
卑下	neg	0.867
播弄	neg	0.867
不三不四	neg	0.867
趁火打劫	neg	0.867
愚昧	neg	0.867
真心	pos	0.867
凶险	neg	0.867
心灵	pos	0.867
秀气	pos	0.867
龙腾虎跃	pos	0.867
强暴	neg	0.867
寒碜	neg	0.867
唯唯诺诺	neg	0.867
混蛋	neg	0.867
赏心悦目	pos	0.867
内乱	neg	0.867
上赶着	neg	0.867
真谛	pos	0.867
赃物	neg	0.867
饶沃	pos	0.867
诗圣	pos	0.867
诛灭	neg	0.867
走狗	neg	0.867
钻营	neg	0.867
作俑	neg	0.867
佳话	pos	0.867
坚劲	pos	0.867
解放	pos	0.867
珍奇	pos	0.867
至宝	pos	0.867
挚情	pos	0.867
忠告	pos	0.867
精灵	pos	0.867
眷爱	pos	0.867
不近情理	neg	0.867
缠手	neg	0.867
蠢头蠢脑	neg	0.867
浮皮蹭痒	neg	0.867
赶尽杀绝	neg	0.867
寒伧	neg	0.867
晦冥	neg	0.867
倜傥不羁	pos	0.867
急巴巴	neg	0.867
夹七夹八	neg	0.867
小肚鸡肠	neg	0.867
心胸狭窄	neg	0.867
矫揉造作	neg	0.867
不亢不卑	pos	0.867
可怖	neg	0.867
才华横溢	pos	0.867
空幻	neg	0.867
持正不阿	pos	0.867
聪明绝顶	pos	0.867
凛凛	pos	0.867
令人疲倦	neg	0.867
乱乎	neg	0.867
闹哄哄	neg	0.867
蓬头散发	neg	0.867
偏心眼	neg	0.867
欠周到	neg	0.867
穷困潦倒	neg	0.867
认死理	neg	0.867
高精尖	pos	0.867
赫赫有名	pos	0.867
深藏若虚	pos	0.867
清新淡雅	pos	0.867
谦顺	pos	0.867
千方百计	neg	0.867
万不得已	neg	0.867
铁打江山	pos	0.867
尸位误国	neg	0.867
栋折榱崩	neg	0.867
救亡图存	pos	0.867
欢天喜地	pos	0.867
喜冲冲	pos	0.867
普天同庆	pos	0.867
燕雀相贺	pos	0.867
钟爱	pos	0.867
呼吸相通	pos	0.867
形影不离	pos	0.867
千里鹅毛	pos	0.867
千古不灭	pos	0.867
宝爱	pos	0.867
拥护	pos	0.867
仰不愧天	pos	0.867
博学多才	pos	0.867
崇高	pos	0.867
豪壮	pos	0.867
豪情	pos	0.867
兢兢业业	pos	0.867
大无畏	pos	0.867
废寝忘食	pos	0.867
雷厉风行	pos	0.867
玲珑剔透	pos	0.867
好玩	pos	0.867
气冲霄汉	pos	0.867
全心全意	pos	0.867
舍生忘死	pos	0.867
恩重如山	pos	0.867
目不转睛	pos	0.867
视死如归	pos	0.867
忠义	pos	0.867
救灾恤邻	pos	0.867
英杰	pos	0.867
仗义疏财	pos	0.867
涅而不缁	pos	0.867
贤哲	pos	0.867
极负盛誉	pos	0.867
质优价廉	pos	0.867
别具一格	pos	0.867
匠心独具	pos	0.867
再生父母	pos	0.867
褒誉	pos	0.867
宝山	pos	0.867
溃不成军	neg	0.867
嚣张	neg	0.867
青面獠牙	neg	0.867
滔天	neg	0.867
无所不用其极	neg	0.867
张牙舞爪	neg	0.867
凌辱	neg	0.867
嫉恶如仇	neg	0.867
视如敝屣	neg	0.867
狗崽子	neg	0.867
不学无术	neg	0.867
贪心	neg	0.867
大同境域	pos	0.867
太平盛世	pos	0.867
道路以目	neg	0.867
拔葵去织	neg	0.867
一清如水	pos	0.867
扶善惩恶	pos	0.867
扶危济困	pos	0.867
信誉卓著	pos	0.867
节用裕民	pos	0.867
食前方丈	neg	0.867
独树一帜	pos	0.867
无往不利	pos	0.867
乐极生悲	neg	0.867
昆山片玉	pos	0.867
麟肝凤髓	pos	0.867
希世之宝	pos	0.867
人心惟危	neg	0.867
泥古不化	neg	0.867
人生七十古来稀	pos	0.867
夭桃秾李	pos	0.867
不祧之祖	pos	0.867
妙语解颐	pos	0.867
分毫析厘	pos	0.867
胡说八道	neg	0.867
妄下雌黄	neg	0.867
欺天罔人	neg	0.867
杀人如草	neg	0.867
狰狞面目	neg	0.867
日削月朘	neg	0.867
疾风知劲草	pos	0.867
互相残杀	neg	0.867
捧头鼠窜	neg	0.867
佛口蛇心	neg	0.867
倒果为因	neg	0.867
当场出彩	neg	0.867
转祸为福	pos	0.867
兄弟阋墙	neg	0.867
肆言谩骂	neg	0.867
悍然不顾	neg	0.867
含垢藏疾	neg	0.867
殚精竭虑	pos	0.867
目无王法	neg	0.867
窥间伺隙	neg	0.867
惊弓之鸟	neg	0.867
公才公望	pos	0.867
弸中彪外	pos	0.867
人中骐骥	pos	0.867
满腹诗书	pos	0.867
远见卓识	pos	0.867
岁寒知松柏	pos	0.867
面壁功深	pos	0.867
英雄所见略同	pos	0.867
方兴未艾	pos	0.867
倍道兼行	pos	0.867
攻苦食淡	pos	0.867
自强不息	pos	0.867
国士无双	pos	0.867
丰姿冶丽	pos	0.867
百战百胜	pos	0.867
挥戈反日	pos	0.867
落荒而逃	neg	0.867
害人不浅	neg	0.867
无可救药	neg	0.867
玩物丧志	neg	0.867
赔了夫人又折兵	neg	0.867
自食其果	neg	0.867
鸿篇巨制	pos	0.867
单枪匹马	pos	0.867
勇者不惧	pos	0.867
敬天爱民	pos	0.867
以礼相待	pos	0.867
大巧若拙	pos	0.867
狼心狗行	neg	0.867
贪如虎狼	neg	0.867
哇塞	pos	0.867
巨强	pos	0.867
爽歪歪	pos	0.867
刻薄	neg	0.867
落井下石	neg	0.867
粗俗	neg	0.867
忘恩负义	neg	0.867
险诈	neg	0.867
卑污	neg	0.867
刁顽	neg	0.867
德薄	neg	0.867
狗熊	neg	0.867
孤芳自赏	neg	0.867
愚陋	neg	0.867
轻佻	neg	0.867
可鄙	neg	0.867
不孝	neg	0.867
苟且	neg	0.867
胁肩谄笑	neg	0.867
低级	neg	0.867
木石心肠	neg	0.867
粪土不如	neg	0.867
利己	neg	0.867
欲壑难填	neg	0.867
淫心	neg	0.867
凡俗	neg	0.867
无耻之徒	neg	0.867
淫乱	neg	0.867
淫糜	neg	0.867
以怨报德	neg	0.867
一钱不值	neg	0.867
质次价高	neg	0.867
定心丸	pos	0.867
精辟	pos	0.867
彪炳	pos	0.867
称叹	pos	0.867
出尘	pos	0.867
疮痍	neg	0.867
蠢材	neg	0.867
党阀	neg	0.867
喋血	neg	0.867
儿戏	neg	0.867
匪盗	neg	0.867
浮荡	neg	0.867
惶悚	neg	0.867
凌乱	neg	0.867
工力	pos	0.867
光华	pos	0.867
闺秀	pos	0.867
虐杀	neg	0.867
叛卖	neg	0.867
河岳	pos	0.867
和祥	pos	0.867
豁然	pos	0.867
吉兆	pos	0.867
侵凌	neg	0.867
蛆虫	neg	0.867
势焰	neg	0.867
受害	neg	0.867
耍弄	neg	0.867
挑弄	neg	0.867
歪道	neg	0.867
窝点	neg	0.867
邪路	neg	0.867
蓄谋	neg	0.867
草鸡	neg	0.867
豪爽	pos	0.867
娇滴滴	pos	0.867
挂羊头卖狗肉	neg	0.867
败落	neg	0.867
到家	pos	0.867
风和日丽	pos	0.867
血性	pos	0.867
算计	neg	0.867
斤斤计较	neg	0.867
神妙	pos	0.867
痴子	neg	0.867
狐狸精	neg	0.867
精深	pos	0.867
褒奖	pos	0.867
甜丝丝	pos	0.867
醇朴	pos	0.867
陈陈相因	neg	0.867
栽跟头	neg	0.867
跃然纸上	pos	0.867
宏大	pos	0.867
坍台	neg	0.867
畅快	pos	0.867
悔过	neg	0.867
鄙吝	neg	0.867
正经	pos	0.867
清爽	pos	0.867
讨厌	neg	0.867
险恶	neg	0.867
气焰	neg	0.867
饶裕	pos	0.867
诗豪	pos	0.867
嘉慰	pos	0.867
见爱	pos	0.867
健旺	pos	0.867
米珠薪桂	neg	0.867
卓识	pos	0.867
心仪已久	pos	0.867
暗无天日	neg	0.867
不分青红皂白	neg	0.867
不伦不类	neg	0.867
不切实际	neg	0.867
岌岌可危	neg	0.867
低卑	neg	0.867
乖谬	neg	0.867
坏人当道	neg	0.867
憋得慌	neg	0.867
急急巴巴	neg	0.867
惨不忍睹	neg	0.867
弹尽粮绝	neg	0.867
小家子相	neg	0.867
见风使舵	neg	0.867
经验不足	neg	0.867
开小差	neg	0.867
春秋鼎盛	pos	0.867
流里流气	neg	0.867
乱了营	neg	0.867
没心没肺	neg	0.867
目光短浅	neg	0.867
难人	neg	0.867
闹闹哄哄	neg	0.867
笃信	pos	0.867
认死理儿	neg	0.867
凤毛麟角	pos	0.867
功不可没	pos	0.867
全知全能	pos	0.867
天怒人怨	neg	0.867
朴拙	pos	0.867
捉襟见肘	neg	0.867
泼悍	neg	0.867
惨痛	neg	0.867
政出多门	neg	0.867
屈节辱命	neg	0.867
豆剖瓜分	neg	0.867
开国济民	pos	0.867
鄙俚	neg	0.867
欢欣鼓舞	pos	0.867
喜出望外	pos	0.867
喜形于色	pos	0.867
旌旗蔽日	pos	0.867
馨香祷祝	pos	0.867
爱不忍释	pos	0.867
舐犊情深	pos	0.867
连根共树	pos	0.867
形影相追	pos	0.867
崇尚	pos	0.867
景慕	pos	0.867
不朽	pos	0.867
才略过人	pos	0.867
伟人	pos	0.867
宝眷	pos	0.867
高亢	pos	0.867
豪情满怀	pos	0.867
光明磊落	pos	0.867
见义勇为	pos	0.867
顶天立地	pos	0.867
奋不顾身	pos	0.867
踌躇满志	pos	0.867
日理万机	pos	0.867
忠心耿耿	pos	0.867
仁爱	pos	0.867
忠烈	pos	0.867
豪气	pos	0.867
始终不渝	pos	0.867
舆死扶伤	pos	0.867
无名英雄	pos	0.867
悲愤填膺	neg	0.867
廉政	pos	0.867
圣贤	pos	0.867
先知	pos	0.867
别具匠心	pos	0.867
得天独厚	pos	0.867
毛骨悚然	neg	0.867
怒气冲天	neg	0.867
祸国殃民	neg	0.867
歹徒	neg	0.867
独裁	neg	0.867
耻辱	neg	0.867
狰狞	neg	0.867
罪孽深重	neg	0.867
疾首蹙额	neg	0.867
丧家之犬	neg	0.867
视若草芥	neg	0.867
杂种	neg	0.867
狗东西	neg	0.867
憋闷	neg	0.867
郁郁不得志	neg	0.867
忧心如捣	neg	0.867
忧国如家	pos	0.867
削足适履	neg	0.867
不择手段	neg	0.867
陈腐	neg	0.867
大有年	pos	0.867
法不阿贵	pos	0.867
一树百获	pos	0.867
扶危持倾	pos	0.867
国家栋梁	pos	0.867
不私其利	pos	0.867
洗手奉职	pos	0.867
乘伪行诈	neg	0.867
一己之私	neg	0.867
义无反顾	pos	0.867
扶危拯溺	pos	0.867
抱柱之信	pos	0.867
口血未干	neg	0.867
谨行俭用	pos	0.867
食日万钱	neg	0.867
矢志不移	pos	0.867
洞中肯綮	pos	0.867
雪中送炭	pos	0.867
逢凶化吉	pos	0.867
万象更新	pos	0.867
朝更暮改	neg	0.867
否极泰来	pos	0.867
唾面自干	neg	0.867
光宗耀祖	pos	0.867
池鱼之祸	neg	0.867
顾影自怜	neg	0.867
驰名当世	pos	0.867
妄言妄听	neg	0.867
铭记镂骨	pos	0.867
泼天大祸	neg	0.867
趋炎附势	neg	0.867
草薙禽狝	neg	0.867
焚书坑儒	neg	0.867
一文如命	neg	0.867
颠倒是非	neg	0.867
舍本逐末	neg	0.867
东窗事发	neg	0.867
暮虢朝虞	neg	0.867
自相残害	neg	0.867
欺人太甚	neg	0.867
含垢纳污	neg	0.867
沸反盈天	neg	0.867
殚思极虑	pos	0.867
狂奴故态	neg	0.867
春山如笑	pos	0.867
披毛索厣	neg	0.867
加人一筹	pos	0.867
日试万言	pos	0.867
大含细入	pos	0.867
食而不化	neg	0.867
春风雨露	pos	0.867
大德不酬	pos	0.867
明见万里	pos	0.867
有脚阳春	pos	0.867
开山祖师	pos	0.867
再生之德	pos	0.867
风靡一时	pos	0.867
功亏一篑	neg	0.867
蔽美扬恶	neg	0.867
一败涂地	neg	0.867
蹈刃不旋	pos	0.867
有进无退	pos	0.867
敬上爱下	pos	0.867
众星捧月	pos	0.867
裒敛无厌	neg	0.867
贪猥无厌	neg	0.867
太强了	pos	0.867
昏庸	neg	0.867
玩忽职守	neg	0.867
无知	neg	0.867
恶恶实实	neg	0.867
阴鸷	neg	0.867
愚懦	neg	0.867
目空一切	neg	0.867
心窄	neg	0.867
以邻为壑	neg	0.867
愚钝	neg	0.867
见异思迁	neg	0.867
奴颜卑膝	neg	0.867
好逸恶劳	neg	0.867
木心石腹	neg	0.867
不才	neg	0.867
损公肥私	neg	0.867
名缰利锁	neg	0.867
物欲横流	neg	0.867
淫亵	neg	0.867
变态	neg	0.867
登高望远	pos	0.867
放心	pos	0.867
畅适	pos	0.867
超拔	pos	0.867
超俗	pos	0.867
称扬	pos	0.867
吃货	neg	0.867
骋怀	pos	0.867
撺掇	neg	0.867
毒打	neg	0.867
二心	neg	0.867
饭囊	neg	0.867
蛊惑	neg	0.867
大儒	pos	0.867
沦落	neg	0.867
归心	pos	0.867
虐政	neg	0.867
叛逃	neg	0.867
豪语	pos	0.867
喝彩	pos	0.867
贺年	pos	0.867
大吉大利	pos	0.867
施暴	neg	0.867
投敌	neg	0.867
窝赃	neg	0.867
效尤	neg	0.867
蓄意	neg	0.867
阴霾	neg	0.867
亲和	pos	0.867
气派	pos	0.867
悠扬	pos	0.867
无所作为	neg	0.867
大好	pos	0.867
错乱	neg	0.867
说一不二	pos	0.867
言而有信	pos	0.867
美妙	pos	0.867
诡谲	neg	0.867
大言不惭	neg	0.867
了不起	pos	0.867
私通	neg	0.867
治世	pos	0.867
低下	neg	0.867
荒疏	neg	0.867
零落	neg	0.867
飞将军	pos	0.867
真情	pos	0.867
松松垮垮	neg	0.867
鸡飞蛋打	neg	0.867
诛求	neg	0.867
坐监	neg	0.867
纵情	pos	0.867
赃款	neg	0.867
钻心	neg	0.867
作乱	neg	0.867
建树	pos	0.867
节操	pos	0.867
珍品	pos	0.867
峥嵘	pos	0.867
志行	pos	0.867
至言	pos	0.867
挚切	pos	0.867
忠忱	pos	0.867
卓荦	pos	0.867
要死要活	neg	0.867
胆小怕事	neg	0.867
饿殍遍野	neg	0.867
肤皮潦草	neg	0.867
孤陋寡闻	neg	0.867
晦暗	neg	0.867
倜傥不群	pos	0.867
恶骂	neg	0.867
假正经	neg	0.867
假模假式	neg	0.867
心如蛇蝎	neg	0.867
浇漓	neg	0.867
矫情造作	neg	0.867
闭月羞花	pos	0.867
空空洞洞	neg	0.867
老大难	neg	0.867
令人费解	neg	0.867
乱烘烘	neg	0.867
闹得慌	neg	0.867
蓬头垢面	neg	0.867
欠完善	neg	0.867
任纵	neg	0.867
荆棘载途	neg	0.867
才高八斗	pos	0.867
茫茫然	neg	0.867
爽心悦目	pos	0.867
实至名归	pos	0.867
十全	pos	0.867
坚贞不渝	pos	0.867
赏罚严明	pos	0.867
山明水秀	pos	0.867
情文并茂	pos	0.867
趣味盎然	pos	0.867
蹙国丧师	neg	0.867
欢腾	pos	0.867
嘻嘻哈哈	pos	0.867
喜滋滋	pos	0.867
载歌载舞	pos	0.867
夹道欢呼	pos	0.867
披红戴花	pos	0.867
久旱逢甘雨	pos	0.867
家弦户诵	pos	0.867
热爱	pos	0.867
视如珍宝	pos	0.867
如影随形	pos	0.867
企慕	pos	0.867
爱惜	pos	0.867
宝库	pos	0.867
豪迈	pos	0.867
宏愿	pos	0.867
矢志	pos	0.867
精益求精	pos	0.867
大公无私	pos	0.867
典范	pos	0.867
赴汤蹈火	pos	0.867
高瞻远瞩	pos	0.867
老当益壮	pos	0.867
埋头苦干	pos	0.867
聚精会神	pos	0.867
响彻云霄	pos	0.867
义正词严	pos	0.867
美德	pos	0.867
脱俗	pos	0.867
精忠	pos	0.867
啧啧称羡	pos	0.867
救死扶伤	pos	0.867
全神贯注	pos	0.867
英雄汉	pos	0.867
水米无交	pos	0.867
超凡脱俗	pos	0.867
无可挑剔	pos	0.867
物美价廉	pos	0.867
顶呱呱	pos	0.867
身手不凡	pos	0.867
尽善尽美	pos	0.867
独领风骚	pos	0.867
恩同再造	pos	0.867
褒美	pos	0.867
宝剑	pos	0.867
暴徒	neg	0.867
蚕食鲸吞	neg	0.867
诡计	neg	0.867
荒淫	neg	0.867
毒害	neg	0.867
恶人	neg	0.867
狼心狗肺	neg	0.867
迫害	neg	0.867
鄙视	neg	0.867
屠杀	neg	0.867
无恶不作	neg	0.867
兴妖作怪	neg	0.867
奸笑	neg	0.867
怵心刿目	neg	0.867
俗不可耐	neg	0.867
一潭死水	neg	0.867
惶惶	neg	0.867
张皇失措	neg	0.867
启人疑窦	neg	0.867
傲慢	neg	0.867
大法小廉	pos	0.867
长夜难明	neg	0.867
有天无日	neg	0.867
三顾茅庐	pos	0.867
经纶济世	pos	0.867
阴谋诡计	neg	0.867
一琴一鹤	pos	0.867
徇私舞弊	neg	0.867
抑暴扶弱	pos	0.867
扶倾济弱	pos	0.867
墙倒众人推	neg	0.867
信誓旦旦	pos	0.867
布衣疏食	pos	0.867
节用厚生	pos	0.867
铺张扬厉	neg	0.867
万事亨通	pos	0.867
石烂海枯	pos	0.867
至死不变	pos	0.867
洞幽烛微	pos	0.867
审时度势	pos	0.867
九天九地	pos	0.867
毁于一旦	neg	0.867
锦上添花	pos	0.867
屡教不改	neg	0.867
顽梗不化	neg	0.867
郎才女貌	pos	0.867
赏同罚异	neg	0.867
以暴易暴	neg	0.867
德深望重	pos	0.867
名重识暗	neg	0.867
欺世罔俗	neg	0.867
上梁不正下梁歪	neg	0.867
弥天大祸	neg	0.867
屋漏偏遭连夜雨	neg	0.867
卖身投靠	neg	0.867
积毁销骨	neg	0.867
声色货利	neg	0.867
杀人灭口	neg	0.867
杀人越货	neg	0.867
动心忍性	pos	0.867
兵连祸结	neg	0.867
衅发萧墙	neg	0.867
肆言詈辱	neg	0.867
藏垢纳污	neg	0.867
同恶相济	neg	0.867
殚精毕力	pos	0.867
目无法纪	neg	0.867
雪窖冰天	neg	0.867
允文允武	pos	0.867
立地书橱	pos	0.867
有眼无珠	neg	0.867
试金石	pos	0.867
兼覆无遗	pos	0.867
一世龙门	pos	0.867
雨后春笋	pos	0.867
旰食之劳	pos	0.867
夙夜匪懈	pos	0.867
兼容并包	pos	0.867
龙章凤姿	pos	0.867
守正不阿	pos	0.867
横扫千军	pos	0.867
无敌于天下	pos	0.867
道尽途穷	neg	0.867
行尸走肉	neg	0.867
同流合污	neg	0.867
矜功伐善	neg	0.867
说嘴打嘴	neg	0.867
自取其咎	neg	0.867
作茧自缚	neg	0.867
人前背后	neg	0.867
从容就义	pos	0.867
慷慨赴义	pos	0.867
勇猛直前	pos	0.867
黄花晚节	pos	0.867
敬贤爱士	pos	0.867
贪求无厌	neg	0.867
顶了	pos	0.867
啥也不说了	neg	0.867
好高务远	neg	0.867
刚愎自用	neg	0.867
烂摊子	neg	0.867
奢侈	neg	0.867
自私	neg	0.867
恶狠狠	neg	0.867
阴贼	neg	0.867
邪念	neg	0.867
幸灾乐祸	neg	0.867
刁悍	neg	0.867
不义	neg	0.867
自命不凡	neg	0.867
顽固不化	neg	0.867
刁诈	neg	0.867
招摇撞骗	neg	0.867
斥责	neg	0.867
反眼不识	neg	0.867
异想天开	neg	0.867
明哲保身	neg	0.867
贪心不足	neg	0.867
不廉	neg	0.867
淫荡	neg	0.867
荡检逾闲	neg	0.867
一文不值	neg	0.867
惨杀	neg	0.867
疯狂	neg	0.867
精明强干	pos	0.867
不渝	neg	0.867
魑魅	neg	0.867
党棍	neg	0.867
地煞	neg	0.867
黩武	neg	0.867
恶煞	neg	0.867
腐旧	neg	0.867
苟安	neg	0.867
大才	pos	0.867
惶然	neg	0.867
攫取	neg	0.867
蜚声	pos	0.867
奉献	pos	0.867
厉鬼	neg	0.867
高卧	pos	0.867
纳粹	neg	0.867
叛乱	neg	0.867
豪举	pos	0.867
河山	pos	0.867
鸿儒	pos	0.867
鸿福	pos	0.867
挑动	neg	0.867
屠戮	neg	0.867
玩忽	neg	0.867
诬栽	neg	0.867
邪道	neg	0.867
炎凉	neg	0.867
遗恨	neg	0.867
阴狠	neg	0.867
冤狱	neg	0.867
大师	pos	0.867
明察秋毫	pos	0.867
皎洁	pos	0.867
褒扬	pos	0.867
调戏	neg	0.867
匹夫	neg	0.867
披肝沥胆	pos	0.867
习染	neg	0.867
骨干	pos	0.867
丢人现眼	neg	0.867
沆瀣一气	neg	0.867
状元	pos	0.867
深谋远虑	pos	0.867
喜事	pos	0.867
坐井观天	neg	0.867
二五眼	neg	0.867
英明	pos	0.867
死皮赖脸	neg	0.867
腻烦	neg	0.867
欣赏	pos	0.867
祥和	pos	0.867
绕圈子	neg	0.867
恣意	neg	0.867
婵娟	pos	0.867
妙不可言	pos	0.867
鼓吹	neg	0.867
吵闹	neg	0.867
危殆	neg	0.867
无动于衷	neg	0.867
青出于蓝	pos	0.867
暗弱	neg	0.867
暗沉沉	neg	0.867
机巧	pos	0.867
完满	pos	0.867
精纯	pos	0.867
精镌	pos	0.867
有良心	pos	0.867
高尚	pos	0.867
刁蛮	neg	0.867
恶浊	neg	0.867
淫靡	neg	0.867
不知羞耻	neg	0.867
猥亵	neg	0.867
和美	pos	0.867
拔萃	pos	0.867
百折不回	pos	0.867
百折不挠	pos	0.867
暴戾恣睢	neg	0.867
不道	neg	0.867
不名誉	neg	0.867
超绝	pos	0.867
聪明伶俐	pos	0.867
呆笨	neg	0.867
怠惰	neg	0.867
丰硕	pos	0.867
孤傲	neg	0.867
寡味	neg	0.867
好样儿的	pos	0.867
回肠荡气	pos	0.867
价廉物美	pos	0.867
坚韧不拔	pos	0.867
洁身自律	pos	0.867
精娴	pos	0.867
绝妙	pos	0.867
可恶	neg	0.867
抠唆	neg	0.867
枯燥无味	neg	0.867
懒惰	neg	0.867
劳苦功高	pos	0.867
乐不可支	pos	0.867
蛮悍	neg	0.867
满怀豪情	pos	0.867
名列前茅	pos	0.867
年高德劭	pos	0.867
气度不凡	pos	0.867
气宇轩昂	pos	0.867
惬当	pos	0.867
倾羡	pos	0.867
清风两袖	pos	0.867
情意绵绵	pos	0.867
入微	pos	0.867
飒爽	pos	0.867
上上	pos	0.867
深湛	pos	0.867
生杀予夺	neg	0.867
坦荡	pos	0.867
涂炭	neg	0.867
文质彬彬	pos	0.867
无行	neg	0.867
无足轻重	neg	0.867
喜上眉梢	pos	0.867
心慈面软	pos	0.867
凶残	neg	0.867
夜郎自大	neg	0.867
勇略	neg	0.867
友爱	pos	0.867
愚笨	neg	0.867
愚妄	neg	0.867
忠实	pos	0.867
钟灵毓秀	pos	0.867
自大	neg	0.867
自强	pos	0.867
贪大求全	neg	0.867
野心勃勃	neg	0.867
天开图画	pos	0.867
品学兼优	pos	0.867
灵丹妙药	pos	0.867
名下无虚	pos	0.867
卑躬屈节	neg	0.867
逞性妄为	neg	0.867
头会箕赋	neg	0.867
言而不信	neg	0.867
以售其奸	neg	0.867
自作自受	neg	0.867
人给家足	pos	0.867
方闻之士	pos	0.867
急先锋	pos	0.867
经明行修	pos	0.867
一马当先	pos	0.867
周急济贫	pos	0.867
凌弱暴寡	neg	0.867
皮笑肉不笑	neg	0.867
杀人盈野	neg	0.867
声色犬马	neg	0.867
恃强凌弱	neg	0.867
贪贿无艺	neg	0.867
面目全非	neg	0.867
一朝天子一朝臣	neg	0.867
人心叵测	neg	0.867
多行不义必自毖	neg	0.867
令人生厌	neg	0.867
千金一掷	neg	0.867
不为五斗米折腰	pos	0.867
官清法正	pos	0.867
恪守不渝	pos	0.867
青眼相加	pos	0.867
惟命是从	neg	0.867
拔萃出类	pos	0.867
保残守缺	neg	0.867
背本趋末	neg	0.867
弊绝风清	pos	0.867
不辨菽麦	neg	0.867
不成样子	neg	0.867
不问青红皂白	neg	0.867
才高意广	pos	0.867
才疏学浅	neg	0.867
仓皇失措	neg	0.867
崇洋媚外	neg	0.867
从一而终	pos	0.867
从者如云	pos	0.867
大而笨拙	neg	0.867
大获全胜	pos	0.867
道学先生	neg	0.867
栋梁之材	pos	0.867
多难兴邦	pos	0.867
焚膏继晷	pos	0.867
勾心斗角	neg	0.867
冠绝一时	pos	0.867
呵佛骂祖	neg	0.867
横蛮无理	neg	0.867
监守自盗	neg	0.867
金帛珠玉	pos	0.867
救民水火	pos	0.867
靠得住	pos	0.867
利锁名缰	neg	0.867
满腹珠玑	pos	0.867
目中无人	neg	0.867
囊空如洗	neg	0.867
千里之驹	pos	0.867
日久见人心	pos	0.867
如胶似漆	pos	0.867
如日方升	pos	0.867
赏罚分明	pos	0.867
神采焕发	pos	0.867
生龙活虎	pos	0.867
损人利己	neg	0.867
贪声逐色	neg	0.867
倜傥之才	pos	0.867
同室操戈	neg	0.867
亡命之徒	neg	0.867
五经筒	pos	0.867
养痈遗患	neg	0.867
尧天舜日	pos	0.867
一鸣惊人	pos	0.867
一无所能	neg	0.867
一柱擎天	pos	0.867
以血洗血	neg	0.867
用兵如神	pos	0.867
迂腐腾腾	neg	0.867
指天誓心	pos	0.867
卓尔不群	pos	0.867
卓有成效	pos	0.867
做手脚	neg	0.867
恶念	neg	0.867
娇儿	pos	0.867
广厦	pos	0.867
毒谋	neg	0.867
蠹虫	neg	0.867
奸臣	neg	0.867
弘旨	pos	0.867
民族英雄	pos	0.867
帮凶	neg	0.867
宝贝疙瘩	pos	0.867
宝盒	pos	0.867
才略	pos	0.867
才女	pos	0.867
大捷	pos	0.867
高风	pos	0.867
狗屁	neg	0.867
豪杰	pos	0.867
结晶	pos	0.867
精粹	pos	0.867
灵性	pos	0.867
圈套	neg	0.867
人才	pos	0.867
上品	pos	0.867
兽性	neg	0.867
贤达	pos	0.867
邪心	neg	0.867
鹰犬	neg	0.867
崽子	neg	0.867
掌上明珠	pos	0.867
衷肠	pos	0.867
卓见	pos	0.867
灼见	pos	0.867
足赤	pos	0.867
嘴脸	neg	0.867
罪情	neg	0.867
走召弓虽	pos	0.867
病态	neg	0.867
极神圣	pos	0.867
不开化	neg	0.867
凫趋雀跃	pos	0.867
配不上	neg	0.867
残杀	neg	0.867
龟缩	neg	0.867
再犯	neg	0.867
称快	pos	0.867
拍马屁	neg	0.867
叛国	neg	0.867
诬害	neg	0.867
亵渎	neg	0.867
附逆	neg	0.867
朝贺	pos	0.867
唾骂	neg	0.867
鄙夷	neg	0.867
仇视	neg	0.867
垂盼	pos	0.867
妒忌	neg	0.867
歌诵	pos	0.867
鼓舌	neg	0.867
关怀备至	pos	0.867
嘉许	pos	0.867
搅和	neg	0.867
勉励	pos	0.867
钦佩	pos	0.867
倾注	pos	0.867
惹是生非	neg	0.867
肃然起敬	pos	0.867
贪污	neg	0.867
偷梁换柱	neg	0.867
妄称	neg	0.867
诬赖	neg	0.867
挟制	neg	0.867
信服	pos	0.867
血口喷人	neg	0.867
一意孤行	neg	0.867
冤死	neg	0.867
珍藏	pos	0.867
诤谏	pos	0.867
诛除	neg	0.867
赃官	neg	0.867
群芳	pos	0.867
诛戮	neg	0.867
罪人	neg	0.867
坐地虎	neg	0.867
逸群	pos	0.867
交辉	pos	0.867
结彩	pos	0.867
珍存	pos	0.867
诤言	pos	0.867
志向	pos	0.867
挚诚	pos	0.867
衷情	pos	0.867
精醇	pos	0.867
惟命是听	neg	0.867
不堪设想	neg	0.867
不郎不秀	neg	0.867
不问是非情由	neg	0.867
大而无当	neg	0.867
刁钻古怪	neg	0.867
恶煞煞	neg	0.867
骨鲠在喉	neg	0.867
怀恨在心	neg	0.867
百听不厌	pos	0.867
百折不挠地	pos	0.867
博古通今	pos	0.867
空洞无聊	neg	0.867
令人讨厌	neg	0.867
乱纷纷	neg	0.867
满脸横肉	neg	0.867
没教养	neg	0.867
拿腔作势	neg	0.867
囊中羞涩	neg	0.867
欠妥	neg	0.867
犬牙交错	neg	0.867
合胃口	pos	0.867
拾金不昧	pos	0.867
山清水秀	pos	0.867
入时	pos	0.867
饶富	pos	0.867
情真意切	pos	0.867
美轮美奂	pos	0.867
哀兵必胜	pos	0.867
一国三公	neg	0.867
蹙国百里	neg	0.867
光复旧物	pos	0.867
快活	pos	0.867
意气风发	pos	0.867
欢声笑语	pos	0.867
乐不可言	pos	0.867
锣鼓喧天	pos	0.867
张灯结彩	pos	0.867
娇宠	neg	0.867
老牛舐犊	pos	0.867
鬼迷心窍	neg	0.867
如兄如弟	pos	0.867
十指连心	pos	0.867
命根	pos	0.867
崇拜	pos	0.867
歌颂	pos	0.867
服膺	pos	0.867
爱国	pos	0.867
雄心	pos	0.867
坚贞不屈	pos	0.867
克己奉公	pos	0.867
宽宏大量	pos	0.867
马到成功	pos	0.867
一丝不苟	pos	0.867
中流砥柱	pos	0.867
超逸	pos	0.867
舍己为公	pos	0.867
气贯长虹	pos	0.867
赞叹	pos	0.867
一身清白	pos	0.867
廉洁自律	pos	0.867
贤能	pos	0.867
繁荣富强	pos	0.867
遐迩闻名	pos	0.867
万流景仰	pos	0.867
荡气回肠	pos	0.867
宝货	pos	0.867
悲壮	pos	0.867
恶魔	neg	0.867
狼狈为奸	neg	0.867
鄙薄	neg	0.867
兴风作浪	neg	0.867
庸俗	neg	0.867
谄笑	neg	0.867
旧恨新仇	neg	0.867
夙世怨家	neg	0.867
鼠类	neg	0.867
混世魔王	neg	0.867
牛鬼蛇神	neg	0.867
除害兴利	pos	0.867
摇手触禁	neg	0.867
济世安民	pos	0.867
脂膏不润	pos	0.867
通同作弊	neg	0.867
成仁取义	pos	0.867
疏财仗义	pos	0.867
心口相应	pos	0.867
敝帷不弃	pos	0.867
炮凤烹龙	neg	0.867
拔新领异	pos	0.867
度日如年	neg	0.867
暗礁险滩	neg	0.867
百无一是	neg	0.867
油嘴狗舌	neg	0.867
白玉无瑕	pos	0.867
麟凤龟龙	pos	0.867
百龄眉寿	pos	0.867
执而不化	neg	0.867
竹苞松茂	pos	0.867
德厚流光	pos	0.867
咳唾成珠	pos	0.867
至理名言	pos	0.867
哗众取宠	neg	0.867
醉生梦死	neg	0.867
天坍地陷	neg	0.867
搬唇递舌	neg	0.867
声色狗马	neg	0.867
寸草不留	neg	0.867
杀人放火	neg	0.867
轻徭薄税	pos	0.867
百炼之钢	pos	0.867
本末倒置	neg	0.867
贻害无穷	neg	0.867
水落石出	pos	0.867
多事之秋	neg	0.867
萧墙之危	neg	0.867
凌上虐下	neg	0.867
以强凌弱	neg	0.867
作威作福	neg	0.867
朋党比周	neg	0.867
越俎代庖	neg	0.867
切骨之寒	neg	0.867
有胆有识	pos	0.867
梦笔生花	pos	0.867
琴心剑胆	pos	0.867
铁中铮铮	pos	0.867
才贯二酉	pos	0.867
高识远见	pos	0.867
一日九迁	pos	0.867
一代风流	pos	0.867
盛极一时	pos	0.867
旰食宵衣	pos	0.867
瑶林琼树	pos	0.867
大有可为	pos	0.867
脱胎换骨	pos	0.867
魑魅魍魉	neg	0.867
江洋大盗	neg	0.867
矜功伐能	neg	0.867
吐丝自缚	neg	0.867
自取其祸	neg	0.867
作法自毙	neg	0.867
强不知以为知	neg	0.867
初生之犊不怕虎	pos	0.867
兼人之勇	pos	0.867
勇猛果敢	pos	0.867
敬老尊贤	pos	0.867
师道尊严	pos	0.867
狼贪鼠窃	neg	0.867
贪戾无厌	neg	0.867
暴笑	pos	0.867
傻比	neg	0.867
真牛	pos	0.867
懒汉	neg	0.867
忍无可忍	neg	0.867
尖酸	neg	0.867
轻浮	neg	0.867
酷虐	neg	0.867
贼心	neg	0.867
下作	neg	0.867
不道德	neg	0.867
不可一世	neg	0.867
好大喜功	neg	0.867
愚蒙	neg	0.867
呆傻	neg	0.867
粗陋	neg	0.867
反目无情	neg	0.867
癞蛤蟆想吃天鹅肉	neg	0.867
见死不救	neg	0.867
独断专行	neg	0.867
见利忘义	neg	0.867
贪得无厌	neg	0.867
贪求	neg	0.867
伤风败俗	neg	0.867
阿斗	neg	0.867
败絮	neg	0.867
暴君	neg	0.867
德高望重	neg	0.867
锦绣	pos	0.867
逞性	neg	0.867
仇外	neg	0.867
斗殴	neg	0.867
非刑	neg	0.867
腐恶	neg	0.867
惯犯	neg	0.867
大喜	pos	0.867
惶遽	neg	0.867
桀纣	neg	0.867
功臣	pos	0.867
圭谬	pos	0.867
逆子	neg	0.867
佞幸	neg	0.867
叛离	neg	0.867
鸿博	pos	0.867
洪福	pos	0.867
华章	pos	0.867
权臣	neg	0.867
事端	neg	0.867
调唆	neg	0.867
诬枉	neg	0.867
黠棍	neg	0.867
下三烂	neg	0.867
冤抑	neg	0.867
怨怪	neg	0.867
鸡零狗碎	neg	0.867
戏弄	neg	0.867
独辟蹊径	pos	0.867
稳如泰山	pos	0.867
沽名钓誉	neg	0.867
古道热肠	pos	0.867
尖子	pos	0.867
糟蹋	neg	0.867
智慧	pos	0.867
气象万千	pos	0.867
背运	neg	0.867
呼之欲出	pos	0.867
富饶	pos	0.867
腐朽	neg	0.867
名满天下	pos	0.867
低三下四	neg	0.867
破烂	neg	0.867
甜滋滋	pos	0.867
昏头昏脑	neg	0.867
弄虚作假	neg	0.867
桎梏	neg	0.867
天仙	pos	0.867
心地狭窄	neg	0.867
钻牛角尖儿	neg	0.867
一诺千金	pos	0.867
十世同堂	pos	0.867
鹰视狼步	neg	0.867
顶一个	pos	0.867
顶下	pos	0.867
顶啊	pos	0.867
风恬月朗	pos	0.867
甑尘釜鱼	pos	0.867
作弊	neg	0.867
志气	pos	0.867
卓拔	pos	0.867
卓著	pos	0.867
精兵	pos	0.867
精警	pos	0.867
不成体统	neg	0.867
志在千里	pos	0.867
不稂不莠	neg	0.867
粗蛮	neg	0.867
孤寡	neg	0.867
寡情	neg	0.867
官僚主义	neg	0.867
发指	neg	0.867
狐疑不决	neg	0.867
百读不厌	pos	0.867
空中楼阁	neg	0.867
良莠不齐	neg	0.867
缺心眼儿	neg	0.867
实诚	pos	0.867
深入浅出	pos	0.867
具有压倒性优势	pos	0.867
存亡继绝	pos	0.867
大快人心	pos	0.867
鼓乐喧天	pos	0.867
亲如手足	pos	0.867
命根子	pos	0.867
崇奉	pos	0.867
百炼成钢	pos	0.867
佼佼者	pos	0.867
发愤图强	pos	0.867
宁死不屈	pos	0.867
平易近人	pos	0.867
融会贯通	pos	0.867
顾全大局	pos	0.867
专心致志	pos	0.867
夜以继日	pos	0.867
明镜高悬	pos	0.867
救困扶危	pos	0.867
心慈好善	pos	0.867
英雄豪杰	pos	0.867
天下为公	pos	0.867
两袖清风	pos	0.867
重于泰山	pos	0.867
名列榜首	pos	0.867
非同一般	pos	0.867
宝号	pos	0.867
狠毒	neg	0.867
痛恶	neg	0.867
面目可憎	neg	0.867
万恶	neg	0.867
淫威	neg	0.867
害人虫	neg	0.867
富国安民	pos	0.867
兼善天下	pos	0.867
撑门柱户	pos	0.867
网漏吞舟	neg	0.867
按强助弱	pos	0.867
指天誓日	pos	0.867
节俭力行	pos	0.867
以蠡测海	neg	0.867
扭转乾坤	pos	0.867
白玉无暇	pos	0.867
陈腐不堪	neg	0.867
流落风尘	neg	0.867
言语妙天下	pos	0.867
拳拳服膺	pos	0.867
酒食征逐	neg	0.867
凶神恶煞	neg	0.867
穷形尽相	neg	0.867
排斥异己	neg	0.867
问柳寻花	neg	0.867
一世之雄	pos	0.867
大才槃槃	pos	0.867
千里之足	pos	0.867
秀出班行	pos	0.867
博览古今	pos	0.867
截断众流	pos	0.867
歌功颂德	pos	0.867
大功告成	pos	0.867
天从人愿	pos	0.867
发愤忘食	pos	0.867
牛角挂书	pos	0.867
业精于勤	pos	0.867
盖世英雄	pos	0.867
洋洋大观	pos	0.867
天下无敌	pos	0.867
俗不可医	neg	0.867
一无所成	neg	0.867
铜头铁额	pos	0.867
贪荣慕利	neg	0.867
晕倒	neg	0.867
华而不实	neg	0.867
假公济私	neg	0.867
颠倒黑白	neg	0.867
口蜜腹剑	neg	0.867
邋遢	neg	0.867
吝啬	neg	0.867
浅薄	neg	0.867
虚荣心	neg	0.867
奚落	neg	0.867
不肖	neg	0.867
奸滑	neg	0.867
谲诈	neg	0.867
自高自大	neg	0.867
愚拙	neg	0.867
痴愚	neg	0.867
道貌岸然	neg	0.867
好高鹜远	neg	0.867
井井有条	pos	0.867
才子	pos	0.867
沉冤	neg	0.867
垂范	pos	0.867
昏聩	neg	0.867
倨傲	neg	0.867
离乱	neg	0.867
沦陷	neg	0.867
古劲	pos	0.867
夙仇	neg	0.867
偷窃	neg	0.867
枉法	neg	0.867
为害	neg	0.867
阉割	neg	0.867
殷忧	neg	0.867
花容玉貌	pos	0.867
委琐	neg	0.867
闭关锁国	neg	0.867
轻狂	neg	0.867
春风得意	pos	0.867
污秽	neg	0.867
窝囊废	neg	0.867
怪话	neg	0.867
匪徒	neg	0.867
势利眼	neg	0.867
宏伟	pos	0.867
励精图治	pos	0.867
不要脸	neg	0.867
奥博	pos	0.867
讴歌	pos	0.867
光辉	pos	0.867
风骨	pos	0.867
窈窕	pos	0.867
煽惑	neg	0.867
阎王	neg	0.867
第一流	pos	0.867
慷慨解囊	pos	0.867
黑心	neg	0.867
幸福	pos	0.867
透辟	pos	0.867
自以为是	neg	0.867
气魄	pos	0.867
恩遇	pos	0.867
顾盼自雄	neg	0.867
朝令夕改	neg	0.867
压榨	neg	0.867
不仁	neg	0.867
瑰丽	pos	0.867
千疮百孔	neg	0.867
浮泛	neg	0.867
索贿	neg	0.867
朽败	neg	0.867
淫乐	neg	0.867
吉庆	pos	0.867
绘声绘色	pos	0.867
孽种	neg	0.867
烂污	neg	0.867
杰出	pos	0.867
德政	pos	0.867
讹谬	neg	0.867
管中窥豹	neg	0.867
丧德	neg	0.867
指桑骂槐	neg	0.867
欺软怕硬	neg	0.867
斐然成章	pos	0.867
浴血奋战	pos	0.867
积雪囊萤	pos	0.867
映雪读书	pos	0.867
燃荻夜读	pos	0.867
创业垂统	pos	0.867
倚势凌人	neg	0.867
摄威擅势	neg	0.867
魁梧奇伟	pos	0.867
克尽厥职	pos	0.867
嗟悔无及	neg	0.867
惟我独尊	neg	0.867
狗仗人势	neg	0.867
气冲斗牛	neg	0.867
骂不绝口	neg	0.867
活灵活现	pos	0.867
曲尽其妙	pos	0.867
惟妙惟肖	pos	0.867
名扬天下	pos	0.867
轻财重义	pos	0.867
灿烂夺目	pos	0.867
骁将	pos	0.867
雍容尔雅	pos	0.867
八面威风	pos	0.867
推襟送抱	pos	0.867
豁达大度	pos	0.867
优异	pos	0.867
孜孜不倦	pos	0.867
亭亭玉立	pos	0.867
千锤百炼	pos	0.867
旖旎	pos	0.867
全才	pos	0.867
必恭必敬	pos	0.867
威仪	pos	0.867
独尊	pos	0.867
娇纵	neg	0.867
声情并茂	pos	0.867
三阳开泰	pos	0.867
津津乐道	pos	0.867
小有名气	pos	0.867
轩昂	pos	0.867
英华	pos	0.867
勋业	pos	0.867
英姿	pos	0.867
铮铮铁骨	pos	0.867
玩世不恭	neg	0.867
体态轻盈	pos	0.867
积重难返	neg	0.867
完好无损	pos	0.867
力争上游	pos	0.867
目不斜视	pos	0.867
无所畏惧	pos	0.867
神往	pos	0.867
从容应对	pos	0.867
不容置喙	neg	0.867
长乐未央	pos	0.867
宰割	neg	0.867
侮蔑	neg	0.867
聚敛无厌	neg	0.867
自相鱼肉	neg	0.867
荒寂	neg	0.867
咒骂	neg	0.867
唯命是听	neg	0.867
刁赖	neg	0.867
尖嘴猴腮	neg	0.867
拿腔拿调	neg	0.867
穷奢极欲	neg	0.867
下流	neg	0.867
苛捐杂税	neg	0.867
心怀鬼胎	neg	0.867
市井之徒	neg	0.867
贪生怕死	neg	0.867
轻诺寡信	neg	0.867
忍心害理	neg	0.867
杀人如蓺	neg	0.867
惹事招非	neg	0.867
作奸犯科	neg	0.867
洗垢球瘢	neg	0.867
见钱眼开	neg	0.867
贪夫殉财	neg	0.867
诛求无厌	neg	0.867
褊狭	neg	0.867
言而无信	neg	0.867
阿谀	neg	0.867
垂涎三尺	neg	0.867
贪婪无厌	neg	0.867
孬种	neg	0.867
奸宄	neg	0.867
荒淫无耻	neg	0.867
粗浮	neg	0.867
毒计	neg	0.867
犯贱	neg	0.867
奴役	neg	0.867
扒手	neg	0.867
罗掘俱穷	neg	0.867
倒戈卸甲	neg	0.867
无理取闹	neg	0.867
诅咒	neg	0.867
谬种	neg	0.867
贱骨头	neg	0.867
桀犬吠尧	neg	0.867
一蹶不振	neg	0.867
阴魂不散	neg	0.867
妖言惑众	neg	0.867
牛头马面	neg	0.867
穿窬之盗	neg	0.867
盗寇	neg	0.867
转危为安	pos	0.867
轻徭薄赋	pos	0.867
士饱马腾	pos	0.867
水木清华	pos	0.867
积善	pos	0.867
佳美	pos	0.867
精品	pos	0.867
有韧劲	pos	0.867
奇巧	pos	0.867
我顶顶顶	pos	0.867
高招	pos	0.867
机谋	pos	0.867
奇珍异宝	pos	0.867
泰斗	pos	0.867
奖誉	pos	0.867
可歌可泣	pos	0.867
更无长物	pos	0.867
才高行洁	pos	0.867
骨鲠之臣	pos	0.867
不畏强暴	pos	0.867
成仁	pos	0.867
宏旨	pos	0.867
休明盛世	pos	0.867
君子一言	pos	0.867
如饮醍醐	pos	0.867
泰山北斗	pos	0.867
怒蛙可式	pos	0.867
酷毙了	pos	0.867
讲究	pos	0.867
辣手	neg	0.867
亡命	neg	0.867
长者	pos	0.867
造就	pos	0.867
不济事	neg	0.867
超脱	pos	0.867
丢人	neg	0.867
荩臣	pos	0.867
精神	pos	0.867
匠心	pos	0.867
正梁	pos	0.867
国色天香	pos	0.867
一笑干金	pos	0.867
鱼龙曼延	neg	0.867
鱼惊鸟散	neg	0.867
榆瞑豆重	neg	0.867
与物无忤	pos	0.867
语简意赅	pos	0.867
玉箫金琯	pos	0.867
渊清玉絜	pos	0.867
拖后腿	neg	0.867
玩狎	neg	0.867
王八	neg	0.867
陪了夫人又折兵	neg	0.867
十步九回头	neg	0.867
置之度外	pos	0.867
搜肠润吻	pos	0.867
随波逐浪	neg	0.867
踏故习常	neg	0.867
汰劣留良	neg	0.867
贪功起衅	neg	0.867
谈天说地	pos	0.867
谈笑自如	pos	0.867
谭言微中	pos	0.867
滔滔不竭	pos	0.867
桃李精神	pos	0.867
陶情适性	pos	0.867
腾云驾雾	neg	0.867
梯山架壑	pos	0.867
天年不遂	neg	0.867
天真烂熳	pos	0.867
添枝加叶	neg	0.867
恬不知怪	pos	0.867
挑三拨四	neg	0.867
挑唇料嘴	neg	0.867
通材达识	pos	0.867
通时合变	pos	0.867
通权达理	pos	0.867
同心一力	pos	0.867
同心协力	pos	0.867
同休共戚	pos	0.867
同尘合污	neg	0.867
糖衣炮弹	neg	0.867
触目	neg	0.867
摧枯拉朽	pos	0.867
打死虎	neg	0.867
大音希声	pos	0.867
大智如愚	pos	0.867
砥柱中流	pos	0.867
地久天长	pos	0.867
强直自遂	pos	0.867
强文假醋	neg	0.867
敲竹杠	neg	0.867
青钱万选	pos	0.867
清风亮节	pos	0.867
人喊马嘶	pos	0.867
从犯	neg	0.867
掷果潘安	pos	0.867
漆身吞炭	pos	0.867
衷曲	neg	0.867
少气无力	neg	0.867
付之一笑	pos	0.867
烟视媚行	neg	0.867
耳根清净	pos	0.867
舌敝唇焦	neg	0.867
筋疲力尽	neg	0.867
头重脚轻	neg	0.867
清心寡欲	pos	0.867
落月屋梁	neg	0.867
畏威怀德	neg	0.867
弘誓大愿	pos	0.867
无从下手	neg	0.867
大旱云霓	neg	0.867
延颈举踵	neg	0.867
神色自若	pos	0.867
屠门大嚼	pos	0.867
心荡神迷	neg	0.867
叨在知己	neg	0.867
抚心自问	neg	0.867
豪放不羁	pos	0.867
无官一身轻	pos	0.867
轩轩甚得	pos	0.867
宝卷	pos	0.867
保养	pos	0.867
奔腾	pos	0.867
崩漏	neg	0.867
鼻咽癌	neg	0.867
庇佑	pos	0.867
壁上观	neg	0.867
边区	pos	0.867
贬责	neg	0.867
丧礼	neg	0.867
久仰	pos	0.867
改窜	neg	0.867
贫贱骄人	neg	0.867
破卵倾巢	neg	0.867
气满志骄	pos	0.867
洽博多闻	pos	0.867
迁善去恶	pos	0.867
名教	pos	0.867
名士派	pos	0.867
默哀	neg	0.867
依仗	neg	0.867
义战	pos	0.867
应付	neg	0.867
御用	neg	0.867
元旦	pos	0.867
原子炸弹	neg	0.867
院士	pos	0.867
岳父	pos	0.867
砸饭碗	neg	0.867
在行	pos	0.867
糟改	neg	0.867
增殖	neg	0.867
批郤导窾	pos	0.867
一蹴而就	pos	0.867
安堵如故	pos	0.867
存亡绝续	neg	0.867
福无双至	neg	0.867
积羽沉舟	neg	0.867
首当其冲	neg	0.867
象齿焚身	neg	0.867
大白于天下	pos	0.867
不足为据	neg	0.867
强颜为笑	neg	0.867
一无所失	pos	0.867
有钱使得鬼推磨	neg	0.867
不存芥蒂	pos	0.867
声应气求	pos	0.867
钻皮出羽	neg	0.867
强死强活	neg	0.867
海屋添筹	pos	0.867
螽斯衍庆	pos	0.867
月下花前	pos	0.867
草长莺飞	pos	0.867
流水桃花	pos	0.867
手泽之遗	neg	0.867
左图右史	pos	0.867
海市蜃楼	neg	0.867
污泥浊水	neg	0.867
硕大无朋	pos	0.867
裁汰	neg	0.867
残疾	neg	0.867
插脚	neg	0.867
搀和	neg	0.867
予智予雄	neg	0.867
鱼龙漫衍	neg	0.867
逾墙钻穴	neg	0.867
遇事生端	neg	0.867
渊渟岳峙	pos	0.867
竭泽而渔	neg	0.867
健步如飞	pos	0.867
徒宅忘妻	neg	0.867
一棍子打死	neg	0.867
流星掣电	pos	0.867
流溺忘反	pos	0.867
柳眉剔竖	neg	0.867
柳腰花态	pos	0.867
柳亸花娇	pos	0.867
六畜不安	pos	0.867
龙血玄黄	neg	0.867
龙言凤语	pos	0.867
龙首豕足	neg	0.867
龙章麟角	pos	0.867
龙举云兴	pos	0.867
龙腾虎啸	pos	0.867
龙骧虎啸	pos	0.867
镂冰雕朽	neg	0.867
镂脂翦楮	neg	0.867
路见不平	pos	0.867
戮力壹心	pos	0.867
露胆披诚	pos	0.867
马革盛尸	pos	0.867
买爵贩官	neg	0.867
卖主求荣	neg	0.867
卖官卖爵	neg	0.867
满脸春风	pos	0.867
每饭不忘	pos	0.867
门堪罗雀	neg	0.867
黾穴鸲巢	neg	0.867
靡衣偷食	neg	0.867
局高蹐厚	neg	0.867
踽踽凉凉	pos	0.867
卷席而葬	neg	0.867
侃侃訚訚	pos	0.867
孔武有力	pos	0.867
口直心快	pos	0.867
枯骨生肉	pos	0.867
狂三诈四	neg	0.867
廓达大度	pos	0.867
狼子兽心	neg	0.867
狼突豕窜	neg	0.867
狼餐虎噬	neg	0.867
乐昌分镜	neg	0.867
离世遁上	pos	0.867
鲤鱼跳龙门	pos	0.867
沥胆抽肠	pos	0.867
俐齿伶牙	pos	0.867
连枝带叶	pos	0.867
怜我怜卿	pos	0.867
脸红筋暴	neg	0.867
两肩荷口	neg	0.867
守口如瓶	pos	0.867
一介不取	pos	0.867
以义割恩	pos	0.867
行不由径	pos	0.867
幼学壮行	pos	0.867
倾耳而听	pos	0.867
前仆后继	pos	0.867
以一当十	pos	0.867
死不足惜	neg	0.867
布衣蔬食	pos	0.867
仁言利博	pos	0.867
软玉温香	pos	0.867
抑强扶弱	pos	0.867
锦心绣肠	pos	0.867
升堂入室	pos	0.867
直谅多闻	pos	0.867
博洽多闻	pos	0.867
深思远虑	pos	0.867
曾经沧海	neg	0.867
不以为耻	neg	0.867
长袖善舞	neg	0.867
同恶相求	neg	0.867
建瓴高屋	pos	0.867
衔华佩实	pos	0.867
智小谋大	neg	0.867
重财轻义	neg	0.867
朱楼绮户	pos	0.867
诛求无度	neg	0.867
拄笏看山	pos	0.867
助桀为恶	neg	0.867
柱天踏地	pos	0.867
祝鲠祝饐	pos	0.867
抓乖卖俏	neg	0.867
壮气凌云	pos	0.867
追风逐影	pos	0.867
追远慎终	pos	0.867
捉衿见肘	neg	0.867
锱铢较量	neg	0.867
邹衍谈天	pos	0.867
祖龙之虐	neg	0.867
醉死梦生	neg	0.867
左图右书	pos	0.867
坐运筹策	pos	0.867
坐筹帷幄	pos	0.867
为虎傅翼	pos	0.867
孤恩负德	neg	0.867
为富不仁	neg	0.867
贪多务得	neg	0.867
驷马不追	pos	0.867
搜岩采干	pos	0.867
随波逐尘	neg	0.867
泰山磐石	pos	0.867
贪财好色	neg	0.867
谈天论地	pos	0.867
檀郎谢女	pos	0.867
堂哉皇哉	pos	0.867
滔滔不断	pos	0.867
讨是寻非	neg	0.867
梯山栈谷	pos	0.867
体大思精	pos	0.867
天年不测	neg	0.867
天高皇帝远	neg	0.867
添枝接叶	neg	0.867
恬不知羞	neg	0.867
挑三豁四	neg	0.867
挺胸凸肚	neg	0.867
通幽洞微	pos	0.867
通时达变	pos	0.867
通变达权	pos	0.867
同心一意	pos	0.867
同心协济	pos	0.867
同休等戚	pos	0.867
同敝相济	neg	0.867
同忧相救	pos	0.867
偷合苟从	neg	0.867
头上安头	neg	0.867
头痒搔跟	neg	0.867
东箭南金	pos	0.867
毒泷恶雾	neg	0.867
断蛟刺虎	pos	0.867
多谋善虑	pos	0.867
焚琴煮鹤	neg	0.867
忿不顾身	pos	0.867
丰功硕德	pos	0.867
低能儿	neg	0.867
亏空	neg	0.867
困处	neg	0.867
陪伴	pos	0.867
飘悠	pos	0.867
轴心国	pos	0.867
竹林七贤	pos	0.867
逐客令	neg	0.867
助兴	pos	0.867
抓茬儿	neg	0.867
妆饰	pos	0.867
追叙	pos	0.867
惴惴	neg	0.867
拙荆	pos	0.867
着忙	pos	0.867
强弩之极	neg	0.867
强文浉醋	neg	0.867
青钱学士	pos	0.867
清风峻节	pos	0.867
曲高和寡	pos	0.867
钦迟	pos	0.867
情人	pos	0.867
请命	pos	0.867
嘻笑怒骂	neg	0.867
喜见于色	pos	0.867
先意承颜	neg	0.867
小丑跳梁	neg	0.867
效死输忠	pos	0.867
心慌意急	neg	0.867
心凝形释	pos	0.867
信及豚鱼	pos	0.867
列强	neg	0.867
丑婆子	neg	0.867
摧锋陷阵	pos	0.867
寸土尺金	pos	0.867
寸辖制轮	pos	0.867
达官要人	pos	0.867
打破砂锅问到底	pos	0.867
大直若诎	pos	0.867
大煞风景	neg	0.867
德隆望尊	pos	0.867
丢魂丢魄	neg	0.867
天晓得	neg	0.867
田园	pos	0.867
条理	pos	0.867
拒人千里	neg	0.867
决断如流	pos	0.867
君子之接如水	pos	0.867
慷慨悲歌	neg	0.867
扣壶长吟	neg	0.867
枯鱼病鹤	neg	0.867
刳胎杀夭	neg	0.867
胯下蒲伏	neg	0.867
溃兵游勇	neg	0.867
来者居上	pos	0.867
烂漫天真	pos	0.867
狼狈周章	neg	0.867
乐而不厌	pos	0.867
乐往哀来	neg	0.867
乐嗟苦咄	neg	0.867
乐业安居	pos	0.867
磊落轶荡	pos	0.867
利灾乐祸	neg	0.867
沥胆堕肝	pos	0.867
连理分枝	neg	0.867
怜贫恤老	pos	0.867
敛声屏息	pos	0.867
脸无人色	neg	0.867
饮马投钱	pos	0.867
舍己从人	pos	0.867
正义凛然	pos	0.867
只争朝夕	pos	0.867
杀敌致果	pos	0.867
万夫不当	pos	0.867
至大至刚	pos	0.867
粗衣淡饭	pos	0.867
万家生佛	pos	0.867
温润而泽	pos	0.867
通力合作	pos	0.867
心照神交	pos	0.867
才貌双全	pos	0.867
新硎初试	pos	0.867
过目成诵	pos	0.867
驾轻就熟	pos	0.867
倾动	pos	0.867
情侣	pos	0.867
析律舞文	neg	0.867
犀照牛渚	pos	0.867
隙穴之窥	pos	0.867
掀天斡地	pos	0.867
涎言涎语	neg	0.867
宵鱼垂化	pos	0.867
小黠大痴	neg	0.867
邪门歪道	neg	0.867
心浮气粗	neg	0.867
心雄万夫	pos	0.867
欣欣自得	pos	0.867
兴妖作乱	neg	0.867
惺惺相惜	pos	0.867
款曲	pos	0.867
赖帐	neg	0.867
馈赠	pos	0.867
破柱求奸	pos	0.867
曝骨履肠	neg	0.867
七贞九烈	pos	0.867
气急败丧	neg	0.867
弃家荡产	neg	0.867
弃旧怜新	neg	0.867
迁臣逐客	neg	0.867
迁善黜恶	pos	0.867
潜光匿曜	pos	0.867
裁处	neg	0.867
残废	neg	0.867
贻害	neg	0.867
义举	pos	0.867
义勇军	pos	0.867
益鸟	pos	0.867
御侮	pos	0.867
渊海	pos	0.867
元宵节	pos	0.867
原子武器	neg	0.867
怨望	neg	0.867
月下老人	pos	0.867
运气	pos	0.867
在望	pos	0.867
贼脏	neg	0.867
增援	pos	0.867
举手之劳	pos	0.867
探囊取物	pos	0.867
枕席过师	pos	0.867
鼎鱼幕燕	neg	0.867
祸福无门	neg	0.867
山高水低	neg	0.867
陷身囹圄	neg	0.867
外强中干	neg	0.867
一举成名	pos	0.867
直木先伐	neg	0.867
心到神知	pos	0.867
奉头鼠窜	neg	0.867
世风日下	neg	0.867
自用则小	neg	0.867
避让贤路	pos	0.867
门不停宾	pos	0.867
备位充数	neg	0.867
竖子成名	neg	0.867
列风淫雨	neg	0.867
阳关大道	pos	0.867
一衣带水	pos	0.867
水色山光	pos	0.867
月夕花朝	pos	0.867
丹楹刻桷	pos	0.867
敲金击石	pos	0.867
团团转	neg	0.867
食少事烦	neg	0.867
名流	pos	0.867
名物	pos	0.867
重镇	pos	0.867
烛照	pos	0.867
主权	pos	0.867
著作	pos	0.867
转脸	neg	0.867
追逼	neg	0.867
追述	pos	0.867
准予	pos	0.867
着力	pos	0.867
志广才疏	neg	0.867
重气轻命	neg	0.867
诪张为幻	neg	0.867
朱轮华毂	pos	0.867
诛尽杀绝	neg	0.867
珠围翠拥	pos	0.867
铢施两较	neg	0.867
猪朋狗友	neg	0.867
主一无适	pos	0.867
煮粥焚须	pos	0.867
祝咽祝哽	pos	0.867
追风摄景	pos	0.867
追懽卖笑	neg	0.867
卓然不群	pos	0.867
捉衿露肘	neg	0.867
擢筋剥肤	neg	0.867
作奸犯罪	neg	0.867
坐拥书城	pos	0.867
座无虚席	pos	0.867
脏心烂肺	neg	0.867
知难而退	pos	0.867
金碧荧煌	pos	0.867
金璧辉煌	pos	0.867
正义感	pos	0.867
褎如充耳	neg	0.867
蝶粉蜂黄	pos	0.867
鬓乱钗横	neg	0.867
视丹如绿	neg	0.867
饥肠辘辘	neg	0.867
迷头认影	neg	0.867
人去楼空	neg	0.867
悬肠挂肚	neg	0.867
黄粱美梦	pos	0.867
思深忧远	neg	0.867
跋前踬后	neg	0.867
无可奈何	neg	0.867
不知轻重	neg	0.867
何乐不为	pos	0.867
不平则鸣	pos	0.867
急于求成	neg	0.867
引领而望	neg	0.867
中心摇摇	neg	0.867
魂不守舍	neg	0.867
自我陶醉	pos	0.867
饱雨	pos	0.867
抱病	neg	0.867
暴举	neg	0.867
避讳	neg	0.867
鞭策	pos	0.867
洞如观火	pos	0.867
断齑块粥	pos	0.867
多能多艺	pos	0.867
方兴未已	pos	0.867
放僻邪侈	neg	0.867
丰功茂德	pos	0.867
黑暗	neg	0.867
敌忾	pos	0.867
地区霸权主义	neg	0.867
西施	pos	0.867
丧服	neg	0.867
袍泽	pos	0.867
跑警报	neg	0.867
飘洒	pos	0.867
撇脱	pos	0.867
贫骨头	neg	0.867
泼辣	neg	0.867
灵心慧齿	pos	0.867
流言飞语	neg	0.867
柳泣花啼	neg	0.867
柳圣花神	pos	0.867
六出奇计	pos	0.867
龙心凤肝	pos	0.867
龙江虎浪	neg	0.867
龙威虎震	pos	0.867
龙蛇混杂	neg	0.867
龙精虎猛	pos	0.867
龙翰凤翼	pos	0.867
龙雕凤咀	pos	0.867
龙跃虎踞	pos	0.867
鹿驯豕暴	neg	0.867
鸾飞凤翥	pos	0.867
乱作一团	neg	0.867
驴唇马觜	neg	0.867
马上房子	neg	0.867
马足龙沙	pos	0.867
买笑迎欢	neg	0.867
麦秀两岐	pos	0.867
卖儿贴妇	neg	0.867
卖笑追欢	neg	0.867
满坐风生	pos	0.867
忙不择价	neg	0.867
冒名接脚	neg	0.867
没精塌彩	neg	0.867
梦魂颠倒	neg	0.867
迷花沾草	neg	0.867
鹘入鸦群	pos	0.867
哗世取名	neg	0.867
化腐成奇	pos	0.867
涣若冰消	pos	0.867
黄人守日	pos	0.867
黄雀衔环	pos	0.867
晖光日新	pos	0.867
混然天成	pos	0.867
豁然顿悟	pos	0.867
鸡骨支床	pos	0.867
坚苦卓绝	pos	0.867
拣精拣肥	neg	0.867
君子国	pos	0.867
娇客	pos	0.867
教唆犯	neg	0.867
金箍棒	pos	0.867
伪军	neg	0.867
投间抵隙	neg	0.867
土偶蒙金	neg	0.867
吐故纳新	pos	0.867
团头聚面	pos	0.867
推亡固存	pos	0.867
推聋妆哑	neg	0.867
退食从容	pos	0.867
屯毛不辨	neg	0.867
托凤攀龙	neg	0.867
脱天漏网	pos	0.867
唾壶敲缺	neg	0.867
歪心邪意	neg	0.867
外感内伤	neg	0.867
完璧归赵	pos	0.867
玩岁愒时	neg	0.867
亡不旋跬	neg	0.867
亡国之音	neg	0.867
亡可奈何	neg	0.867
枉己正人	neg	0.867
枉费工夫	neg	0.867
妄谈祸福	neg	0.867
忘餐废寝	pos	0.867
望风而遁	neg	0.867
望峰息心	neg	0.867
望尘拜伏	neg	0.867
危言逆耳	pos	0.867
煨干就湿	pos	0.867
为德不终	neg	0.867
违世绝俗	pos	0.867
违强陵弱	neg	0.867
文身翦发	neg	0.867
问安视寝	pos	0.867
问诸水滨	neg	0.867
瓮声瓮气	neg	0.867
乌飞兔走	neg	0.867
屋下作屋	neg	0.867
无了根蒂	neg	0.867
无孔不钻	neg	0.867
无名之璞	pos	0.867
无如奈何	neg	0.867
无拘无缚	pos	0.867
无所用之	neg	0.867
无所施其技	neg	0.867
无毒不丈夫	neg	0.867
无计可奈	neg	0.867
无倚无靠	neg	0.867
无能为役	neg	0.867
无胫而至	pos	0.867
无为而成	pos	0.867
铁人	pos	0.867
偷嘴	neg	0.867
头羊	pos	0.867
土石方	neg	0.867
推托	pos	0.867
颓废主义	neg	0.867
表演艺术	pos	0.867
补考	neg	0.867
不啻	neg	0.867
不消	neg	0.867
神武	pos	0.867
骄蹇	neg	0.867
绞杀战	neg	0.867
阶级斗争	pos	0.867
金銮殿	pos	0.867
友人	pos	0.867
诚意	pos	0.867
难分难舍	pos	0.867
鸟惊鼠窜	neg	0.867
胡作乱为	neg	0.867
怙才骄物	neg	0.867
化及豚鱼	pos	0.867
涣尔冰开	pos	0.867
回春妙手	pos	0.867
回肠伤气	pos	0.867
浑金白玉	pos	0.867
击楫中流	pos	0.867
鸡犬升天	neg	0.867
鸡飞狗跳	neg	0.867
极重难返	neg	0.867
集矢之的	neg	0.867
架海金梁	pos	0.867
肩劳任怨	pos	0.867
满足	pos	0.867
投膏止火	neg	0.867
吐刚茹柔	neg	0.867
抟心揖志	pos	0.867
推贤让能	pos	0.867
吞声饮泣	neg	0.867
托公行私	neg	0.867
拖青纡紫	pos	0.867
瓦器蚌盘	neg	0.867
外彊中干	neg	0.867
剜肉医疮	neg	0.867
玩时愒日	neg	0.867
亡国大夫	neg	0.867
枉口拔舌	neg	0.867
枉物难消	neg	0.867
枉墨矫绳	neg	0.867
忘啜废枕	pos	0.867
望其项背	pos	0.867
望风希指	neg	0.867
望影揣情	pos	0.867
为非作恶	neg	0.867
违条舞法	neg	0.867
委曲求全	pos	0.867
文婪武嬉	neg	0.867
文过遂非	neg	0.867
问道于盲	neg	0.867
握风捕影	neg	0.867
握发吐哺	pos	0.867
乌衣之游	pos	0.867
无人之地	neg	0.867
无毛大虫	neg	0.867
无功受禄	neg	0.867
无可柰何	neg	0.867
无名小卒	neg	0.867
无米之炊	neg	0.867
无私有弊	neg	0.867
无明业火	neg	0.867
无所畏惮	pos	0.867
无服之殇	neg	0.867
无风作浪	neg	0.867
无洞掘蟹	neg	0.867
无家无室	neg	0.867
无偏无陂	pos	0.867
无情无绪	neg	0.867
无间可乘	neg	0.867
冻伤	neg	0.867
毒瘤	neg	0.867
嘁哩喀喳	pos	0.867
起誓	pos	0.867
契友	pos	0.867
双宿双飞	pos	0.867
扣人心弦	pos	0.867
思同再造	pos	0.867
轻嘴薄舌	neg	0.867
哑口无言	neg	0.867
无可讳言	pos	0.867
仇人快语	pos	0.867
指天画他	neg	0.867
话中有话	neg	0.867
说三道四	neg	0.867
言外之意	neg	0.867
精金良玉	pos	0.867
草木知威	pos	0.867
绝甘分少	pos	0.867
舍身求法	pos	0.867
功薄蝉翼	pos	0.867
明月清风	pos	0.867
目使颐令	neg	0.867
让座	pos	0.867
形孤影只	pos	0.867
形影相随	pos	0.867
胸有邱壑	pos	0.867
朽木不可雕	neg	0.867
悬灯结彩	pos	0.867
衙官屈宋	pos	0.867
言笑自若	pos	0.867
研精覃思	pos	0.867
掩耳盗钟	neg	0.867
燕歌赵舞	pos	0.867
阳春白雪	pos	0.867
夭桃襛李	pos	0.867
野鹤孤云	pos	0.867
凤采鸾章	pos	0.867
奉令承教	pos	0.867
孚尹明达	pos	0.867
黼国黻家	pos	0.867
负材矜地	neg	0.867
负气含灵	pos	0.867
附骥攀鳞	neg	0.867
甘旨肥浓	pos	0.867
感今思昔	pos	0.867
钢浇铁铸	pos	0.867
高不凑低不就	pos	0.867
高材捷足	pos	0.867
高高在上	neg	0.867
革故立新	pos	0.867
革旧从新	pos	0.867
根盘蒂结	pos	0.867
公正不阿	pos	0.867
功成骨枯	neg	0.867
狗追耗子	neg	0.867
狗盗鸡鸣	neg	0.867
偷袭	neg	0.867
头难	neg	0.867
图谋	neg	0.867
确守	pos	0.867
认帐	pos	0.867
纫佩	pos	0.867
肉中刺	neg	0.867
行不苟合	pos	0.867
行若狗彘	neg	0.867
形影相对	pos	0.867
休戚与共	pos	0.867
雪窗萤火	pos	0.867
牙签锦轴	pos	0.867
言芳行洁	pos	0.867
掩耳偷铃	neg	0.867
燕燕莺莺	pos	0.867
长叹	neg	0.867
成亲	pos	0.867
惩治	neg	0.867
吃请	pos	0.867
赤霉病	neg	0.867
恇怯不前	neg	0.867
舌挢不下	neg	0.867
畏敌如虎	neg	0.867
情天孽海	pos	0.867
偷寒送暖	pos	0.867
感慨系之	pos	0.867
妇姑勃谿	neg	0.867
药石之言	pos	0.867
喷有烦言	pos	0.867
史弟阋于墙	neg	0.867
倾肠倒肚	pos	0.867
相提并论	neg	0.867
异端邪说	neg	0.867
安然举首	pos	0.867
自食其力	pos	0.867
兵乱	neg	0.867
病笃	neg	0.867
病原体	neg	0.867
驳倒	pos	0.867
薄命	neg	0.867
补正	neg	0.867
不得已	neg	0.867
不平等条约	neg	0.867
风行电掣	pos	0.867
扶老携幼	pos	0.867
附肤落毛	neg	0.867
改行自新	pos	0.867
甘棠遗爱	pos	0.867
肝胆涂地	pos	0.867
感今怀昔	pos	0.867
高人逸士	pos	0.867
高见远识	pos	0.867
高官厚禄	pos	0.867
膏唇岐舌	neg	0.867
歌声绕梁	pos	0.867
革面革心	pos	0.867
革旧图新	pos	0.867
公平无私	pos	0.867
共挽鹿车	pos	0.867
狗拿耗子	neg	0.867
狗头鼠脑	neg	0.867
沽名干誉	neg	0.867
身故	neg	0.867
旗手	pos	0.867
明火执械	neg	0.867
目不见睫	neg	0.867
目指气使	neg	0.867
鸟惊鱼骇	neg	0.867
朋比作奸	neg	0.867
谢词	pos	0.867
正面人物	pos	0.867
国色天姿	pos	0.867
焚林而猎	neg	0.867
亲痛仇快	neg	0.867
瓮天之见	neg	0.867
拳打脚踢	neg	0.867
天子	pos	0.867
吹大气	neg	0.867
摧枯拉腐	pos	0.867
打拱作揖	pos	0.867
大逆无道	neg	0.867
大笔如椽	pos	0.867
地老天荒	pos	0.867
雕心鹰爪	neg	0.867
光荣	pos	0.867
刺激性毒剂	neg	0.867
从军	pos	0.867
粗腿病	neg	0.867
绝代佳人	pos	0.867
秀外愿中	pos	0.867
直溜	pos	0.867
衷心	pos	0.867
哄堂大笑	pos	0.867
嫣然一笑	pos	0.867
目光如豆	neg	0.867
豆重榆瞑	neg	0.867
精疲力竭	neg	0.867
春露秋霜	neg	0.867
只鸡絮酒	neg	0.867
白日做梦	neg	0.867
百辞莫辩	neg	0.867
郁郁寡欢	neg	0.867
大惑不解	neg	0.867
归心如箭	neg	0.867
一锹掘个井	neg	0.867
腼颜人世	neg	0.867
内视反听	neg	0.867
乘兴而来	neg	0.867
求仁得仁	pos	0.867
宝书	pos	0.867
报应	neg	0.867
暴洪	neg	0.867
悲观主义	neg	0.867
边式	pos	0.867
贬谪	neg	0.867
丧偶	neg	0.867
森然	neg	0.867
气壮河山	pos	0.867
洽闻强记	pos	0.867
迁善远罪	pos	0.867
名节	pos	0.867
名手	pos	0.867
遗毒	neg	0.867
裕如	pos	0.867
元老	pos	0.867
援助	pos	0.867
岳家	pos	0.867
赞歌	pos	0.867
糟害	neg	0.867
憎称	neg	0.867
腹背受敌	neg	0.867
覆巢无完卵	neg	0.867
水火兵虫	neg	0.867
龟毛兔角	neg	0.867
多行不义必自毙	pos	0.867
生死骨肉	pos	0.867
握手言欢	pos	0.867
穷山恶水	neg	0.867
芝兰之室	pos	0.867
悬崖峭壁	neg	0.867
千山万水	neg	0.867
咫尺千里	neg	0.867
不义之财	neg	0.867
隋侯之珠	pos	0.867
轻于鸿毛	neg	0.867
物华天宝	pos	0.867
千回百折	neg	0.867
布氏杆菌病	neg	0.867
插嘴	neg	0.867
搀杂	neg	0.867
褎然举首	pos	0.867
鱼目混珍	neg	0.867
语妙天下	pos	0.867
郁郁芊芊	pos	0.867
遇物持平	pos	0.867
渊渟岳立	pos	0.867
沅芷湘兰	pos	0.867
土崩瓦解	neg	0.867
有天没日	neg	0.867
料敌制胜	pos	0.867
流汗浃背	neg	0.867
流星赶月	pos	0.867
流脍人口	pos	0.867
柳眉倒竖	neg	0.867
柳腰莲脸	pos	0.867
柳亸莺娇	pos	0.867
龙门点额	neg	0.867
龙神马壮	pos	0.867
龙睁虎眼	neg	0.867
龙阳泣鱼	neg	0.867
龙跳虎伏	pos	0.867
龙盘凤舞	pos	0.867
龙举云属	pos	0.867
龙蟠凤翥	neg	0.867
龙腾虎踯	pos	0.867
龙骧麟振	pos	0.867
镂冰雕琼	pos	0.867
鸾翱凤翥	pos	0.867
麻痹不仁	neg	0.867
买上告下	neg	0.867
买铁思金	neg	0.867
卖男鬻女	neg	0.867
满目凄凉	neg	0.867
昧己瞒心	neg	0.867
门单户薄	neg	0.867
猛虎插翅	pos	0.867
靡衣媮食	neg	0.867
踽踽独行	neg	0.867
巨学鸿生	pos	0.867
决胜千里	pos	0.867
君子之交淡如水	pos	0.867
骏骨牵盐	pos	0.867
口服心服	pos	0.867
枯木发荣	pos	0.867
枯株朽木	neg	0.867
刳肝沥胆	pos	0.867
烂若舒锦	pos	0.867
狼吃幞头	neg	0.867
乐昌破镜	neg	0.867
乐祸幸灾	neg	0.867
雷嗔电怒	pos	0.867
磊落飒爽	pos	0.867
冷嘲热骂	pos	0.867
离世绝俗	pos	0.867
梨花带雨	pos	0.867
利令志惛	neg	0.867
沥胆披肝	pos	0.867
怜香惜玉	pos	0.867
敛怨求媚	neg	0.867
两头和番	neg	0.867
自怨自艾	neg	0.867
见贤思齐	pos	0.867
舍已救人	pos	0.867
不愧屋漏	pos	0.867
倾耳注目	pos	0.867
死而无侮	neg	0.867
不愧不作	pos	0.867
粗衣粝食	pos	0.867
仁心仁闻	pos	0.867
以沫相濡	pos	0.867
踔绝之能	pos	0.867
风流才子	pos	0.867
南州冠冕	pos	0.867
淑质英才	pos	0.867
贤良方正	pos	0.867
挥洒自如	pos	0.867
全无心肝	neg	0.867
青蝇点素	neg	0.867
抗尘走俗	neg	0.867
重气轻生	neg	0.867
侜张为幻	neg	0.867
拄颊看山	pos	0.867
助桀为暴	neg	0.867
转喉触讳	neg	0.867
壮发冲冠	pos	0.867
追风掣电	pos	0.867
赘食太仓	neg	0.867
卓乎不群	pos	0.867
捉衿肘见	neg	0.867
足蹈手舞	pos	0.867
作法自弊	neg	0.867
坐卧不离	pos	0.867
坐拥百城	pos	0.867
凿骨捣髓	neg	0.867
为虎作张	neg	0.867
上楼去梯	neg	0.867
瞒心昧己	neg	0.867
驷马仰秣	pos	0.867
颂德歌功	pos	0.867
隋珠弹雀	neg	0.867
随俗沈浮	neg	0.867
随声吠影	neg	0.867
泰山压卵	pos	0.867
贪欲无厌	neg	0.867
谈过其实	neg	0.867
忐上忑下	neg	0.867
堂皇冠冕	neg	0.867
滔滔滚滚	pos	0.867
桃之夭夭	pos	0.867
桃李成蹊	pos	0.867
讨流溯源	neg	0.867
替天行道	pos	0.867
擿奸发伏	pos	0.867
天年不齐	neg	0.867
天从人原	pos	0.867
添枝增叶	neg	0.867
恬不知愧	neg	0.867
挑茶斡刺	neg	0.867
通文达理	pos	0.867
通幽洞灵	pos	0.867
通书达礼	pos	0.867
同心叶力	pos	0.867
同心毕力	pos	0.867
同床各梦	neg	0.867
同恶共济	neg	0.867
同德一心	pos	0.867
偷香窃玉	neg	0.867
头上著头	neg	0.867
头会箕敛	neg	0.867
毒魔狠怪	neg	0.867
独胆英雄	pos	0.867
断决如流	pos	0.867
遁天妄行	neg	0.867
多材多艺	pos	0.867
多艺多才	pos	0.867
扼臂啮指	pos	0.867
焚琴鬻鹤	neg	0.867
丰功懿德	pos	0.867
风禾尽起	pos	0.867
瞪眼	neg	0.867
敌焰	pos	0.867
哭哭啼啼	neg	0.867
亏欠	neg	0.867
泼剌	neg	0.867
种仁	pos	0.867
竹枝词	pos	0.867
助战	pos	0.867
妆新	pos	0.867
追怀	pos	0.867
追寻	pos	0.867
赘瘤	neg	0.867
捉刀	pos	0.867
着实	pos	0.867
强弩末矢	neg	0.867
清风高节	pos	0.867
强告化	neg	0.867
抢夺	neg	0.867
情歌	pos	0.867
情事	pos	0.867
情义	pos	0.867
请缨	pos	0.867
惜客好义	pos	0.867
霞姿月韵	pos	0.867
掀天动地	pos	0.867
鸮鸣鼠暴	neg	0.867
小题大作	neg	0.867
心细如发	pos	0.867
心慌撩乱	neg	0.867
心辣手狠	neg	0.867
心灵性巧	pos	0.867
信手拈来	pos	0.867
臭乎乎	neg	0.867
攒锋聚镝	neg	0.867
摧锋陷坚	pos	0.867
达官贵要	pos	0.867
打破砂锅璺到底	pos	0.867
大煞风趣	neg	0.867
胆战心慌	neg	0.867
德尊望重	pos	0.867
丢魂丧胆	neg	0.867
田园诗	pos	0.867
屦及剑及	pos	0.867
抉目吴门	neg	0.867
开柙出虎	neg	0.867
岂有是理	neg	0.867
慷慨激烈	neg	0.867
口轻舌薄	neg	0.867
枯朽之余	neg	0.867
快人快性	pos	0.867
狂蜂浪蝶	neg	0.867
琨玉秋霜	pos	0.867
烂醉如泥	neg	0.867
狼烟大话	neg	0.867
乐善不倦	pos	0.867
擂天倒地	neg	0.867
利喙赡辞	pos	0.867
沥胆濯肝	pos	0.867
砺世摩钝	pos	0.867
怜贫惜老	pos	0.867
敛声屏气	pos	0.867
恶居下流	neg	0.867
先人后已	pos	0.867
风骨峭峻	pos	0.867
目不邪视	pos	0.867
屏气凝神	pos	0.867
驽马十驾	pos	0.867
褒善贬恶	pos	0.867
济弱扶倾	pos	0.867
血肉相连	pos	0.867
看杀卫玠	pos	0.867
三寸之舌	pos	0.867
耳听八方	pos	0.867
认贼为子	neg	0.867
摇尾乞伶	neg	0.867
翘楚	pos	0.867
窃案	neg	0.867
侵渔	neg	0.867
请降	neg	0.867
析辨诡词	neg	0.867
犀燃烛照	pos	0.867
蹊田夺牛	neg	0.867
下情上达	pos	0.867
仙姿佚貌	pos	0.867
贤母良妻	pos	0.867
涎眉邓眼	neg	0.867
像心如意	pos	0.867
逍遥自得	pos	0.867
销神流志	neg	0.867
孝子顺孙	pos	0.867
邪魔怪道	neg	0.867
心甘情原	pos	0.867
心乔意怯	neg	0.867
心慵意懒	neg	0.867
心旷神愉	pos	0.867
欣然自得	pos	0.867
启瞆振聋	neg	0.867
气充志骄	neg	0.867
气骄志满	pos	0.867
牵衣肘见	neg	0.867
潜光隐德	pos	0.867
名气	pos	0.867
名学	pos	0.867
重听	pos	0.867
逐北	pos	0.867
主使	neg	0.867
转生	pos	0.867
装饰	pos	0.867
追捕	neg	0.867
追问	pos	0.867
坠落	pos	0.867
拙笔	pos	0.867
着凉	pos	0.867
爱如己出	pos	0.867
重义轻生	neg	0.867
诪张变眩	neg	0.867
珠围翠绕	pos	0.867
逐末忘本	neg	0.867
逐宕失返	neg	0.867
逐影吠声	neg	0.867
煮鹤焚琴	neg	0.867
祝哽祝噎	pos	0.867
追风蹑景	pos	0.867
卓尔独行	pos	0.867
擢筋割骨	neg	0.867
钻天打洞	neg	0.867
作小服低	pos	0.867
坐薪尝胆	pos	0.867
辜恩背义	neg	0.867
起火打劫	neg	0.867
裙屐少年	neg	0.867
如狼牧羊	neg	0.867
鼠牙雀角	neg	0.867
金碧辉映	pos	0.867
正义战争	pos	0.867
挚敬	pos	0.867
英次飒爽	pos	0.867
寻死觅活	neg	0.867
食不果腹	neg	0.867
酩酊大醉	neg	0.867
行成于思	neg	0.867
睹物思人	neg	0.867
人亡物在	neg	0.867
不堪回首	neg	0.867
南柯一梦	neg	0.867
巧妇难无火之炊	neg	0.867
无从措手	neg	0.867
不堪其忧	neg	0.867
废书而叹	neg	0.867
不知高低	neg	0.867
将信将疑	neg	0.867
感情用事	neg	0.867
一块石头落了地	pos	0.867
大梦初醒	pos	0.867
了如指掌	pos	0.867
不期而然	neg	0.867
意气扬扬	pos	0.867
保重	pos	0.867
抱粗腿	neg	0.867
备不住	neg	0.867
崩症	neg	0.867
必须	pos	0.867
避忌	neg	0.867
冬温夏凊	pos	0.867
洞幽烛远	pos	0.867
斗酒百篇	pos	0.867
毒蛇猛兽	neg	0.867
杜断房谋	pos	0.867
放僻淫佚	neg	0.867
飞鸾翔凤	pos	0.867
奋发踔厉	pos	0.867
丰功厚利	pos	0.867
抵掌	pos	0.867
地下党	pos	0.867
撒手锏	pos	0.867
丧家	neg	0.867
扫荡	neg	0.867
上吊	neg	0.867
劈脸	neg	0.867
烈火烹油	neg	0.867
玲珑透漏	pos	0.867
流言混话	neg	0.867
流连忘反	pos	0.867
柳暖花春	pos	0.867
龙去鼎湖	pos	0.867
龙威燕颔	pos	0.867
龙章秀骨	pos	0.867
龙翔凤翥	pos	0.867
龙翰凤雏	pos	0.867
龙骧虎步	pos	0.867
卤莽灭裂	neg	0.867
路无拾遗	pos	0.867
鸾俦凤侣	pos	0.867
乱作胡为	neg	0.867
驴鸣犬吠	neg	0.867
履霜之戒	neg	0.867
买笑追欢	neg	0.867
麦秀两歧	pos	0.867
卖儿鬻女	neg	0.867
卖富差贫	neg	0.867
满座风生	pos	0.867
忙中有失	neg	0.867
贸首之雠	neg	0.867
没世无闻	pos	0.867
门可张罗	neg	0.867
梦想颠倒	neg	0.867
迷金醉纸	neg	0.867
胡行乱为	neg	0.867
哗世取宠	neg	0.867
化腐为奇	pos	0.867
怀珠抱玉	pos	0.867
涣若冰释	pos	0.867
黄人捧日	pos	0.867
辉光日新	pos	0.867
回干就湿	pos	0.867
诲人不惓	pos	0.867
浑然天成	pos	0.867
机关用尽	neg	0.867
鸡飞狗叫	neg	0.867
计行言听	pos	0.867
孤立无助	neg	0.867
孤儿寡妇	neg	0.867
骨瘦形销	neg	0.867
鼓舞欢忻	pos	0.867
顾盼神飞	pos	0.867
挂灯结彩	pos	0.867
官偪民反	neg	0.867
鳏鱼渴凤	pos	0.867
龟龄鹤算	pos	0.867
骇人视听	neg	0.867
含辛忍苦	pos	0.867
含章挺生	pos	0.867
汗牛充栋	pos	0.867
毫厘千里	neg	0.867
宏才大略	pos	0.867
闳识孤怀	pos	0.867
厚味腊毒	neg	0.867
呼牛作马	neg	0.867
狐兔之悲	neg	0.867
誓愿	pos	0.867
交际花	neg	0.867
娇娃	pos	0.867
教条主义	neg	0.867
金链	pos	0.867
津津	pos	0.867
伪君子	neg	0.867
无量	pos	0.867
涂歌里抃	pos	0.867
土阶茅茨	pos	0.867
吐食握发	pos	0.867
兔走鹘落	pos	0.867
推己及物	pos	0.867
推梨让枣	pos	0.867
退旅进旅	pos	0.867
吞风饮雨	neg	0.867
脱手弹丸	pos	0.867
唾壶击缺	neg	0.867
歪打正着	neg	0.867
外厉内荏	neg	0.867
剜肉生疮	neg	0.867
玩日愒时	neg	0.867
顽父嚚母	neg	0.867
亡不旋踵	neg	0.867
亡国之器	neg	0.867
王公大人	pos	0.867
枉尺直寻	neg	0.867
枉费心力	neg	0.867
忘生舍死	pos	0.867
望子成龙	pos	0.867
望风而靡	neg	0.867
望尘追迹	pos	0.867
危言高论	pos	0.867
威风扫地	neg	0.867
煨干避湿	pos	0.867
为蛇添足	neg	0.867
为人作嫁	neg	0.867
违利赴名	pos	0.867
围城打援	pos	0.867
偎慵堕懒	neg	0.867
文人无行	pos	0.867
文身断发	neg	0.867
问舍求田	neg	0.867
汶阳田反	pos	0.867
乌集之交	neg	0.867
屋上乌	pos	0.867
无了无休	neg	0.867
无以塞责	pos	0.867
无名之朴	pos	0.867
无拘无碍	pos	0.867
无所回避	pos	0.867
无故呻吟	neg	0.867
无计奈何	neg	0.867
无师自通	pos	0.867
无胫而走	pos	0.867
无为而治	pos	0.867
捅娄子	neg	0.867
头油	pos	0.867
土包子	neg	0.867
推脱	pos	0.867
腿子	neg	0.867
濒危	neg	0.867
波尔卡	pos	0.867
补情	pos	0.867
不错眼	pos	0.867
不韪	neg	0.867
不行	neg	0.867
申雪	neg	0.867
失恋	neg	0.867
绞手	neg	0.867
阶级观点	pos	0.867
桀黠	neg	0.867
游侠	pos	0.867
右派	neg	0.867
窳劣	neg	0.867
唱反调	neg	0.867
惩办	neg	0.867
吃不上	neg	0.867
诈奸不及	neg	0.867
难分难解	pos	0.867
鸟哭猿啼	neg	0.867
尿流屁滚	neg	0.867
骨肉相残	neg	0.867
鼓睛暴眼	neg	0.867
鼓乐齐鸣	pos	0.867
光焰万丈	pos	0.867
瑰意奇行	pos	0.867
国耳忘家	pos	0.867
含仁怀义	pos	0.867
含垢包羞	pos	0.867
寒泉之思	pos	0.867
好天良夜	pos	0.867
好色之徒	neg	0.867
河山之德	pos	0.867
横眉吐气	pos	0.867
横殃飞祸	neg	0.867
横赋暴敛	neg	0.867
轰天烈地	pos	0.867
鸿轩凤翥	pos	0.867
户天胡帝	neg	0.867
逝世	pos	0.867
化日光天	pos	0.867
魂飞目断	pos	0.867
极情尽致	pos	0.867
骥子龙文	pos	0.867
哈巴狗	neg	0.867
图作不轨	neg	0.867
途途是道	pos	0.867
吐心吐胆	pos	0.867
吐胆倾心	pos	0.867
抟心壹志	pos	0.867
吞声饮恨	neg	0.867
托公报私	neg	0.867
拖金委紫	pos	0.867
唾地成文	pos	0.867
歪八竖八	neg	0.867
外简内明	pos	0.867
刓方为圆	neg	0.867
玩岁愒日	neg	0.867
晚节不终	neg	0.867
亡国之社	neg	0.867
亡猿灾木	neg	0.867
枉口诳舌	neg	0.867
枉突徙薪	neg	0.867
枉矫过激	neg	0.867
忘情负义	neg	0.867
望岫息心	neg	0.867
望洋而叹	neg	0.867
望尘奔北	neg	0.867
威刑肃物	neg	0.867
为法自弊	neg	0.867
违世乖俗	pos	0.867
违害就利	neg	0.867
唯所欲为	neg	0.867
委委佗佗	pos	0.867
未风先雨	neg	0.867
味如嚼蜡	neg	0.867
魏鹊无枝	neg	0.867
文弛武玩	pos	0.867
文过其实	neg	0.867
闻一知二	pos	0.867
问罪之师	pos	0.867
瓮尽杯干	neg	0.867
握素披黄	pos	0.867
握发吐飧	pos	0.867
乌衣子弟	pos	0.867
呜呼噫嘻	neg	0.867
无人之境	neg	0.867
无可置辩	pos	0.867
无名小辈	neg	0.867
无如之何	neg	0.867
无何有之乡	neg	0.867
无知妄作	neg	0.867
无所重轻	neg	0.867
无风起浪	neg	0.867
无容身之地	neg	0.867
无偏无倚	pos	0.867
叠韵	pos	0.867
丢面子	neg	0.867
老黄牛	pos	0.867
累累	neg	0.867
相惊伯有	neg	0.867
恐慌万状	neg	0.867
谊切苔岑	pos	0.867
以手加额	pos	0.867
言近指远	pos	0.867
语重心长	pos	0.867
班荆道故	pos	0.867
聚讼纷纭	neg	0.867
哑子吃黄连	neg	0.867
百口莫辩	neg	0.867
当头棒喝	neg	0.867
言归正传	neg	0.867
网开一面	pos	0.867
陵云之志	pos	0.867
蹈节死义	pos	0.867
田父献曝	pos	0.867
好问则裕	pos	0.867
明火持杖	neg	0.867
木梗之患	neg	0.867
目空一世	neg	0.867
鸟惊鱼散	neg	0.867
烹狗藏弓	neg	0.867
形孤影寡	pos	0.867
胸有悬镜	pos	0.867
朽木难雕	neg	0.867
言清行浊	neg	0.867
研精竭虑	pos	0.867
鞅鞅不乐	neg	0.867
阳春有脚	pos	0.867
摇头稿脑	neg	0.867
野鹤闲云	pos	0.867
浮家泛宅	pos	0.867
孚尹旁达	pos	0.867
付诸东流	neg	0.867
附凤攀龙	neg	0.867
甘雨随车	pos	0.867
感今惟昔	pos	0.867
高人一等	pos	0.867
高不辏低不就	pos	0.867
高步阔视	pos	0.867
高朋满座	pos	0.867
高鸟尽良弓藏	neg	0.867
革故鼎新	pos	0.867
革旧鼎新	pos	0.867
根蟠节错	neg	0.867
公正廉洁	pos	0.867
躬先士卒	pos	0.867
共贯同条	pos	0.867
统率	pos	0.867
荣归	pos	0.867
超额利润	pos	0.867
吃不服	neg	0.867
寒心酸鼻	neg	0.867
唇齿相依	pos	0.867
新仇旧恨	neg	0.867
报本反始	pos	0.867
天覆地载	pos	0.867
能言巧辩	pos	0.867
下阪走丸	pos	0.867
要言不烦	pos	0.867
唇干口燥	neg	0.867
千言万语	pos	0.867
一诺干金	pos	0.867
泛泛而谈	neg	0.867
人言籍籍	neg	0.867
知人论世	neg	0.867
入室操戈	neg	0.867
空话连篇	neg	0.867
违心之论	neg	0.867
雄飞雌伏	pos	0.867
赤胆忠心	pos	0.867
闭邪存诚	pos	0.867
昂藏	pos	0.867
高着	pos	0.867
病魔	neg	0.867
哺养	pos	0.867
不遑	neg	0.867
不期	pos	0.867
不是话	neg	0.867
不惜	pos	0.867
风行电照	pos	0.867
风虎云龙	pos	0.867
跗萼联芳	pos	0.867
负才任气	neg	0.867
附影附声	neg	0.867
改行从善	pos	0.867
高才卓识	pos	0.867
高位厚禄	pos	0.867
高官重禄	pos	0.867
高谈大论	neg	0.867
膏唇拭舌	neg	0.867
革凡成圣	pos	0.867
革面洗心	pos	0.867
隔皮断货	neg	0.867
公耳忘私	pos	0.867
贡禹弹冠	pos	0.867
狗偷鼠窃	neg	0.867
沽名吊誉	neg	0.867
身后	neg	0.867
神童	pos	0.867
升天	neg	0.867
破除	pos	0.867
奇兵	pos	0.867
旗帜	pos	0.867
起来	pos	0.867
勇者不慎	pos	0.867
谢罪	pos	0.867
刑辱	neg	0.867
汹汹	neg	0.867
因缘为市	neg	0.867
饮泉清节	pos	0.867
余音袅袅	pos	0.867
鱼目间珠	neg	0.867
鱼烂土崩	neg	0.867
雨霾风障	neg	0.867
玉骨冰肌	pos	0.867
鸳俦凤侣	pos	0.867
渊蜎蠖伏	pos	0.867
沅茝醴兰	pos	0.867
饭坑酒囊	neg	0.867
满腔热忱	pos	0.867
松枝挂剑	pos	0.867
搜根剔齿	neg	0.867
速战速决	pos	0.867
随风逐浪	neg	0.867
岁不我与	neg	0.867
遂心满意	pos	0.867
贪欲无艺	neg	0.867
谈吐生风	pos	0.867
桃李门墙	pos	0.867
桃腮柳眼	pos	0.867
天崩地陷	neg	0.867
天无绝人之路	pos	0.867
天网恢恢	pos	0.867
添油炽薪	neg	0.867
铁板铜弦	pos	0.867
通文达艺	pos	0.867
通风讨信	neg	0.867
同仇敌慨	pos	0.867
同心共济	pos	0.867
同心竭力	pos	0.867
铜驼草莽	neg	0.867
头破血出	neg	0.867
投木报琼	pos	0.867
强记博闻	pos	0.867
墙头马上	pos	0.867
巧不可阶	pos	0.867
禽息鸟视	neg	0.867
青肝碧血	pos	0.867
轻身重义	pos	0.867
清新俊逸	pos	0.867
曲学阿世	neg	0.867
鹊反鸾惊	pos	0.867
日新月著	pos	0.867
辱身败名	neg	0.867
三风十愆	neg	0.867
杀人如蒿	neg	0.867
神龙马壮	pos	0.867
刺杀	neg	0.867
大年夜	pos	0.867
报偿	pos	0.867
暴客	neg	0.867
上手	pos	0.867
负荆	pos	0.867
已决犯	neg	0.867
夤缘	neg	0.867
圆寂	pos	0.867
赞语	pos	0.867
造反	neg	0.867
功到自然成	pos	0.867
不得人心	neg	0.867
有缘千里来相会	pos	0.867
少小无猜	pos	0.867
汹涌澎湃	pos	0.867
人杰地灵	pos	0.867
偷安旦夕	neg	0.867
羼杂	neg	0.867
有恃毋恐	neg	0.867
鱼质龙文	neg	0.867
鱼烂瓦解	neg	0.867
禹惜寸阴	pos	0.867
语重心沉	pos	0.867
玉树琼枝	pos	0.867
渊涓蠖濩	pos	0.867
渊图远算	pos	0.867
明珠暗投	neg	0.867
王牌	pos	0.867
跼高蹐厚	neg	0.867
踞虎盘龙	pos	0.867
抉目东门	neg	0.867
嚼墨喷纸	pos	0.867
岂弟君子	pos	0.867
匡鼎解颐	pos	0.867
烂熳天真	pos	0.867
乐成人美	pos	0.867
利齿能牙	pos	0.867
沥胆隳肝	pos	0.867
砺世磨钝	pos	0.867
连阶累任	pos	0.867
敛锷韬光	pos	0.867
两脚书橱	neg	0.867
相忍为国	pos	0.867
恶衣恶食	neg	0.867
众志成城	pos	0.867
登高能赋	pos	0.867
高才疾足	pos	0.867
灵蛇之珠	pos	0.867
认贼作父	neg	0.867
摇尾求食	neg	0.867
淫辞秽语	neg	0.867
投石下井	neg	0.867
洁浊扬清	pos	0.867
惊世骇俗	pos	0.867
酒囊饭包	neg	0.867
志满气骄	neg	0.867
掷鼠忌器	neg	0.867
智昏菽麦	neg	0.867
鸷击狼噬	neg	0.867
中流底柱	pos	0.867
逐末舍本	neg	0.867
煮鹤烧琴	neg	0.867
追风蹑影	pos	0.867
追云逐电	pos	0.867
卓荦不羁	pos	0.867
恣心纵欲	neg	0.867
足音空谷	pos	0.867
钻天觅缝	neg	0.867
醉舞狂歌	neg	0.867
左右逢原	pos	0.867
坐薪悬胆	pos	0.867
阿附	neg	0.867
害人	neg	0.867
招摇过市	neg	0.867
背倍弃义	neg	0.867
虚骄恃气	neg	0.867
神气活现	neg	0.867
横行不法	neg	0.867
规求元度	neg	0.867
声色贷利	neg	0.867
豪夺	neg	0.867
豕突狼奔	neg	0.867
鼠腥蜗肠	neg	0.867
松柏之志	pos	0.867
宋斤鲁削	pos	0.867
搜索肾胃	pos	0.867
遂心应手	pos	0.867
所费不赀	neg	0.867
太平无象	neg	0.867
贪污狼藉	neg	0.867
贪赃坏法	neg	0.867
叹老嗟卑	neg	0.867
桃夭柳媚	pos	0.867
剔透玲珑	pos	0.867
体无完皮	neg	0.867
摘瓜抱蔓	neg	0.867
天荆地棘	neg	0.867
添醋加油	neg	0.867
恬淡无为	pos	0.867
挑么挑六	neg	0.867
铁板铜琶	pos	0.867
通文调武	pos	0.867
通儒达士	pos	0.867
同仇敌忾	pos	0.867
同心合力	pos	0.867
同心敌忾	pos	0.867
同恶相恤	neg	0.867
同盘而食	pos	0.867
偷媚取容	neg	0.867
头破血流	neg	0.867
黩武穷兵	neg	0.867
断齑画粥	pos	0.867
放辟淫侈	neg	0.867
分花约柳	pos	0.867
奋身不顾	pos	0.867
愤不顾身	pos	0.867
鸿鹄	pos	0.867
地方主义	neg	0.867
重婚	neg	0.867
烛泪	pos	0.867
主谋	neg	0.867
伫立	pos	0.867
撞骗	neg	0.867
强唇劣嘴	neg	0.867
跷足抗手	pos	0.867
巧立名色	neg	0.867
噙齿戴发	pos	0.867
日新月盛	pos	0.867
强取	neg	0.867
情郎	pos	0.867
贴金	neg	0.867
抉目悬门	neg	0.867
钧天广乐	pos	0.867
开花结实	pos	0.867
开云见天	pos	0.867
铿金霏玉	pos	0.867
口谐辞给	pos	0.867
枯枿朽株	neg	0.867
枯树逢春	pos	0.867
快心遂意	pos	0.867
宽洪海量	pos	0.867
匡衡凿壁	pos	0.867
诳时惑众	neg	0.867
滥官污吏	neg	0.867
狼嗥狗叫	neg	0.867
劳民费财	neg	0.867
磊落不羁	pos	0.867
冷血动物	neg	0.867
离奇古怪	pos	0.867
李广难封	neg	0.867
连枝同气	pos	0.867
两肋插刀	pos	0.867
两意三心	neg	0.867
引咎自责	neg	0.867
一秉至公	pos	0.867
仰屋著书	pos	0.867
事必躬亲	pos	0.867
精诚团结	pos	0.867
一心一德	pos	0.867
相儒以沫	pos	0.867
患难与共	pos	0.867
鹤鸣九皋	pos	0.867
下笔成篇	pos	0.867
殚见洽闻	pos	0.867
裙带关系	neg	0.867
抢亲	neg	0.867
愀然	neg	0.867
勤王	pos	0.867
情话	pos	0.867
情谊	pos	0.867
无与为比	pos	0.867
舞爪张牙	neg	0.867
嘻皮笑脸	neg	0.867
先意承指	neg	0.867
贤贤易色	pos	0.867
效死勿去	pos	0.867
心狠手毒	neg	0.867
心贯白日	pos	0.867
心劳意攘	neg	0.867
心烦虑乱	neg	0.867
心头撞鹿	neg	0.867
匹马一麾	pos	0.867
剖肝沥胆	pos	0.867
气满志得	pos	0.867
千里神交	pos	0.867
殷殷	pos	0.867
英魂	pos	0.867
圆谎	neg	0.867
远谋	pos	0.867
栽脏	neg	0.867
赞美诗	pos	0.867
垂手而得	pos	0.867
瓮中捉鳖	pos	0.867
反败为胜	pos	0.867
多财善贾	pos	0.867
情深潭水	pos	0.867
杵臼之交	pos	0.867
雨过天青	pos	0.867
沃野千里	pos	0.867
奇光异彩	pos	0.867
琼林玉树	pos	0.867
巍然屹立	pos	0.867
死而后已	pos	0.867
名士	pos	0.867
莫逆	pos	0.867
拜倒辕门	pos	0.867
背公营私	neg	0.867
背本就末	neg	0.867
悖言乱辞	neg	0.867
鼻孔朝天	neg	0.867
志骄意满	neg	0.867
雉伏鼠窜	neg	0.867
朱甍碧瓦	pos	0.867
珠零锦粲	pos	0.867
主敬存诚	pos	0.867
追风逐日	pos	0.867
追魂夺魄	neg	0.867
追欢卖笑	neg	0.867
捉襟肘见	neg	0.867
恣情纵欲	neg	0.867
祖功宗德	pos	0.867
爱称	pos	0.867
冒名项替	neg	0.867
衣锦还乡	neg	0.867
江左夷吾	pos	0.867
骄佚奢淫	neg	0.867
禁鼎一脔	pos	0.867
惊皇失措	neg	0.867
井底虾蟆	neg	0.867
景星麟凤	pos	0.867
九仞一篑	neg	0.867
执友	pos	0.867
忠臣	pos	0.867
浓妆艳裹	pos	0.867
豪情壮志	pos	0.867
无火之炊	neg	0.867
衾影无惭	pos	0.867
怀着鬼胎	neg	0.867
人心惶惶	neg	0.867
悬心吊胆	neg	0.867
娱心悦目	pos	0.867
摩拳擦掌	pos	0.867
高论	pos	0.867
报废	neg	0.867
暴动	neg	0.867
背黑锅	neg	0.867
贬黜	neg	0.867
侠客	pos	0.867
贼头狗脑	neg	0.867
张眼露睛	neg	0.867
猥词	neg	0.867
诬罔	neg	0.867
投鼠之忌	neg	0.867
涂歌巷舞	pos	0.867
土鸡瓦狗	neg	0.867
吐哺辍洗	pos	0.867
兔起鹘落	pos	0.867
抟香弄粉	neg	0.867
推东主西	neg	0.867
推轮捧毂	pos	0.867
跅弢不羁	neg	0.867
外巧内嫉	neg	0.867
外宽内深	neg	0.867
剜肉补疮	neg	0.867
玩时贪日	neg	0.867
顽皮赖骨	neg	0.867
枉直同贯	neg	0.867
忘恩背义	neg	0.867
望风希旨	neg	0.867
望尘不及	neg	0.867
望尘靡及	neg	0.867
为好成歉	neg	0.867
为善最乐	pos	0.867
为虎添翼	neg	0.867
唯利是视	neg	0.867
帏箔不修	neg	0.867
惟利是视	neg	0.867
尾大难掉	neg	0.867
未明求衣	pos	0.867
魏紫姚黄	pos	0.867
文子同升	pos	0.867
文武差事	neg	0.867
文圆质方	pos	0.867
文奸济恶	neg	0.867
握铅抱椠	pos	0.867
无一不知	pos	0.867
无功而禄	neg	0.867
无可奈何花落去	neg	0.867
无任之禄	neg	0.867
无私之光	pos	0.867
无事生事	neg	0.867
无施不效	pos	0.867
通晓	pos	0.867
神效	pos	0.867
开怀儿	pos	0.867
交好	pos	0.867
阶级异己分子	neg	0.867
劫掠	neg	0.867
金本位制	neg	0.867
诱奸	neg	0.867
长逝	pos	0.867
畅饮	pos	0.867
赃污狼藉	neg	0.867
孤苦仃俜	neg	0.867
刮目相待	pos	0.867
官官相为	neg	0.867
鬼计多端	neg	0.867
海怀霞想	pos	0.867
含垢匿瑕	pos	0.867
含冤负屈	pos	0.867
鹤唳风声	neg	0.867
横槊赋诗	pos	0.867
横无忌惮	neg	0.867
横征暴敛	neg	0.867
鸿章巨字	pos	0.867
后拥前呼	pos	0.867
狐虎之威	neg	0.867
失约	neg	0.867
怙顽不悛	neg	0.867
怀材抱器	pos	0.867
坏法乱纪	neg	0.867
灰容土貌	neg	0.867
讳恶不悛	neg	0.867
昏天黑地	neg	0.867
货赂公行	neg	0.867
计穷途拙	neg	0.867
坚忍不拔	pos	0.867
丁忧	pos	0.867
攘夺	neg	0.867
人贩子	neg	0.867
荣军	pos	0.867
软伫	pos	0.867
轩鹤冠猴	neg	0.867
雪案萤窗	pos	0.867
噀玉喷珠	pos	0.867
言听行从	pos	0.867
雁影分飞	neg	0.867
扬威耀武	pos	0.867
风行电击	pos	0.867
凤毛龙甲	pos	0.867
凤鸣鹤唳	pos	0.867
凤靡鸾吪	pos	0.867
跗萼连晖	pos	0.867
俯仰无愧	pos	0.867
负才使气	neg	0.867
负重吞污	pos	0.867
妇人之仁	neg	0.867
附赘县疣	neg	0.867
干霄蔽日	pos	0.867
高自标誉	neg	0.867
高位重禄	pos	0.867
高官尊爵	pos	0.867
高谈虚论	neg	0.867
膏唇贩舌	neg	0.867
革凡登圣	pos	0.867
格古通今	pos	0.867
梗顽不化	neg	0.867
攻苦食啖	pos	0.867
躬体力行	pos	0.867
狗逮老鼠	neg	0.867
狗党狐朋	neg	0.867
沽名要誉	neg	0.867
惹眼	pos	0.867
人物	pos	0.867
雪胎梅骨	pos	0.867
寻欢作乐	neg	0.867
言简义丰	pos	0.867
研精殚思	pos	0.867
摇头幌脑	neg	0.867
乐观主义	pos	0.867
老油子	neg	0.867
扯后腿	neg	0.867
惩办主义	neg	0.867
秉公无私	pos	0.867
不见天日	neg	0.867
长恶不悛	neg	0.867
冰炭	neg	0.867
勃兴	pos	0.867
不景气	neg	0.867
对偶婚	pos	0.867
封豨修蛇	neg	0.867
凤毛鸡胆	neg	0.867
凤翥龙翔	pos	0.867
凤舞龙蟠	pos	0.867
奉公如法	pos	0.867
扶危济急	pos	0.867
浮收勒折	neg	0.867
负地矜才	neg	0.867
附声吠影	neg	0.867
富贵不淫	pos	0.867
腹饱万言	pos	0.867
高下在口	neg	0.867
高材疾足	pos	0.867
高头大马	pos	0.867
根深蒂结	pos	0.867
狗盗鼠窃	neg	0.867
狗续金貂	neg	0.867
沽誉钓名	neg	0.867
神悟	pos	0.867
新人	pos	0.867
加塞儿	neg	0.867
齿白唇红	pos	0.867
环肥蕉痪	pos	0.867
明眸皓齿	pos	0.867
稚齿婑婿	pos	0.867
蜂目豺声	pos	0.867
轶群绝类	pos	0.867
游响停云	pos	0.867
有始有卒	pos	0.867
有眼无瞳	neg	0.867
鱼目混珎	neg	0.867
鱼跃鸢飞	pos	0.867
雨帘云栋	pos	0.867
语妙绝伦	pos	0.867
郁郁沉沉	pos	0.867
沅芷澧兰	pos	0.867
驷马莫追	pos	0.867
送往事居	pos	0.867
随俗浮沈	neg	0.867
随声趋和	neg	0.867
贪婪无餍	neg	0.867
谈玄说妙	pos	0.867
谈论风生	pos	0.867
忐忑不定	neg	0.867
堂皇富丽	pos	0.867
韬光俟奋	pos	0.867
桃李争妍	pos	0.867
桃羞杏让	pos	0.867
讨恶翦暴	pos	0.867
体规画圆	neg	0.867
替古人耽忧	neg	0.867
擿埴索途	neg	0.867
天崩地坍	neg	0.867
添油加醋	neg	0.867
恬不为意	pos	0.867
条条框框	neg	0.867
铁板歌喉	pos	0.867
铁画银钩	pos	0.867
通文达礼	pos	0.867
通幽动微	pos	0.867
通忧共患	pos	0.867
同力协契	pos	0.867
同心共胆	pos	0.867
同心僇力	pos	0.867
同德同心	pos	0.867
同类相妒	neg	0.867
头出头没	neg	0.867
头焦额烂	neg	0.867
投刃皆虚	pos	0.867
垂危	neg	0.867
摧陷廓清	pos	0.867
存心积虑	neg	0.867
错彩镂金	pos	0.867
打破沙锅璺到底	pos	0.867
大直若屈	pos	0.867
德隆望重	pos	0.867
丢魂失魄	neg	0.867
墙高基下	neg	0.867
敲骨剥髓	neg	0.867
去邪归正	pos	0.867
从容	pos	0.867
醋劲儿	neg	0.867
打群架	neg	0.867
大年初一	pos	0.867
天涯若比邻	pos	0.867
撒旦	neg	0.867
三光政策	neg	0.867
丧事	neg	0.867
增进	pos	0.867
义正辞严	pos	0.867
拒人于千里之外	neg	0.867
列功覆过	pos	0.867
灵心慧性	pos	0.867
流言飞文	neg	0.867
柳折花残	neg	0.867
柳弱花娇	pos	0.867
龙御上宾	neg	0.867
龙凤呈祥	pos	0.867
龙腾凤集	pos	0.867
鹿走苏台	neg	0.867
鸾鸣凤奏	pos	0.867
乱七八遭	neg	0.867
吕武操莽	neg	0.867
马上功成	pos	0.867
麦丘之祝	pos	0.867
卖俏迎奸	neg	0.867
猫噬鹦鹉	neg	0.867
没精没彩	neg	0.867
门不夜关	pos	0.867
门闾之望	pos	0.867
猛虎添翼	pos	0.867
寻花问柳	neg	0.867
斗霜傲雪	pos	0.867
分花拂柳	pos	0.867
奋不顾命	pos	0.867
地方民族主义	neg	0.867
主犯	neg	0.867
嘱托	pos	0.867
注视	pos	0.867
专著	pos	0.867
装璜	pos	0.867
撞见	neg	0.867
追脏	pos	0.867
倾心	pos	0.867
屈挠	neg	0.867
摧枯折腐	pos	0.867
打死老虎	neg	0.867
大厦将颠	neg	0.867
胆战心摇	neg	0.867
惕励	neg	0.867
橘化为枳	neg	0.867
踞炉炭上	neg	0.867
抉目胥门	neg	0.867
君圣臣贤	pos	0.867
开心见肠	pos	0.867
开眉展眼	pos	0.867
咳珠唾玉	pos	0.867
口角生风	pos	0.867
枯枝再春	pos	0.867
快刀斩乱丝	pos	0.867
来日大难	neg	0.867
览闻辩见	pos	0.867
烂额焦头	neg	0.867
劳心焦思	neg	0.867
磊浪不羁	pos	0.867
离合悲欢	neg	0.867
李广未封	neg	0.867
连枝共冢	pos	0.867
脸青鼻肿	neg	0.867
两道三科	neg	0.867
修桥补路	pos	0.867
死不瞑目	pos	0.867
信赏必罚	pos	0.867
一德一心	pos	0.867
五言长城	pos	0.867
药笼中物	pos	0.867
举无遗策	pos	0.867
身经百战	pos	0.867
无与比伦	pos	0.867
舞文巧诋	neg	0.867
嘻皮涎脸	neg	0.867
霞明玉映	pos	0.867
贤妻良母	pos	0.867
像心称意	pos	0.867
孝子慈孙	pos	0.867
胁不沾席	pos	0.867
心术不端	neg	0.867
心劳意冗	neg	0.867
心烦意冗	neg	0.867
心头鹿撞	neg	0.867
苦境	pos	0.867
困守	pos	0.867
千刀万剐	neg	0.867
千金敝帚	pos	0.867
潜休隐德	pos	0.867
彩礼	pos	0.867
揖让	pos	0.867
园丁	pos	0.867
远见	pos	0.867
岳母	pos	0.867
陨获	neg	0.867
赞礼	pos	0.867
增光	pos	0.867
畅通无阻	pos	0.867
以汤沃雪	pos	0.867
虎尾春冰	neg	0.867
四郊多垒	neg	0.867
羊入虎群	neg	0.867
有凤来仪	pos	0.867
腹心之疾	neg	0.867
似是而非	neg	0.867
地平天成	pos	0.867
事在人为	pos	0.867
多藏厚亡	neg	0.867
花残月缺	neg	0.867
折戟沉沙	neg	0.867
桃花潭水	pos	0.867
视同路人	neg	0.867
吃里爬外	neg	0.867
朝中有人好做官	neg	0.867
蓬荜生辉	pos	0.867
熊罴入梦	pos	0.867
天末凉风	neg	0.867
月黑风高	neg	0.867
千里迢迢	neg	0.867
青山绿水	pos	0.867
炮火连天	neg	0.867
调和鼎鼐	pos	0.867
荆山之玉	pos	0.867
仙山琼阁	neg	0.867
吉日良辰	pos	0.867
名胜	pos	0.867
名著	pos	0.867
志骄气盈	neg	0.867
昼干夕惕	pos	0.867
朱弦三叹	pos	0.867
侏儒观戏	neg	0.867
株连蔓引	neg	0.867
逐末弃本	neg	0.867
逐臭之夫	neg	0.867
逐影随波	neg	0.867
麈尾之诲	pos	0.867
祝僇祝鲠	pos	0.867
追欢买笑	neg	0.867
捉生替死	neg	0.867
恣凶稔恶	neg	0.867
晬面盎背	pos	0.867
左右图史	pos	0.867
左铅右椠	pos	0.867
坐不重席	pos	0.867
坐树不言	pos	0.867
做小伏低	pos	0.867
落漠	neg	0.867
芝兰	pos	0.867
打哈哈	pos	0.867
华冠丽服	pos	0.867
口燥唇干	neg	0.867
体无完肤	neg	0.867
左思右想	neg	0.867
感旧之哀	neg	0.867
停云落月	neg	0.867
浮想联翩	pos	0.867
无能为力	neg	0.867
一步一鬼	neg	0.867
贫而乐道	pos	0.867
先睹为快	neg	0.867
聊以自慰	neg	0.867
寝不安席	neg	0.867
得意忘言	pos	0.867
出人意表	neg	0.867
反躬自省	neg	0.867
幕天席地	pos	0.867
暴病	neg	0.867
暴乱	neg	0.867
背不住	neg	0.867
碧血	pos	0.867
避难	neg	0.867
鞭挞	neg	0.867
跑跑跳跳	neg	0.867
劈手	pos	0.867
烈烈轰轰	pos	0.867
陵弱暴寡	neg	0.867
令行禁止	pos	0.867
流星飞电	pos	0.867
流落失所	neg	0.867
柳眉星眼	pos	0.867
柳宠花迷	pos	0.867
龙肝凤髓	pos	0.867
龙姿凤采	pos	0.867
龙章凤彩	pos	0.867
龙翔凤跃	pos	0.867
龙盘凤逸	neg	0.867
龙腾虎掷	pos	0.867
龙骧虎跱	pos	0.867
镂冰炊砾	neg	0.867
露胆披肝	pos	0.867
乱语胡言	neg	0.867
驴头不对马嘴	neg	0.867
马牛襟裾	neg	0.867
马到功成	pos	0.867
麦穗两歧	pos	0.867
卖官贩爵	neg	0.867
埋轮破柱	pos	0.867
满脸春色	pos	0.867
毛遂堕井	neg	0.867
没石饮羽	pos	0.867
门衰祚薄	neg	0.867
扪参历井	neg	0.867
圭角岸然	pos	0.867
珪璋特达	pos	0.867
诡诞不经	neg	0.867
桂酒椒浆	pos	0.867
含垢藏瑕	neg	0.867
含情脉脉	pos	0.867
韩海苏潮	pos	0.867
浩如烟海	pos	0.867
何所不至	neg	0.867
黑风孽海	neg	0.867
横灾飞祸	neg	0.867
横抢硬夺	neg	0.867
洪炉点雪	pos	0.867
鸿都买第	neg	0.867
鸿业远图	pos	0.867
鸿儒硕学	pos	0.867
厚德载物	pos	0.867
狐狸尾巴	neg	0.867
狐鸣狗盗	neg	0.867
楷模	pos	0.867
赃盈恶贯	neg	0.867
伪政权	neg	0.867
无情	neg	0.867
投隙抵巇	neg	0.867
涂歌邑诵	pos	0.867
土龙沐猴	neg	0.867
吐哺捉发	pos	0.867
兔起凫举	pos	0.867
抟空捕影	neg	0.867
推心致腹	pos	0.867
推诚置腹	pos	0.867
退藏于密	pos	0.867
吞声忍气	neg	0.867
脱颖囊锥	pos	0.867
跅幪不羁	neg	0.867
外方内员	neg	0.867
外宽内明	pos	0.867
剜肉做疮	neg	0.867
玩故习常	neg	0.867
顽皮赖肉	neg	0.867
枉费心计	neg	0.867
忘恩失义	neg	0.867
望表知里	pos	0.867
望眼将穿	pos	0.867
望尘僄声	neg	0.867
危言核论	pos	0.867
逶迤退食	pos	0.867
为虎作伥	neg	0.867
违时绝俗	pos	0.867
唯利是求	neg	0.867
帷灯箧剑	neg	0.867
尾大不掉	neg	0.867
温香艳玉	pos	0.867
文风不动	pos	0.867
文丝不动	pos	0.867
文觌武匿	pos	0.867
问柳评花	neg	0.867
瓮中之鳖	pos	0.867
握瑜怀瑾	pos	0.867
乌踆兔走	neg	0.867
屋乌推爱	pos	0.867
无巧不成话	pos	0.867
无休无了	neg	0.867
无衣之赋	pos	0.867
无足重轻	neg	0.867
无所不作	neg	0.867
无所忌讳	pos	0.867
无施不可	pos	0.867
无家可奔	neg	0.867
无动于中	neg	0.867
无情少面	neg	0.867
无为自成	pos	0.867
头角	pos	0.867
透亮	pos	0.867
明火执杖	neg	0.867
目不交睫	neg	0.867
目空余子	neg	0.867
鸟惊鱼溃	neg	0.867
烹犬藏弓	neg	0.867
绅耆	pos	0.867
劫夺	neg	0.867
喁喁	pos	0.867
抄家	neg	0.867
成见	neg	0.867
惩处	neg	0.867
孤魂野鬼	neg	0.867
孤鸾照镜	neg	0.867
骨软筋麻	neg	0.867
鼓吻奋爪	neg	0.867
刮目相见	pos	0.867
龟年鹤算	pos	0.867
鬼咤狼嚎	neg	0.867
鬼计百端	neg	0.867
刿心刳腹	neg	0.867
含垢忍耻	pos	0.867
含冤受屈	neg	0.867
韩潮苏海	pos	0.867
汗马之劳	pos	0.867
豪夺巧取	neg	0.867
河奔海聚	pos	0.867
鹤行鸡群	pos	0.867
鹤处鸡群	pos	0.867
横征暴赋	neg	0.867
鸿案相庄	pos	0.867
鸿渐之翼	pos	0.867
狐媚魇道	neg	0.867
手拜	pos	0.867
鹄峙鸾翔	pos	0.867
怙终不悛	neg	0.867
怀才抱器	pos	0.867
欢忻鼓舞	pos	0.867
换骨夺胎	pos	0.867
豁然省悟	pos	0.867
鸡鸣起舞	pos	0.867
计较锱铢	neg	0.867
季布一诺	pos	0.867
泰山梁木	neg	0.867
渎犯	neg	0.867
断粮	neg	0.867
重足而立	neg	0.867
信而好古	pos	0.867
旧愁新恨	neg	0.867
深仇重怨	neg	0.867
洗雪逋负	neg	0.867
怨气冲天	neg	0.867
返哺之恩	pos	0.867
娓娓不倦	pos	0.867
要言妙道	pos	0.867
口口声声	neg	0.867
抵掌而谈	pos	0.867
哓哓不休	neg	0.867
避而不谈	neg	0.867
祸从口出	neg	0.867
沅茝沣兰	pos	0.867
古井无波	pos	0.867
拭面容言	pos	0.867
人望	pos	0.867
荣华	pos	0.867
形只影单	pos	0.867
形输色授	pos	0.867
雄材大略	pos	0.867
呴湿濡沫	pos	0.867
学老于年	pos	0.867
寻弊索瑕	neg	0.867
雅人韵士	pos	0.867
言论风生	pos	0.867
研精殚力	pos	0.867
掩眼捕雀	neg	0.867
阳解阴毒	neg	0.867
逸态横生	pos	0.867
辅车相依	pos	0.867
慷慨激昂	pos	0.867
寸草春晖	pos	0.867
再造之思	pos	0.867
片言折狱	pos	0.867
甘言美语	pos	0.867
正言厉色	pos	0.867
言来语去	pos	0.867
各抒已见	pos	0.867
舐皮论骨	neg	0.867
锋芒逼人	neg	0.867
说短论长	neg	0.867
老生常谈	neg	0.867
山中宰相	pos	0.867
威望素著	pos	0.867
九天揽月	pos	0.867
按荆斩棘	pos	0.867
倩女离魂	pos	0.867
之死摩它	pos	0.867
拼命	pos	0.867
不测	neg	0.867
不料	pos	0.867
凤舞龙飞	pos	0.867
跗萼载韡	pos	0.867
扶危救困	pos	0.867
浮头滑脑	neg	0.867
俯仰随人	neg	0.867
负才傲物	neg	0.867
负重含污	pos	0.867
妇人醇酒	neg	0.867
附赘悬肬	neg	0.867
富贵不能淫	pos	0.867
改往修来	pos	0.867
甘心如荠	pos	0.867
高才绝学	pos	0.867
高官显爵	pos	0.867
革面敛手	pos	0.867
格于成例	neg	0.867
根深本固	pos	0.867
功成弗居	pos	0.867
拱挹指麾	pos	0.867
钩深图远	neg	0.867
狗尾貂续	neg	0.867
狗傍人势	neg	0.867
狗党狐群	neg	0.867
沽名卖直	neg	0.867
奇崛	pos	0.867
奇志	pos	0.867
谦谦	pos	0.867
难解难分	pos	0.867
鸟散鱼溃	neg	0.867
假面具	neg	0.867
易如破竹	pos	0.867
余霞成绮	pos	0.867
鱼水和谐	pos	0.867
鱼烂河决	neg	0.867
逾闲荡检	neg	0.867
玉清冰洁	pos	0.867
玉毁椟中	neg	0.867
玉箫金管	pos	0.867
胸无大志	neg	0.867
超轶绝尘	pos	0.867
随世沈浮	neg	0.867
随珠弹雀	neg	0.867
遂迷不寤	neg	0.867
损人害己	neg	0.867
贪求无已	neg	0.867
探骊得珠	pos	0.867
韬曜含光	pos	0.867
桃蹊柳陌	pos	0.867
摘埴索涂	neg	0.867
天成地平	pos	0.867
天真烂漫	pos	0.867
挑牙料唇	neg	0.867
铁郭金城	pos	0.867
通计熟筹	pos	0.867
同心并力	pos	0.867
同心断金	pos	0.867
偷鸡盗狗	neg	0.867
投阱下石	neg	0.867
强识博闻	pos	0.867
亲操井臼	pos	0.867
青霄白日	pos	0.867
轻世肆志	neg	0.867
清风劲节	pos	0.867
鹊巢鸠主	neg	0.867
入室升堂	pos	0.867
丧师辱国	neg	0.867
山肤水豢	pos	0.867
赏罚信明	pos	0.867
社会贤达	neg	0.867
深根蟠结	neg	0.867
神工天巧	pos	0.867
神乎其技	pos	0.867
神清气茂	pos	0.867
神霄绛阙	pos	0.867
报复主义	neg	0.867
贬抑	neg	0.867
卷席而居	neg	0.867
抉瑕摘衅	neg	0.867
开云见日	pos	0.867
尻舆神马	pos	0.867
刻木为吏	neg	0.867
枯木再生	pos	0.867
旷心怡神	pos	0.867
郎才女姿	pos	0.867
狼前虎后	neg	0.867
狼嗥鬼叫	neg	0.867
乐道忘饥	pos	0.867
乐山乐水	pos	0.867
磊落光明	pos	0.867
离世异俗	pos	0.867
连枝并头	pos	0.867
连珠合璧	pos	0.867
连鳌跨鲸	pos	0.867
廉顽立懦	pos	0.867
衣被群生	pos	0.867
圆木警枕	pos	0.867
手足胼胝	pos	0.867
一以当十	pos	0.867
八斗之才	pos	0.867
妙手丹青	pos	0.867
独具只眼	pos	0.867
讷言敏行	pos	0.867
多文为富	pos	0.867
杀人越贷	neg	0.867
质非文是	neg	0.867
智小言大	neg	0.867
重逆无道	neg	0.867
朱楼碧瓦	pos	0.867
诛求无已	neg	0.867
逐名趋势	neg	0.867
逐逐眈眈	neg	0.867
拄笏西山	pos	0.867
助纣为虐	neg	0.867
祝鲠祝噎	pos	0.867
抓乖弄俏	neg	0.867
壮士断腕	pos	0.867
追风逐电	pos	0.867
捉襟露肘	neg	0.867
浞訾栗斯	neg	0.867
锱铢不爽	pos	0.867
恣无忌惮	neg	0.867
祖武宗文	pos	0.867
尊无二上	pos	0.867
左宜右宜	pos	0.867
坐无虚席	pos	0.867
洞隐烛微	pos	0.867
对客挥毫	pos	0.867
恩同山岳	pos	0.867
房谋杜断	pos	0.867
奋发蹈厉	pos	0.867
丰功盛烈	pos	0.867
风光月霁	pos	0.867
猪瘟	neg	0.867
逐臭	neg	0.867
主体	pos	0.867
助威	pos	0.867
强权政治	neg	0.867
亲征	pos	0.867
侵略战争	neg	0.867
青楼	neg	0.867
倾倒	pos	0.867
擎天柱	pos	0.867
惜墨如金	pos	0.867
霞蔚云蒸	pos	0.867
掀天揭地	pos	0.867
鲜廉寡耻	neg	0.867
涎皮涎脸	neg	0.867
小题大做	neg	0.867
心浮气盛	neg	0.867
心细于发	pos	0.867
心旷神恬	pos	0.867
辛壬癸甲	pos	0.867
星移斗转	pos	0.867
弃旧迎新	neg	0.867
千里寄鹅毛	pos	0.867
迁善塞违	pos	0.867
搀兑	neg	0.867
义勇	pos	0.867
月老	pos	0.867
反手可得	pos	0.867
持盈保泰	pos	0.867
维妙维肖	pos	0.867
莫辨楮叶	neg	0.867
色授魂与	pos	0.867
犬马之报	pos	0.867
十日之饮	pos	0.867
日月合壁	pos	0.867
花街柳巷	neg	0.867
龙潭虎穴	neg	0.867
望衡对宇	pos	0.867
花香鸟语	pos	0.867
苍翠欲滴	pos	0.867
姚黄魏紫	pos	0.867
声如洪钟	pos	0.867
亿万斯年	pos	0.867
名句	pos	0.867
名望	pos	0.867
五斗折腰	neg	0.867
三头二面	neg	0.867
知荣守辱	neg	0.867
燕众议员虎颈	pos	0.867
穿云裂石	pos	0.867
不可究诘	neg	0.867
堕云雾中	neg	0.867
不由自主	pos	0.867
一口吃个胖子	neg	0.867
噬脐何及	neg	0.867
闲云野鹤	pos	0.867
怡情悦性	pos	0.867
嫂夫人	pos	0.867
抛弃	neg	0.867
飘然	pos	0.867
平毁	neg	0.867
凭陵	neg	0.867
屏藩	pos	0.867
君子	pos	0.867
开心丸儿	pos	0.867
伟业	pos	0.867
乌龟	neg	0.867
无度	neg	0.867
吐肝露胆	pos	0.867
兔死犬饥	neg	0.867
兔头麞脑	neg	0.867
推三推四	neg	0.867
推陈致新	pos	0.867
推聋作哑	neg	0.867
退食自公	pos	0.867
吞言咽理	neg	0.867
吞声饮气	neg	0.867
歪不横楞	neg	0.867
外强中瘠	neg	0.867
弯弓饮羽	pos	0.867
完名全节	pos	0.867
玩岁愒月	neg	0.867
亡猿祸木	neg	0.867
枉口嚼舌	neg	0.867
枉辔学步	neg	0.867
忘寝废食	pos	0.867
望空捉影	neg	0.867
望尘奔溃	neg	0.867
威重令行	neg	0.867
为虺弗摧	neg	0.867
违世异俗	pos	0.867
未艾方兴	pos	0.867
偎红倚翠	neg	0.867
温文儒雅	pos	0.867
温情密意	pos	0.867
文身剪发	neg	0.867
问羊知马	pos	0.867
问寝视膳	pos	0.867
握素怀铅	pos	0.867
握雾拏云	pos	0.867
乌衣门第	pos	0.867
无方之民	neg	0.867
无如之奈	neg	0.867
无何有乡	neg	0.867
无所施其伎	neg	0.867
无空不入	neg	0.867
无风扬波	neg	0.867
无偏无颇	pos	0.867
呆小症	neg	0.867
绞杀	neg	0.867
金缕玉衣	pos	0.867
窳败	neg	0.867
呼牛呼马	neg	0.867
狐埋狐扬	neg	0.867
侍奉	pos	0.867
胡作胡为	neg	0.867
户限为穿	pos	0.867
哗世动俗	neg	0.867
怀珠韫玉	pos	0.867
涣然冰释	pos	0.867
浑然自成	pos	0.867
机关算尽	neg	0.867
鸡犬不惊	pos	0.867
鸡飞狗走	neg	0.867
极重不反	neg	0.867
亟疾苛察	neg	0.867
急敛暴征	neg	0.867
家骥人璧	pos	0.867
光荣榜	pos	0.867
微乎其微	neg	0.867
赌咒	neg	0.867
对唱	pos	0.867
犬儒	neg	0.867
让位	pos	0.867
人材	pos	0.867
荣誉军人	pos	0.867
瑞签	pos	0.867
锋不可当	pos	0.867
凤舞鸾歌	pos	0.867
奉公克己	pos	0.867
夫倡妇随	pos	0.867
浮收勒索	neg	0.867
抚躬自问	pos	0.867
黼蔀黻纪	pos	0.867
负材任气	neg	0.867
附翼攀鳞	neg	0.867
甘心瞑目	pos	0.867
钢筋铁骨	pos	0.867
高睨大谈	neg	0.867
高斋学士	pos	0.867
革新变旧	pos	0.867
狗咬吕洞宾	neg	0.867
狗盗鸡啼	neg	0.867
沽誉买直	neg	0.867
同工同酬	pos	0.867
兄弟怡怡	pos	0.867
悬石程书	pos	0.867
雪窗萤几	pos	0.867
牙签犀轴	pos	0.867
研经铸史	pos	0.867
颜筋柳骨	pos	0.867
燕舞莺啼	pos	0.867
扬眉瞬目	pos	0.867
泪眼	pos	0.867
长寿	pos	0.867
成气候	pos	0.867
惩戒	neg	0.867
赤痢	neg	0.867
病毒性肝炎	neg	0.867
搏击	pos	0.867
补益	pos	0.867
不谓	pos	0.867
向慕	pos	0.867
神医	pos	0.867
失声	neg	0.867
械斗	neg	0.867
行凶	neg	0.867
挹斗扬箕	neg	0.867
银钩虿尾	pos	0.867
淫词亵语	neg	0.867
化境	pos	0.867
大舌头	neg	0.867
挚友	pos	0.867
正襟危坐	pos	0.867
徒乱人意	neg	0.867
不知甘苦	neg	0.867
鹿死不择荫	neg	0.867
假道学	neg	0.867
琵琶旧语	neg	0.867
贫而无谄	pos	0.867
凭几据杖	neg	0.867
骑鹤更扬州	neg	0.867
琪花瑶草	pos	0.867
启宠纳侮	neg	0.867
气吞宇宙	pos	0.867
千刀万剁	neg	0.867
千里之志	pos	0.867
千里骏骨	pos	0.867
魔力	pos	0.867
元帅	pos	0.867
远志	pos	0.867
拶指	neg	0.867
造福	pos	0.867
徒有虚名	neg	0.867
计日程功	pos	0.867
洪水横流	neg	0.867
羊肠小道	neg	0.867
分外妖娆	pos	0.867
莺啼燕语	pos	0.867
暗香疏影	pos	0.867
削铁如泥	pos	0.867
香车宝马	pos	0.867
陶犬瓦鸡	neg	0.867
声振林木	pos	0.867
财政危机	neg	0.867
昌言	pos	0.867
引狼自卫	neg	0.867
饮灰洗胃	pos	0.867
饮鸩止渴	neg	0.867
迎奸卖俏	neg	0.867
郢人运斧	pos	0.867
有勇知方	pos	0.867
鱼鱼雅雅	pos	0.867
鱼烂取亡	neg	0.867
与世俯仰	neg	0.867
语出月胁	pos	0.867
语重情深	pos	0.867
玉振金声	pos	0.867
欲盖而彰	neg	0.867
鬻驽窃价	neg	0.867
渊谋远略	pos	0.867
辱国殄民	neg	0.867
塞上江南	pos	0.867
三般两样	neg	0.867
善马熟人	pos	0.867
伤教败俗	neg	0.867
赏劳罚罪	pos	0.867
上慢下暴	neg	0.867
舍本求末	neg	0.867
社鼠城狐	neg	0.867
伸冤理枉	pos	0.867
身名俱败	neg	0.867
深中笃行	pos	0.867
深明大义	pos	0.867
神施鬼设	pos	0.867
神清骨秀	pos	0.867
神焦鬼烂	neg	0.867
神圣工巧	pos	0.867
松柏之茂	pos	0.867
宋玉东墙	pos	0.867
随方就圆	pos	0.867
随物赋形	pos	0.867
遂非文过	neg	0.867
碎身糜躯	pos	0.867
损人益己	neg	0.867
谈若悬河	pos	0.867
谈议风生	pos	0.867
淘沙得金	pos	0.867
韬迹隐智	pos	0.867
桃蹊柳曲	pos	0.867
蹄闲三寻	pos	0.867
摘句寻章	neg	0.867
天华乱坠	neg	0.867
天道宁论	neg	0.867
天壤王郎	neg	0.867
铁心木肠	neg	0.867
铁面枪牙	pos	0.867
铁绰铜琶	pos	0.867
通古博今	pos	0.867
通风报讯	neg	0.867
通儒达识	pos	0.867
同文共轨	pos	0.867
同心合胆	pos	0.867
同心戮力	pos	0.867
同条共贯	pos	0.867
同恶相党	neg	0.867
同声共气	pos	0.867
铜心铁胆	pos	0.867
铜浇铁铸	pos	0.867
偷声细气	neg	0.867
愧色	pos	0.867
溃散	neg	0.867
漂亮话	neg	0.867
强中更有强中手	pos	0.867
强嘴硬牙	pos	0.867
敲膏吸髓	neg	0.867
巧作名目	neg	0.867
青云独步	pos	0.867
轻世傲物	neg	0.867
倾肝沥胆	pos	0.867
驱雷掣电	pos	0.867
去暗投明	pos	0.867
劝善惩恶	pos	0.867
趋附	neg	0.867
析辩诡辞	neg	0.867
洗垢索瘢	neg	0.867
遐迩著闻	pos	0.867
下车泣罪	pos	0.867
先意希旨	pos	0.867
涎脸涎皮	neg	0.867
孝子爱日	pos	0.867
邪魔歪道	neg	0.867
心照情交	pos	0.867
兴如嚼蜡	neg	0.867
枯体灰心	neg	0.867
匡谬正俗	pos	0.867
来者不善	neg	0.867
理冤摘伏	pos	0.867
捉奸	neg	0.867
昂头阔步	pos	0.867
傲慢无礼	neg	0.867
奥妙无穷	pos	0.867
八窗玲珑	pos	0.867
拔山盖世	pos	0.867
拔丛出类	pos	0.867
霸王风月	neg	0.867
白首北面	pos	0.867
白衣卿相	pos	0.867
百伶百俐	pos	0.867
百无一成	neg	0.867
拜恩私室	pos	0.867
半涂而废	neg	0.867
饱学之士	pos	0.867
抱负不凡	pos	0.867
暴虐无道	neg	0.867
杯蛇幻影	neg	0.867
背恩负义	neg	0.867
鼻孔撩天	neg	0.867
都中纸贵	pos	0.867
独鹤鸡群	pos	0.867
断头将军	pos	0.867
多见广识	pos	0.867
阿权膴仕	neg	0.867
恶不去善	pos	0.867
伐异党同	neg	0.867
反正拨乱	pos	0.867
犯而勿校	pos	0.867
方滋未艾	pos	0.867
飞谋荐谤	neg	0.867
焚薮而田	neg	0.867
虎贲	pos	0.867
鹄峙鸾停	pos	0.867
怙终不悔	neg	0.867
化民成俗	pos	0.867
怀瑾握瑜	pos	0.867
挥沐吐餐	pos	0.867
隳肝沥胆	pos	0.867
毁钟为铎	neg	0.867
贿货公行	neg	0.867
活神活现	pos	0.867
豁人耳目	pos	0.867
极情纵欲	neg	0.867
计斗负才	pos	0.867
际会风云	pos	0.867
加人一等	pos	0.867
嘉言懿行	pos	0.867
架谎凿空	neg	0.867
鼓舌摇唇	neg	0.867
顾盼生姿	pos	0.867
观场矮人	neg	0.867
光采夺目	pos	0.867
龟玉毁椟	neg	0.867
瑰意琦行	pos	0.867
鬼蜮技俩	neg	0.867
贵远贱近	neg	0.867
刿心刳肺	neg	0.867
国而忘家	pos	0.867
过门不入	pos	0.867
含血噀人	neg	0.867
含哺鼓腹	pos	0.867
含霜履雪	pos	0.867
韩寿偷香	neg	0.867
寒腹短识	neg	0.867
好佚恶劳	neg	0.867
豪取智笼	neg	0.867
浩浩荡荡	pos	0.867
河山带砺	pos	0.867
河东狮子吼	neg	0.867
鹤发松姿	pos	0.867
黑漆皮灯笼	neg	0.867
横行逆施	neg	0.867
横翔捷出	pos	0.867
横科暴敛	neg	0.867
横征苛役	neg	0.867
轰天裂地	pos	0.867
闳言崇议	pos	0.867
鸿渐之仪	pos	0.867
鸿鹄之志	pos	0.867
后进之秀	pos	0.867
狐假鸱张	neg	0.867
狐鸣枭噪	neg	0.867
胡支扯叶	neg	0.867
收买	neg	0.867
剿袭	neg	0.867
窝囊	neg	0.867
病包儿	neg	0.867
病夫	neg	0.867
驳难	neg	0.867
不人道	neg	0.867
噱头	pos	0.867
远垂不朽	pos	0.867
云涌飙发	pos	0.867
赃贿狼籍	neg	0.867
贼头鼠脑	neg	0.867
沾沾自衒	neg	0.867
斩头沥血	pos	0.867
招权纳赇	neg	0.867
朝梁暮陈	neg	0.867
贞风亮节	pos	0.867
正明公道	pos	0.867
之死靡他	pos	0.867
十战十胜	pos	0.867
识微知著	pos	0.867
食子徇君	neg	0.867
市井小人	neg	0.867
饰情矫行	neg	0.867
誓海盟山	pos	0.867
山盟海誓	pos	0.867
守正不回	pos	0.867
书香世家	pos	0.867
输肝写胆	pos	0.867
鼠雀之辈	neg	0.867
鼠窜蜂逝	neg	0.867
率马以骥	pos	0.867
爽心豁目	pos	0.867
水火不辞	pos	0.867
死有余诛	neg	0.867
鼓唇弄舌	neg	0.867
故伎重演	neg	0.867
顾盼多姿	pos	0.867
官官相卫	neg	0.867
贯穿融会	pos	0.867
光华夺目	pos	0.867
诡形奇制	neg	0.867
鬼神不测	pos	0.867
鬼瞰其室	neg	0.867
桂折一枝	pos	0.867
过屠大嚼	neg	0.867
邯郸匍匐	neg	0.867
含章天挺	pos	0.867
函盖乾坤	pos	0.867
韩卢逐逡	neg	0.867
汗牛充屋	pos	0.867
鹤背扬州	neg	0.867
黑白混淆	neg	0.867
横僿不文	neg	0.867
横祸非灾	neg	0.867
衡石量书	pos	0.867
闳意眇指	pos	0.867
鸿函巨椟	pos	0.867
鸿笔丽藻	pos	0.867
狐朋狗友	neg	0.867
狐裘蒙戎	neg	0.867
事迹	pos	0.867
投隙抵罅	neg	0.867
徒有其名	neg	0.867
涂歌里咏	pos	0.867
土豪劣绅	neg	0.867
抟沙嚼蜡	neg	0.867
推诚布公	pos	0.867
颓垣败壁	neg	0.867
退避三舍	pos	0.867
吞纸抱犬	pos	0.867
屯积居奇	neg	0.867
跅弛不羁	neg	0.867
歪风邪气	neg	0.867
外宽内忌	neg	0.867
剜肉成疮	neg	0.867
顽皮贼骨	neg	0.867
亡国之声	neg	0.867
王后卢前	pos	0.867
忘乎其形	neg	0.867
望文生训	neg	0.867
望梅阁老	neg	0.867
危言竦论	neg	0.867
威凤一羽	pos	0.867
为蛇画足	neg	0.867
为民请命	pos	0.867
违法乱纪	neg	0.867
帷灯匣剑	neg	0.867
惟利是求	neg	0.867
未焚徙薪	pos	0.867
渭川千亩	pos	0.867
文山会海	neg	0.867
文修武偃	pos	0.867
文章宗工	pos	0.867
文无加点	pos	0.867
闻风而至	pos	0.867
闻噎废食	neg	0.867
问官答花	neg	0.867
瓮天蠡海	neg	0.867
我黼子佩	pos	0.867
握云拿雾	pos	0.867
乌天黑地	neg	0.867
乌集之众	neg	0.867
无下箸处	neg	0.867
无用武之地	neg	0.867
无所忌惮	neg	0.867
无坚不陷	pos	0.867
无胫而来	pos	0.867
无为自化	pos	0.867
独裁者	neg	0.867
离弃	neg	0.867
老夫子	pos	0.867
愣头儿青	neg	0.867
形影相附	pos	0.867
休休有容	pos	0.867
岩居川观	pos	0.867
杨柳宫眉	pos	0.867
瑶林玉树	pos	0.867
劝诱	neg	0.867
热肠	pos	0.867
人杰	pos	0.867
蠕蠕	neg	0.867
锐意	pos	0.867
颜骨柳筋	pos	0.867
逸兴遄飞	pos	0.867
硬撅撅	neg	0.867
枯木逢春	pos	0.867
功烈	pos	0.867
孤胆	pos	0.867
革命反正	pos	0.867
神仙	pos	0.867
猥辞	neg	0.867
没齿无怨	pos	0.867
追击	pos	0.867
拳拳	pos	0.867
易子而食	neg	0.867
月里嫦娥	pos	0.867
鸱目虎吻	pos	0.867
愁眉	neg	0.867
垂暮	neg	0.867
摧枯振朽	pos	0.867
措心积虑	neg	0.867
打击报复	neg	0.867
大肆厥辞	pos	0.867
德配天地	pos	0.867
雕心雁爪	neg	0.867
螓首妮眉	pos	0.867
夭桃称李	pos	0.867
产褥感染	neg	0.867
列土分茅	pos	0.867
零光片羽	pos	0.867
流言风语	neg	0.867
柳夭桃艳	pos	0.867
柳眉踢竖	neg	0.867
柳莺花燕	pos	0.867
六臂三头	pos	0.867
龙行虎变	pos	0.867
龙屈蛇伸	neg	0.867
龙眉豹颈	pos	0.867
龙驭上宾	neg	0.867
龙跳虎卧	pos	0.867
龙兴云属	pos	0.867
龙腾豹变	pos	0.867
鸾歌凤舞	pos	0.867
鸾飘凤泊	pos	0.867
轮焉奂焉	pos	0.867
履丝曳缟	neg	0.867
买上嘱下	neg	0.867
迈古超今	pos	0.867
卖妻鬻子	neg	0.867
卖俏行奸	neg	0.867
满而不溢	pos	0.867
猫鼠同乳	neg	0.867
毛举细故	neg	0.867
没精打彩	neg	0.867
门不夜扃	pos	0.867
猛虎深山	pos	0.867
靡坚不摧	pos	0.867
帝国主义	neg	0.867
竖子	neg	0.867
臭皮囊	neg	0.867
摧朽拉枯	pos	0.867
榱崩栋折	neg	0.867
寸铁杀人	pos	0.867
达官显宦	pos	0.867
大才榱槃	pos	0.867
大厦将倾	neg	0.867
胆战心寒	neg	0.867
倒海翻江	pos	0.867
倒背如流	pos	0.867
鼎鼎有名	pos	0.867
跳踉	neg	0.867
投石下并	neg	0.867
装帧	pos	0.867
爱如珍宝	pos	0.867
媲美	pos	0.867
烈火轰雷	neg	0.867
令行如流	pos	0.867
流水行云	pos	0.867
流移失所	neg	0.867
柳骨颜筋	pos	0.867
柳暗花明又一村	pos	0.867
柳娇花媚	pos	0.867
龙伸蠖屈	pos	0.867
龙章凤函	pos	0.867
龙腾虎蹴	pos	0.867
镂玉裁冰	pos	0.867
戮力一心	pos	0.867
乱首垢面	neg	0.867
驴鸣狗吠	neg	0.867
履霜坚冰	neg	0.867
马齿徒长	neg	0.867
买笑寻欢	neg	0.867
麦穗两岐	pos	0.867
满腹狐疑	neg	0.867
没查没利	neg	0.867
没头苍蝇	neg	0.867
门庭如市	pos	0.867
迷迷荡荡	neg	0.867
鼓舞欢欣	pos	0.867
官情纸薄	neg	0.867
贯通融会	pos	0.867
诡雅异俗	neg	0.867
桂枝片玉	pos	0.867
骇人闻见	neg	0.867
酣痛淋漓	pos	0.867
含垢弃瑕	neg	0.867
汗牛塞栋	pos	0.867
豪干暴取	neg	0.867
昊天罔极	pos	0.867
横抢武夺	neg	0.867
宏材大略	pos	0.867
鸿翔鸾起	pos	0.867
鸿俦鹤侣	pos	0.867
喉长气短	neg	0.867
厚往薄来	pos	0.867
无般不识	neg	0.867
庸人	neg	0.867
幽愤	neg	0.867
渔霸	neg	0.867
鬼怕恶人	neg	0.867
危言正色	pos	0.867
违乡负俗	neg	0.867
无名之师	neg	0.867
眼拙	neg	0.867
望而生畏	neg	0.867
红豆相思	pos	0.867
琴瑟之好	pos	0.867
睚眦之怨	neg	0.867
热血沸腾	pos	0.867
一言以蔽之	pos	0.867
和盘托出	pos	0.867
祟论宏议	pos	0.867
谑而不虐	neg	0.867
冰壶秋月	pos	0.867
吴牛喘月	neg	0.867
唇亡齿寒	pos	0.867
见猎心喜	pos	0.867
郑人争年	neg	0.867
耳边风	neg	0.867
舌剑唇枪	neg	0.867
旧凋重弹	neg	0.867
弦外之音	neg	0.867
不忘沟壑	pos	0.867
伏龙凤雏	pos	0.867
不恶而严	pos	0.867
扪心无愧	pos	0.867
悃幅无华	pos	0.867
昂藏七尺	pos	0.867
拔本塞原	pos	0.867
百无一用	neg	0.867
背恩弃义	neg	0.867
崇论宏议	pos	0.867
恩深义重	pos	0.867
艰贞	pos	0.867
寝关曝纩	neg	0.867
让路	pos	0.867
送眼流眉	pos	0.867
梭天摸地	neg	0.867
太岁头上动土	neg	0.867
摊书拥百城	neg	0.867
谭天说地	pos	0.867
剔蝎撩蜂	neg	0.867
天崩地解	neg	0.867
通儒硕学	pos	0.867
同文共规	pos	0.867
同业相仇	neg	0.867
伟力	pos	0.867
易子析骸	neg	0.867
淫词秽语	neg	0.867
荧惑	neg	0.867
增生	neg	0.867
智藏瘝在	neg	0.867
来如雅	pos	0.867
赠送	pos	0.867
募资	pos	0.866
相关	neg	0.866
镇龙	pos	0.866
龙头股	pos	0.865
阿森纳	pos	0.865
光电子	pos	0.865
层板	pos	0.865
杰克	pos	0.865
粤港澳	pos	0.865
莱茵	pos	0.865
达成谅解	pos	0.865
明确	pos	0.865
长进	pos	0.865
眼中	pos	0.865
新思	pos	0.865
东风	pos	0.865
获准	pos	0.865
超级	pos	0.865
正式版	pos	0.865
休闲	pos	0.865
智算	pos	0.865
一月	pos	0.865
种业	pos	0.864
智造	pos	0.864
语音	pos	0.864
广阔	pos	0.864
雷诺	pos	0.864
追平	pos	0.864
新三样	pos	0.864
吉姆	pos	0.863
超有范	pos	0.863
两大	pos	0.86
毅毅	pos	0.86
爱港	pos	0.86
显著	pos	0.859
加满	neg	0.859
足协	neg	0.859
重现	neg	0.859
前日	neg	0.859
团体	neg	0.859
游客	neg	0.856
起源	neg	0.855
周边	neg	0.855
三分之一	neg	0.855
趋于稳定	pos	0.854
加拿大	pos	0.854
契机	pos	0.854
切换	pos	0.854
华盛顿	neg	0.854
蔚汀	pos	0.854
韩佳良	pos	0.854
机构	pos	0.852
签证	neg	0.851
女性	neg	0.851
预测	pos	0.85
如下	pos	0.85
浮盈超	pos	0.85
第四次	pos	0.85
阿曼	neg	0.85
直接	pos	0.85
未成年人	neg	0.849
重灾区	neg	0.849
悬而未决	neg	0.849
骚扰	neg	0.849
信用风险	neg	0.849
世界气象组织	neg	0.849
整顿	neg	0.849
致死	neg	0.849
教训	neg	0.849
卢甘斯克	neg	0.849
退潮	neg	0.849
风力	neg	0.849
一年多来	neg	0.849
特斯拉	pos	0.849
夹击	neg	0.849
审判	neg	0.849
通财	neg	0.849
阴谋	neg	0.849
美国股市	neg	0.849
干預	neg	0.849
含水量	pos	0.849
出货	pos	0.847
唯一	pos	0.847
检查	neg	0.847
吕明哲	pos	0.847
帅鹿晗	pos	0.847
蕴涵	pos	0.847
集萃	pos	0.847
玉米	neg	0.846
冲高	pos	0.846
人民	pos	0.845
初期	neg	0.844
电气	pos	0.844
江淮	neg	0.844
因美伊	neg	0.844
警察	neg	0.844
仅剩	neg	0.844
气候	neg	0.843
逐渐	neg	0.843
良机	pos	0.843
社会保障	neg	0.842
自研	pos	0.842
秘密	pos	0.842
贸易逆差	neg	0.841
一天	neg	0.841
推升	pos	0.84
突出	pos	0.84
展现	pos	0.84
三季度	pos	0.84
良性	pos	0.838
新区	pos	0.838
弗雷泽	pos	0.838
食品饮料	pos	0.838
预选赛	pos	0.838
马刺	pos	0.838
上规模	pos	0.838
国开债	pos	0.838
德文	pos	0.838
最佳时机	pos	0.838
超算	pos	0.838
再见	pos	0.838
回来	pos	0.838
基药	pos	0.838
辅导	pos	0.838
挖机	pos	0.838
画上	pos	0.838
新易	pos	0.838
广东省	pos	0.838
铁塔	pos	0.838
增设	pos	0.838
立昂	pos	0.838
目的地	pos	0.838
首秀中	pos	0.838
交换机	pos	0.838
约合	pos	0.838
客服	neg	0.837
感受	neg	0.837
小面	neg	0.837
依旧	neg	0.837
予以	neg	0.837
缺货	neg	0.837
財經	neg	0.837
罕见	neg	0.836
去年同期	pos	0.836
客流	pos	0.835
克莱默	pos	0.835
仍具	pos	0.835
十倍	pos	0.835
耐用	pos	0.835
农村	pos	0.835
壳牌	pos	0.835
关注	pos	0.835
经贸合作	pos	0.835
美满	pos	0.835
生效	pos	0.834
电机	pos	0.834
定制	pos	0.833
医药行业	pos	0.833
本地	pos	0.833
多元	pos	0.833
小区	neg	0.832
因财报	neg	0.832
侵害	neg	0.832
四名	neg	0.832
赔偿金	neg	0.832
胶着	neg	0.832
正对	neg	0.832
恐怖	neg	0.832
脱钩	neg	0.832
屋顶	neg	0.832
当事人	neg	0.832
萨克	neg	0.832
民进党	neg	0.832
杀手	neg	0.832
下台	neg	0.832
尚无	neg	0.832
吃紧	neg	0.832
赔付	neg	0.832
父子	neg	0.832
正因	neg	0.832
偏鹰	neg	0.831
紧迫性	neg	0.831
霍乱	neg	0.831
货机	neg	0.831
加盟商	neg	0.831
多亏	neg	0.831
休达	neg	0.831
转投	neg	0.831
政界人士	neg	0.831
血洗	neg	0.831
商人	neg	0.831
美国国会	neg	0.831
大学生	neg	0.831
收集	neg	0.831
骤减	neg	0.831
天涯社区	neg	0.831
消极	neg	0.831
护照	neg	0.831
双杀	neg	0.831
美团	pos	0.831
奇怪	neg	0.831
地量	neg	0.831
金钱	neg	0.831
中小	neg	0.831
共和党	neg	0.831
渔船	neg	0.831
压低	neg	0.831
较弱	neg	0.831
演习	neg	0.831
发电厂	neg	0.831
不起	neg	0.831
通报批评	neg	0.831
宽幅	neg	0.831
减糖	neg	0.831
严重破坏	neg	0.831
跌跌	neg	0.831
哈瓦那	neg	0.831
热带	neg	0.831
尼日尔	neg	0.831
日益严重	neg	0.831
多罗	neg	0.831
财产	neg	0.831
自杀	neg	0.831
城区	neg	0.831
航运业	neg	0.831
书记	neg	0.831
运输业	neg	0.831
白领	neg	0.831
还清	neg	0.831
多月	neg	0.831
过关	neg	0.831
动物园	neg	0.831
下限	neg	0.831
四连跌	neg	0.831
双方	pos	0.828
红人队	pos	0.827
摩根士丹利	pos	0.826
代币	pos	0.826
全省	pos	0.824
来源	pos	0.824
鲜为人知	pos	0.824
介绍	pos	0.824
享受	pos	0.824
潜力股	pos	0.824
产油国	pos	0.824
拟将	pos	0.824
吃哑巴亏	neg	0.824
居高不下	neg	0.823
裁判	neg	0.823
大盘	pos	0.823
严打	neg	0.823
数日	neg	0.823
自贸	pos	0.822
世界级	pos	0.822
建设性	pos	0.822
固收	pos	0.822
史蒂夫	pos	0.822
垂直	pos	0.822
产销量	pos	0.822
热销	pos	0.822
持稳	pos	0.822
路易斯	pos	0.822
光芒	pos	0.822
计算机	pos	0.822
康复	pos	0.822
符合条件	pos	0.822
建滔积	pos	0.822
哪家	pos	0.822
足以	pos	0.822
平淡	neg	0.821
广期	neg	0.821
过高	neg	0.821
基金会	neg	0.821
关税	neg	0.821
息差	pos	0.82
题材	neg	0.82
油市	neg	0.82
桥梁	neg	0.82
药明	pos	0.82
不是	neg	0.82
论文	neg	0.82
海峡	neg	0.82
预期	neg	0.82
机车	pos	0.819
性价比	pos	0.819
利弗莫	neg	0.818
尔中	neg	0.818
红红火火	pos	0.818
哈皮哈	pos	0.818
国艺	pos	0.818
永爱	pos	0.818
祝偶	pos	0.818
科洛希姆	pos	0.818
周二	neg	0.815
波斯湾	neg	0.815
基建	pos	0.815
头条新闻	neg	0.815
中兴通讯	pos	0.814
均线	neg	0.814
平仓	neg	0.814
财务数据	neg	0.814
清除	pos	0.814
首超	pos	0.814
商品住宅	neg	0.814
等待	neg	0.814
散热	pos	0.814
八个	neg	0.814
女儿	neg	0.814
拥抱	pos	0.814
核电	pos	0.813
福寿	pos	0.813
京东方	pos	0.812
成指	neg	0.811
存入	neg	0.811
上期	neg	0.811
两融	pos	0.81
抢占	pos	0.81
比利时	neg	0.81
合大	pos	0.81
爱尚	pos	0.81
业内人士	neg	0.809
韩股	neg	0.808
区间	neg	0.807
操作	neg	0.806
中升	pos	0.806
强调	pos	0.805
细分	pos	0.803
供货	pos	0.803
知识	pos	0.803
升温	pos	0.803
韩都衣舍	pos	0.803
自家	neg	0.802
棕榈油	neg	0.802
大关	pos	0.802
检方	neg	0.802
茉莉	neg	0.802
克研	pos	0.802
哈皮波	pos	0.802
护卫舰	pos	0.802
携起手来	pos	0.802
森范	pos	0.802
清润	pos	0.802
金天通	pos	0.802
风光旖旎	pos	0.802
烧钱	neg	0.801
首尔	neg	0.801
硬件	pos	0.801
成甘	neg	0.801
最桑	neg	0.801
真无语	neg	0.801
领袖	neg	0.8
责备	neg	0.8
战祸	neg	0.8
盛开	pos	0.8
走后门	neg	0.8
甜头	pos	0.8
先贤	pos	0.8
相称	pos	0.8
新意	pos	0.8
勋绩	pos	0.8
致敬	pos	0.8
据实	pos	0.8
不明不白	neg	0.8
不足为外人道	neg	0.8
高不成低不就	neg	0.8
发牢骚	neg	0.8
口诛笔伐	neg	0.8
人身攻击	neg	0.8
安好	pos	0.8
安泰	pos	0.8
老辣	pos	0.8
模棱两可	neg	0.8
井然有序	pos	0.8
举足轻重	pos	0.8
名副其实	pos	0.8
溽热	neg	0.8
得志	pos	0.8
好日子	pos	0.8
庆幸	pos	0.8
喜气	pos	0.8
快意	pos	0.8
温顺	pos	0.8
可口	pos	0.8
称颂	pos	0.8
尊贵	pos	0.8
安适	pos	0.8
诚挚	pos	0.8
恳挚	pos	0.8
令人鼓舞	pos	0.8
果断	pos	0.8
机智	pos	0.8
侃侃而谈	pos	0.8
淳朴	pos	0.8
刚毅	pos	0.8
夸奖	pos	0.8
肯切	pos	0.8
敏捷	pos	0.8
能干	pos	0.8
果敢	pos	0.8
勤勉	pos	0.8
热诚	pos	0.8
神采奕奕	pos	0.8
忠心	pos	0.8
坦率	pos	0.8
优美	pos	0.8
整洁	pos	0.8
周到	pos	0.8
慈善	pos	0.8
正大	pos	0.8
憨厚	pos	0.8
大度	pos	0.8
儒雅	pos	0.8
道德	pos	0.8
倜傥	pos	0.8
亲切	pos	0.8
健壮	pos	0.8
轻捷	pos	0.8
适当	pos	0.8
雄厚	pos	0.8
廉明	pos	0.8
报答	pos	0.8
愤懑	neg	0.8
剥削	neg	0.8
苟延残喘	neg	0.8
笼络	neg	0.8
叛徒	neg	0.8
欺凌	neg	0.8
敲诈	neg	0.8
屈辱	neg	0.8
揶揄	neg	0.8
元凶	neg	0.8
中伤	neg	0.8
嘈杂	neg	0.8
浮躁	neg	0.8
猜忌	neg	0.8
闭门造车	neg	0.8
记仇	neg	0.8
妄求	neg	0.8
分崩离析	neg	0.8
牛刀小试	pos	0.8
一路顺风	pos	0.8
同归于尽	neg	0.8
我行我素	neg	0.8
大难临头	neg	0.8
混为一谈	neg	0.8
唠唠叨叨	neg	0.8
因祸得福	pos	0.8
兵败如山倒	neg	0.8
一事无成	neg	0.8
敬而远之	neg	0.8
无语	neg	0.8
固执	neg	0.8
空洞	neg	0.8
蛮横	neg	0.8
擅自	neg	0.8
漠然	neg	0.8
挑剔	neg	0.8
偷懒	neg	0.8
变节	neg	0.8
老气横秋	neg	0.8
刚愎	neg	0.8
轻率	neg	0.8
贪嘴	neg	0.8
怪诞	neg	0.8
毛手毛脚	neg	0.8
食言	neg	0.8
闲散	neg	0.8
口角	neg	0.8
暴政	neg	0.8
精湛	pos	0.8
吵人	neg	0.8
称霸	pos	0.8
丑事	neg	0.8
创举	pos	0.8
蠢话	neg	0.8
呆子	neg	0.8
恶性	neg	0.8
官僚	neg	0.8
过头	neg	0.8
假手	neg	0.8
进犯	neg	0.8
独步	pos	0.8
繁盛	pos	0.8
丰饶	pos	0.8
偏差	neg	0.8
歧途	neg	0.8
抢劫	neg	0.8
护佑	pos	0.8
积德	pos	0.8
侵袭	neg	0.8
倾轧	neg	0.8
杀机	neg	0.8
失算	neg	0.8
受制	neg	0.8
衰颓	neg	0.8
损伤	neg	0.8
体罚	neg	0.8
芜杂	neg	0.8
瞎扯	neg	0.8
险阻	neg	0.8
凶杀	neg	0.8
虚妄	neg	0.8
掩饰	neg	0.8
一窝蜂	pos	0.8
疑忌	neg	0.8
冤孽	neg	0.8
灾祸	neg	0.8
懒散	neg	0.8
操持	pos	0.8
漠不关心	neg	0.8
杞人忧天	neg	0.8
平庸	neg	0.8
私自	neg	0.8
疏忽	neg	0.8
丰盈	pos	0.8
心虚	neg	0.8
模范	pos	0.8
丢脸	neg	0.8
赤裸裸	neg	0.8
迎刃而解	pos	0.8
纷乱	neg	0.8
好听	pos	0.8
软弱	neg	0.8
拘泥	neg	0.8
岔子	neg	0.8
惨绝人寰	neg	0.8
急转直下	neg	0.8
甜美	pos	0.8
荒废	neg	0.8
动人	pos	0.8
脏污	neg	0.8
清越	pos	0.8
庆贺	pos	0.8
全胜	pos	0.8
睿智	pos	0.8
盛况	pos	0.8
诗意	pos	0.8
滋事	neg	0.8
兴隆	pos	0.8
雄踞	pos	0.8
扬名	pos	0.8
兼顾	pos	0.8
江山	pos	0.8
致力	pos	0.8
智巧	pos	0.8
滋养	pos	0.8
尊严	pos	0.8
精进	pos	0.8
有礼貌	pos	0.8
有价值	pos	0.8
值钱	pos	0.8
无价值	neg	0.8
不妥	neg	0.8
不宜	neg	0.8
有意义	pos	0.8
足智多谋	pos	0.8
和蔼	pos	0.8
冷峻	neg	0.8
没好气	neg	0.8
没用	neg	0.8
坚固耐用	pos	0.8
身强体壮	pos	0.8
炯炯有神	pos	0.8
未成熟	neg	0.8
有毒	neg	0.8
令人高兴	pos	0.8
无误	pos	0.8
敏悟	pos	0.8
欣慰	pos	0.8
喜悦	pos	0.8
芬芳	pos	0.8
恭喜	pos	0.8
令人满意	pos	0.8
满载而归	pos	0.8
起劲	pos	0.8
兴冲冲	pos	0.8
轻快	pos	0.8
可喜	pos	0.8
甜蜜	pos	0.8
热闹	pos	0.8
珍爱	pos	0.8
赞赏	pos	0.8
娇养	neg	0.8
好吃	pos	0.8
慈祥	pos	0.8
标致	pos	0.8
吃苦耐劳	pos	0.8
慷慨	pos	0.8
聪慧	pos	0.8
快刀斩乱麻	pos	0.8
合意	pos	0.8
廉洁	pos	0.8
流利	pos	0.8
振作	pos	0.8
敏锐	pos	0.8
艳丽	pos	0.8
巧妙	pos	0.8
神圣	pos	0.8
实事求是	pos	0.8
专心	pos	0.8
无畏	pos	0.8
勇猛	pos	0.8
正派	pos	0.8
慈和	pos	0.8
开化	pos	0.8
慈悲	pos	0.8
侠义	pos	0.8
不偏不倚	pos	0.8
性感	pos	0.8
才气	pos	0.8
优雅	pos	0.8
繁茂	pos	0.8
清脆	pos	0.8
适宜	pos	0.8
详尽	pos	0.8
茁壮	pos	0.8
学好	pos	0.8
本色	pos	0.8
阴森	neg	0.8
看不惯	neg	0.8
顽抗	neg	0.8
乌烟瘴气	neg	0.8
可笑	neg	0.8
蒙骗	neg	0.8
败家	neg	0.8
窝心	pos	0.8
没精打采	neg	0.8
无所适从	neg	0.8
半途而废	neg	0.8
草率	neg	0.8
迟钝	neg	0.8
大材小用	neg	0.8
再接再厉	pos	0.8
不劳而获	neg	0.8
逃之夭夭	neg	0.8
虚张声势	neg	0.8
以身试法	neg	0.8
据理力争	pos	0.8
换汤不换药	neg	0.8
不知好歹	neg	0.8
我靠	neg	0.8
混淆是非	neg	0.8
恐吓	neg	0.8
蒙蔽	neg	0.8
谬论	neg	0.8
捏造	neg	0.8
凶狠	neg	0.8
片面	neg	0.8
欺骗	neg	0.8
辱骂	neg	0.8
怨天尤人	neg	0.8
挑拨	neg	0.8
武断	neg	0.8
嫌疑犯	neg	0.8
不端	neg	0.8
不公	neg	0.8
鲁莽	neg	0.8
放荡	neg	0.8
粗心	neg	0.8
单调	neg	0.8
松懈	neg	0.8
偷偷摸摸	neg	0.8
无能	neg	0.8
厚颜	neg	0.8
紊乱	neg	0.8
慢吞吞	neg	0.8
吵嘴	neg	0.8
过河拆桥	neg	0.8
掩人耳目	neg	0.8
声名狼藉	neg	0.8
碍事	neg	0.8
八股	neg	0.8
卑微	neg	0.8
捷报	pos	0.8
精致	pos	0.8
才艺	pos	0.8
策动	pos	0.8
称职	pos	0.8
斥骂	neg	0.8
出息	pos	0.8
吹牛	neg	0.8
窜改	neg	0.8
盗贼	neg	0.8
掉队	neg	0.8
反目	neg	0.8
纷扰	neg	0.8
大礼	pos	0.8
滚蛋	neg	0.8
交恶	neg	0.8
克扣	neg	0.8
顿悟	pos	0.8
法宝	pos	0.8
垄断	neg	0.8
恭贺	pos	0.8
闹剧	neg	0.8
奴性	neg	0.8
蓬乱	neg	0.8
偏废	neg	0.8
浩大	pos	0.8
互惠	pos	0.8
积极性	pos	0.8
曲解	neg	0.8
失态	neg	0.8
逃跑	neg	0.8
顽劣	neg	0.8
侮慢	neg	0.8
下等	neg	0.8
恒久	pos	0.8
恬静	pos	0.8
庄重	pos	0.8
含蓄	pos	0.8
精巧	pos	0.8
滋润	pos	0.8
诚实	pos	0.8
唐突	neg	0.8
侵吞	neg	0.8
端庄	pos	0.8
斯文	pos	0.8
喜爱	pos	0.8
差劲	neg	0.8
凋敝	neg	0.8
开朗	pos	0.8
色情	neg	0.8
荣幸	pos	0.8
放纵	neg	0.8
干脆	pos	0.8
繁杂	neg	0.8
奢华	neg	0.8
内行	pos	0.8
靠不住	neg	0.8
碍手碍脚	neg	0.8
姑息	neg	0.8
用心	pos	0.8
眷恋	pos	0.8
报恩	pos	0.8
羞惭	neg	0.8
怠工	neg	0.8
糟粕	neg	0.8
沾染	neg	0.8
荣登	pos	0.8
顺当	pos	0.8
旺健	pos	0.8
义气	pos	0.8
有益	pos	0.8
简朴	pos	0.8
娇小	pos	0.8
节俭	pos	0.8
真确	pos	0.8
正道	pos	0.8
奏捷	pos	0.8
血气方刚	neg	0.8
淡而无味	neg	0.8
资深	pos	0.8
斐然	pos	0.8
安安稳稳	pos	0.8
不懈	pos	0.8
滴水不漏	pos	0.8
难闻	neg	0.8
合乎逻辑	pos	0.8
健硕	pos	0.8
经验丰富	pos	0.8
可信任	pos	0.8
轻而易举	pos	0.8
弥足珍贵	pos	0.8
明理	pos	0.8
暧昧不明	neg	0.8
乐呵呵	pos	0.8
尽情	pos	0.8
心满意足	pos	0.8
如愿	pos	0.8
好客	pos	0.8
慈爱	pos	0.8
由衷	pos	0.8
争气	pos	0.8
温暖	pos	0.8
息息相关	pos	0.8
敬重	pos	0.8
和蔼可亲	pos	0.8
真实	pos	0.8
昂扬	pos	0.8
干劲	pos	0.8
光彩	pos	0.8
机警	pos	0.8
典雅	pos	0.8
富强	pos	0.8
恳切	pos	0.8
茂盛	pos	0.8
温情	pos	0.8
焕发	pos	0.8
雅观	pos	0.8
用功	pos	0.8
忠厚	pos	0.8
好心	pos	0.8
圣洁	pos	0.8
厚道	pos	0.8
宽厚	pos	0.8
正统	pos	0.8
甘美	pos	0.8
坚韧	pos	0.8
坚定不移	pos	0.8
光滑	pos	0.8
宽敞	pos	0.8
柔软	pos	0.8
兴旺	pos	0.8
救难	pos	0.8
时髦	pos	0.8
清秀	pos	0.8
亮丽	pos	0.8
振振有词	pos	0.8
固若金汤	pos	0.8
抢手	pos	0.8
俱佳	pos	0.8
爆满	pos	0.8
愤愤	neg	0.8
赌气	neg	0.8
怒气冲冲	neg	0.8
义愤填膺	neg	0.8
忧悒	neg	0.8
自卑	neg	0.8
人人自危	neg	0.8
丑陋	neg	0.8
勾引	neg	0.8
含沙射影	neg	0.8
毁谤	neg	0.8
反动	neg	0.8
奉承	neg	0.8
流氓	neg	0.8
反感	neg	0.8
恶心	neg	0.8
杀戮	neg	0.8
小看	neg	0.8
贪吃	neg	0.8
耸人听闻	neg	0.8
悲愁	neg	0.8
忧国忧民	neg	0.8
败北	neg	0.8
手足无措	neg	0.8
慌慌张张	neg	0.8
处心积虑	neg	0.8
恭维	pos	0.8
义不容辞	pos	0.8
相濡以沫	pos	0.8
一日千里	pos	0.8
回心转意	pos	0.8
群策群力	pos	0.8
固执己见	neg	0.8
喋喋不休	neg	0.8
牵强附会	neg	0.8
空穴来风	neg	0.8
不了了之	neg	0.8
黯然失色	neg	0.8
与日俱增	pos	0.8
生力军	pos	0.8
老态龙钟	neg	0.8
弄巧成拙	neg	0.8
集思广益	pos	0.8
舍我其谁	pos	0.8
谎言	neg	0.8
苛刻	neg	0.8
呆板	neg	0.8
堕落	neg	0.8
旷课	neg	0.8
颇有微词	neg	0.8
萎靡	neg	0.8
专横	neg	0.8
死板	neg	0.8
轻视	neg	0.8
散漫	neg	0.8
不逊	neg	0.8
执拗	neg	0.8
乖张	neg	0.8
小家子气	neg	0.8
矫饰	neg	0.8
哄骗	neg	0.8
乱来	neg	0.8
讽刺	neg	0.8
爱管闲事	neg	0.8
事不关己	neg	0.8
不可理喻	neg	0.8
不合时宜	neg	0.8
狐媚	neg	0.8
漏洞百出	neg	0.8
以偏概全	neg	0.8
无理	neg	0.8
狗屁不通	neg	0.8
逼供	neg	0.8
贬低	neg	0.8
胆怯	neg	0.8
彬彬	pos	0.8
超前	pos	0.8
吃瘪	neg	0.8
迟到	neg	0.8
仇敌	neg	0.8
促狭	neg	0.8
敌人	neg	0.8
扼杀	neg	0.8
犯法	neg	0.8
妨害	neg	0.8
鼎盛	pos	0.8
黑店	neg	0.8
胡言	neg	0.8
祸首	neg	0.8
僵化	neg	0.8
亏待	neg	0.8
奋进	pos	0.8
风华	pos	0.8
利诱	neg	0.8
关爱	pos	0.8
谋杀	neg	0.8
光泽	pos	0.8
恼人	neg	0.8
骗子	neg	0.8
强权	pos	0.8
合理化	pos	0.8
厚礼	pos	0.8
轻信	neg	0.8
忍心	neg	0.8
丧钟	neg	0.8
失宠	neg	0.8
失神	neg	0.8
失足	neg	0.8
肆行	neg	0.8
违犯	neg	0.8
细弱	neg	0.8
腥膻	neg	0.8
逊色	neg	0.8
愚痴	neg	0.8
清芬	pos	0.8
油腻	neg	0.8
冗杂	neg	0.8
明目张胆	neg	0.8
纯净	pos	0.8
尖刻	neg	0.8
触犯	neg	0.8
浪子	neg	0.8
威严	pos	0.8
随便	neg	0.8
污浊	neg	0.8
宠儿	pos	0.8
严谨	pos	0.8
尊敬	pos	0.8
锲而不舍	pos	0.8
盛大	pos	0.8
纯真	pos	0.8
奋起	pos	0.8
不管三七二十一	neg	0.8
退却	neg	0.8
谬误	neg	0.8
讨价还价	neg	0.8
琐碎	neg	0.8
不对	neg	0.8
侵扰	neg	0.8
坚固	pos	0.8
并进	pos	0.8
纯正	pos	0.8
任性	neg	0.8
强弩之末	neg	0.8
可敬	pos	0.8
落伍	neg	0.8
潇洒	pos	0.8
富足	pos	0.8
功绩	pos	0.8
脏话	neg	0.8
请教	pos	0.8
荣获	pos	0.8
阻绝	neg	0.8
不屑于	neg	0.8
显明	pos	0.8
清高	pos	0.8
哲人	pos	0.8
致贺	pos	0.8
晋升	pos	0.8
精密	pos	0.8
救急	neg	0.8
不足取	neg	0.8
壮阔	pos	0.8
哀怨	neg	0.8
杯弓蛇影	neg	0.8
颂赞	pos	0.8
不整齐	neg	0.8
没出息	neg	0.8
难相处	neg	0.8
风景如画	pos	0.8
鼓舞人心	pos	0.8
使用方便	pos	0.8
谨言慎行	pos	0.8
清朗	pos	0.8
掩耳盗铃	neg	0.8
安稳	pos	0.8
郁结	neg	0.8
欢愉	pos	0.8
高高兴兴	pos	0.8
幽默	pos	0.8
满面春风	pos	0.8
感同身受	pos	0.8
安康	pos	0.8
有智慧	pos	0.8
情不自禁	pos	0.8
不可或缺	pos	0.8
虔敬	pos	0.8
延年益寿	pos	0.8
风平浪静	pos	0.8
家喻户晓	pos	0.8
真挚	pos	0.8
机灵	pos	0.8
纯洁	pos	0.8
大显身手	pos	0.8
真诚	pos	0.8
达观	pos	0.8
从容不迫	pos	0.8
壮丽	pos	0.8
谦逊	pos	0.8
热忱	pos	0.8
好意	pos	0.8
赞成	pos	0.8
雅致	pos	0.8
英俊	pos	0.8
优良	pos	0.8
耿直	pos	0.8
诚恳	pos	0.8
柔顺	pos	0.8
心细	pos	0.8
热心	pos	0.8
殷勤	pos	0.8
仔细	pos	0.8
发达	pos	0.8
上等	pos	0.8
醒目	pos	0.8
珍贵	pos	0.8
气势	pos	0.8
保卫	pos	0.8
夸赞	pos	0.8
愤世嫉俗	neg	0.8
汉奸	neg	0.8
吓人	neg	0.8
霸占	neg	0.8
背信弃义	neg	0.8
丑态	neg	0.8
流言蜚语	neg	0.8
作呕	neg	0.8
盘踞	pos	0.8
杀气腾腾	neg	0.8
逃窜	neg	0.8
舞弊	neg	0.8
野蛮	neg	0.8
可恨	neg	0.8
厚脸皮	neg	0.8
外遇	neg	0.8
挖苦	neg	0.8
母夜叉	neg	0.8
暴躁	neg	0.8
不知所云	neg	0.8
笨拙	neg	0.8
不怀好意	neg	0.8
一帆风顺	pos	0.8
自吹自擂	neg	0.8
参差不齐	neg	0.8
避重就轻	neg	0.8
人穷志短	neg	0.8
门当户对	pos	0.8
胡言乱语	neg	0.8
言不及义	neg	0.8
自知之明	pos	0.8
推波助澜	pos	0.8
横冲直撞	neg	0.8
改过自新	pos	0.8
不务正业	neg	0.8
顺手牵羊	neg	0.8
打情骂俏	neg	0.8
牛头不对马嘴	neg	0.8
心高气傲	neg	0.8
苟且偷安	neg	0.8
恶习	neg	0.8
冷漠	neg	0.8
暴戾	neg	0.8
懈怠	neg	0.8
自傲	pos	0.8
穷兵黩武	neg	0.8
杀害	neg	0.8
世故	neg	0.8
伪造	neg	0.8
归罪	neg	0.8
漠视	neg	0.8
古板	neg	0.8
粗野	neg	0.8
低劣	neg	0.8
轻薄	neg	0.8
无味	neg	0.8
讳疾忌医	neg	0.8
威吓	neg	0.8
粗心大意	neg	0.8
反常	neg	0.8
啰唆	neg	0.8
讥讽	neg	0.8
争吵	neg	0.8
负心	neg	0.8
不堪一击	neg	0.8
不良	neg	0.8
拜金	neg	0.8
长处	pos	0.8
创造力	pos	0.8
闯祸	neg	0.8
次品	neg	0.8
顶嘴	neg	0.8
短浅	neg	0.8
恶臭	neg	0.8
犯规	neg	0.8
仿冒	neg	0.8
浮华	neg	0.8
答谢	pos	0.8
得宜	pos	0.8
胡诌	neg	0.8
坏水	neg	0.8
毁损	neg	0.8
搅局	neg	0.8
酒鬼	neg	0.8
空话	neg	0.8
酷吏	neg	0.8
丰腴	pos	0.8
冷眼	neg	0.8
连累	neg	0.8
落魄	neg	0.8
功效	pos	0.8
闹鬼	neg	0.8
捍卫	pos	0.8
剽窃	neg	0.8
前科	neg	0.8
强占	neg	0.8
红润	pos	0.8
权势	neg	0.8
失当	neg	0.8
逃避	neg	0.8
退缩	neg	0.8
凶兆	neg	0.8
虚饰	neg	0.8
遗弃	neg	0.8
幽暗	neg	0.8
诱使	pos	0.8
骚动	neg	0.8
大意	neg	0.8
古雅	pos	0.8
难看	neg	0.8
屹立	pos	0.8
朴素	pos	0.8
破败	neg	0.8
灿烂	pos	0.8
严密	pos	0.8
刺眼	neg	0.8
老实	pos	0.8
多余	neg	0.8
侵占	neg	0.8
狭小	neg	0.8
活泼	pos	0.8
失礼	neg	0.8
中肯	pos	0.8
标榜	pos	0.8
尊重	pos	0.8
生气勃勃	pos	0.8
存心	neg	0.8
颓败	neg	0.8
生疏	neg	0.8
微不足道	neg	0.8
郁郁	neg	0.8
上进	pos	0.8
粗劣	neg	0.8
祸根	neg	0.8
美味	pos	0.8
开心	pos	0.8
败坏	neg	0.8
正规	pos	0.8
虚应故事	neg	0.8
癫狂	neg	0.8
完蛋	neg	0.8
真正	pos	0.8
鉴定	pos	0.8
过气	neg	0.8
鼓舞	pos	0.8
善心	pos	0.8
固守	pos	0.8
借重	pos	0.8
肇事	neg	0.8
指斥	neg	0.8
神威	pos	0.8
中邪	neg	0.8
阻隔	neg	0.8
完好	pos	0.8
欣欣	pos	0.8
纪念碑	pos	0.8
有效	pos	0.8
韵味	pos	0.8
造诣	pos	0.8
警醒	pos	0.8
救护	pos	0.8
顾忌	neg	0.8
顶尖	pos	0.8
多才多艺	pos	0.8
没劲	neg	0.8
刁钻	neg	0.8
傲视	pos	0.8
顺畅	pos	0.8
入味	pos	0.8
可信赖	pos	0.8
轻轻松松	pos	0.8
理智	pos	0.8
平等互利	pos	0.8
迷人	pos	0.8
内敛	pos	0.8
欢欣	pos	0.8
欢乐	pos	0.8
心旷神怡	pos	0.8
无忧无虑	pos	0.8
爱护	pos	0.8
可爱	pos	0.8
优点	pos	0.8
心仪	pos	0.8
可亲	pos	0.8
人心所向	pos	0.8
娇美	pos	0.8
孝敬	pos	0.8
拜访	pos	0.8
守信	pos	0.8
渐进	pos	0.8
伶俐	pos	0.8
柔情	pos	0.8
审慎	pos	0.8
澎湃	pos	0.8
谦和	pos	0.8
稳重	pos	0.8
斩钉截铁	pos	0.8
忠诚	pos	0.8
大丈夫	pos	0.8
公允	pos	0.8
坚忍	pos	0.8
警觉	pos	0.8
工整	pos	0.8
强壮	pos	0.8
匀称	pos	0.8
清澈	pos	0.8
赞颂	pos	0.8
光芒四射	pos	0.8
贞洁	pos	0.8
泄愤	neg	0.8
勾结	neg	0.8
无礼	neg	0.8
色厉内荏	neg	0.8
薄情	neg	0.8
过街老鼠	neg	0.8
悍妇	neg	0.8
暗淡	neg	0.8
颓丧	neg	0.8
唉声叹气	neg	0.8
羞耻	neg	0.8
慌张	neg	0.8
惊惶失措	neg	0.8
毛躁	neg	0.8
过敏	neg	0.8
多疑	neg	0.8
保守	neg	0.8
沉溺	neg	0.8
出尔反尔	neg	0.8
打抱不平	neg	0.8
胡思乱想	neg	0.8
以貌取人	neg	0.8
云泥之别	neg	0.8
化险为夷	pos	0.8
畅所欲言	pos	0.8
挑拨离间	neg	0.8
逍遥法外	neg	0.8
图穷匕见	neg	0.8
自欺欺人	neg	0.8
大打出手	neg	0.8
旗开得胜	pos	0.8
洗心革面	pos	0.8
节节败退	neg	0.8
背道而驰	neg	0.8
自作聪明	neg	0.8
狼吞虎咽	neg	0.8
烂人	neg	0.8
乱七八糟	neg	0.8
懦弱	neg	0.8
凶恶	neg	0.8
刻板	neg	0.8
失职	neg	0.8
四分五裂	neg	0.8
杂乱	neg	0.8
老奸巨猾	neg	0.8
乖僻	neg	0.8
利己主义	neg	0.8
贸然	neg	0.8
冠冕堂皇	neg	0.8
胆小	neg	0.8
粉饰	neg	0.8
离谱	neg	0.8
反复无常	neg	0.8
神经	neg	0.8
简陋	neg	0.8
偏激	neg	0.8
冷眼旁观	neg	0.8
模糊不清	neg	0.8
独断	neg	0.8
不近人情	neg	0.8
守财奴	neg	0.8
恩将仇报	neg	0.8
莫名其妙	neg	0.8
劣等	neg	0.8
白费	neg	0.8
笨蛋	neg	0.8
孱弱	neg	0.8
创意	pos	0.8
篡改	neg	0.8
大话	neg	0.8
低档	neg	0.8
喋喋	neg	0.8
毒手	neg	0.8
厄运	neg	0.8
恶兆	neg	0.8
发狂	neg	0.8
辜负	neg	0.8
璀璨	pos	0.8
鬼混	neg	0.8
鼎力	pos	0.8
含混	neg	0.8
黑道	neg	0.8
黑手	neg	0.8
胡说	neg	0.8
狡计	neg	0.8
赖账	neg	0.8
奋斗	pos	0.8
风光	pos	0.8
福祉	pos	0.8
狼藉	neg	0.8
流弊	neg	0.8
落马	neg	0.8
忙乱	neg	0.8
魔王	neg	0.8
革新	pos	0.8
观赏	pos	0.8
内忧	neg	0.8
女巫	neg	0.8
赔钱	neg	0.8
屁话	neg	0.8
互助	pos	0.8
侵夺	neg	0.8
冗员	neg	0.8
失察	neg	0.8
受过	neg	0.8
厮混	neg	0.8
同谋	neg	0.8
退化	neg	0.8
忘本	neg	0.8
倭寇	neg	0.8
洋鬼子	neg	0.8
诱饵	neg	0.8
切合	pos	0.8
杂质	neg	0.8
败退	neg	0.8
私心	neg	0.8
粗暴	neg	0.8
坦白	pos	0.8
大团结	pos	0.8
柔和	pos	0.8
乱哄哄	neg	0.8
合宜	pos	0.8
对头	neg	0.8
和气	pos	0.8
把稳	pos	0.8
退步	neg	0.8
非议	neg	0.8
拿手好戏	pos	0.8
凉快	pos	0.8
薄弱	neg	0.8
故态复萌	neg	0.8
强盛	pos	0.8
耽搁	neg	0.8
大方	pos	0.8
可观	pos	0.8
宁静	pos	0.8
光复	pos	0.8
开阔	pos	0.8
乐天	pos	0.8
温馨	pos	0.8
师出有名	pos	0.8
喜怒无常	neg	0.8
野性	neg	0.8
互让	pos	0.8
烦嚣	neg	0.8
凶悍	neg	0.8
顺眼	pos	0.8
不法	neg	0.8
刺耳	neg	0.8
放肆	neg	0.8
古怪	neg	0.8
贵重	pos	0.8
和睦	pos	0.8
华丽	pos	0.8
枯燥	neg	0.8
狼狈	neg	0.8
劣质	neg	0.8
灵敏	pos	0.8
闷热	neg	0.8
贫瘠	neg	0.8
亲近	pos	0.8
轻忽	neg	0.8
冗长	neg	0.8
殊荣	pos	0.8
舒适	pos	0.8
松散	neg	0.8
讨嫌	neg	0.8
妥当	pos	0.8
问心无愧	pos	0.8
著名	pos	0.8
不修边幅	neg	0.8
慈悲为怀	pos	0.8
大有裨益	pos	0.8
扶摇直上	pos	0.8
公正客观	pos	0.8
绘声绘影	neg	0.8
墨守成规	neg	0.8
帮派	neg	0.8
相形见绌	neg	0.8
雄心壮志	pos	0.8
有目共睹	pos	0.8
置之不理	neg	0.8
粗话	neg	0.8
宝座	pos	0.8
诚心	pos	0.8
蠢事	neg	0.8
风采	pos	0.8
过错	neg	0.8
祸患	neg	0.8
尖兵	pos	0.8
接班人	pos	0.8
末日	neg	0.8
耐性	pos	0.8
弱点	neg	0.8
傻子	neg	0.8
行家	pos	0.8
罪过	neg	0.8
猪头	neg	0.8
拆散	neg	0.8
捐赠	pos	0.8
感激	pos	0.8
拜读	pos	0.8
抵触	neg	0.8
发扬	pos	0.8
救助	pos	0.8
勒索	neg	0.8
流窜	neg	0.8
惹祸	neg	0.8
善终	pos	0.8
失检	neg	0.8
失序	neg	0.8
纵容	neg	0.8
偏颇	neg	0.8
火速	pos	0.8
荣膺	pos	0.8
济济	pos	0.8
不含糊	pos	0.8
狡诈	neg	0.8
厌倦	neg	0.8
专权	neg	0.8
不愧	pos	0.8
聪颖	pos	0.8
得体	pos	0.8
懂事	pos	0.8
富裕	pos	0.8
干净	pos	0.8
甘甜	pos	0.8
公平	pos	0.8
恭敬	pos	0.8
过人	pos	0.8
欢庆	pos	0.8
昏乱	neg	0.8
机敏	pos	0.8
激昂	pos	0.8
假惺惺	neg	0.8
兼优	pos	0.8
精美	pos	0.8
精心	pos	0.8
可贵	pos	0.8
空前	pos	0.8
快乐	pos	0.8
率直	pos	0.8
冒昧	neg	0.8
恰当	pos	0.8
强健	pos	0.8
惬意	pos	0.8
勤奋	pos	0.8
热心肠	pos	0.8
仁慈	pos	0.8
善良	pos	0.8
所向无敌	pos	0.8
堂皇	pos	0.8
伪善	neg	0.8
温柔	pos	0.8
无懈可击	pos	0.8
细腻	pos	0.8
鲜丽	pos	0.8
贤明	pos	0.8
娴雅	pos	0.8
孝顺	pos	0.8
欣然	pos	0.8
新兴	pos	0.8
勋章	pos	0.8
盈盈	pos	0.8
踊跃	pos	0.8
优裕	pos	0.8
愉悦	pos	0.8
葬送	neg	0.8
直率	pos	0.8
至上	pos	0.8
质朴	pos	0.8
庄严	pos	0.8
同舟共济	pos	0.8
暮气沉沉	neg	0.8
令人钦佩	pos	0.8
百思不解	neg	0.8
笨手笨脚	neg	0.8
绰绰有余	pos	0.8
得意忘形	neg	0.8
东山再起	pos	0.8
粉饰太平	neg	0.8
开诚布公	pos	0.8
淋漓尽致	pos	0.8
食言而肥	neg	0.8
铜墙铁壁	pos	0.8
偷工减料	neg	0.8
偷天换日	neg	0.8
先见之明	pos	0.8
心安理得	pos	0.8
言之凿凿	pos	0.8
战无不胜	pos	0.8
自暴自弃	neg	0.8
官腔	neg	0.8
才能	pos	0.8
丑八怪	neg	0.8
芳名	pos	0.8
勾当	neg	0.8
金玉	pos	0.8
快感	pos	0.8
毅力	pos	0.8
战乱	neg	0.8
辉耀	pos	0.8
背弃	neg	0.8
捣蛋	neg	0.8
盗猎	neg	0.8
聚敛	neg	0.8
欺压	neg	0.8
表彰	pos	0.8
耻笑	neg	0.8
大骂	neg	0.8
得人心	pos	0.8
挥霍	neg	0.8
讲求	pos	0.8
闹事	neg	0.8
器重	pos	0.8
牵累	neg	0.8
窃取	neg	0.8
闪烁	pos	0.8
受骗	neg	0.8
说谎	neg	0.8
洋溢	pos	0.8
愚弄	neg	0.8
赞许	pos	0.8
责难	neg	0.8
怪异	neg	0.8
迟延	neg	0.8
一臂之力	pos	0.8
帮手	pos	0.8
民主	pos	0.8
责问	neg	0.8
政客	neg	0.8
纸老虎	neg	0.8
柔滑	pos	0.8
作怪	neg	0.8
沃野	pos	0.8
祝贺	pos	0.8
助益	pos	0.8
自如	pos	0.8
暗地	neg	0.8
白痴般	neg	0.8
混淆不清	neg	0.8
毫不畏惧	pos	0.8
健朗	pos	0.8
精准	pos	0.8
可信	pos	0.8
欣喜	pos	0.8
凯旋	pos	0.8
乐趣	pos	0.8
心宽体胖	pos	0.8
安乐	pos	0.8
赏识	pos	0.8
引人入胜	pos	0.8
亲密	pos	0.8
佩服	pos	0.8
威信	pos	0.8
福星高照	pos	0.8
长治久安	pos	0.8
宝贵	pos	0.8
彬彬有礼	pos	0.8
昌盛	pos	0.8
立志	pos	0.8
大刀阔斧	pos	0.8
风度	pos	0.8
高雅	pos	0.8
牢不可破	neg	0.8
细心	pos	0.8
开明	pos	0.8
谦恭	pos	0.8
好学	pos	0.8
挺身而出	pos	0.8
贤淑	pos	0.8
勇于	pos	0.8
悠久	pos	0.8
刮目相看	pos	0.8
忠贞	pos	0.8
效忠	pos	0.8
纯熟	pos	0.8
雅量	pos	0.8
雄伟	pos	0.8
精细	pos	0.8
勇气	pos	0.8
高级	pos	0.8
晴朗	pos	0.8
完备	pos	0.8
拯救	pos	0.8
历久不衰	pos	0.8
上好	pos	0.8
漂漂亮亮	pos	0.8
精良	pos	0.8
超凡	pos	0.8
流畅	pos	0.8
暴虐	neg	0.8
卖弄	neg	0.8
侵略	neg	0.8
妄图	pos	0.8
泼妇	neg	0.8
落水狗	neg	0.8
坏人	neg	0.8
闷闷不乐	neg	0.8
蹩脚	neg	0.8
患得患失	neg	0.8
急躁	neg	0.8
遥遥无期	neg	0.8
包庇	neg	0.8
昂首阔步	pos	0.8
大吹大擂	neg	0.8
相去无几	pos	0.8
打退堂鼓	neg	0.8
可见一斑	pos	0.8
不得要领	neg	0.8
狐假虎威	neg	0.8
开源节流	pos	0.8
借题发挥	neg	0.8
全力以赴	pos	0.8
后来居上	pos	0.8
门外汉	neg	0.8
生死与共	pos	0.8
出人头地	pos	0.8
相形失色	neg	0.8
痴人说梦	neg	0.8
误入歧途	neg	0.8
鸟样	neg	0.8
荒诞	neg	0.8
腐蚀	neg	0.8
冷酷	neg	0.8
冒失	neg	0.8
庞杂	neg	0.8
强词夺理	neg	0.8
煽风点火	neg	0.8
预谋	pos	0.8
孤僻	neg	0.8
做假	neg	0.8
偏心	neg	0.8
视若无睹	neg	0.8
优柔寡断	neg	0.8
欺瞒	neg	0.8
搞鬼	neg	0.8
胡来	neg	0.8
做作	neg	0.8
自作主张	neg	0.8
麻木	neg	0.8
偏执	neg	0.8
漫不经心	neg	0.8
迟缓	neg	0.8
迟滞	neg	0.8
安于	pos	0.8
取笑	neg	0.8
过时	neg	0.8
吝啬鬼	neg	0.8
吵架	neg	0.8
不起眼	neg	0.8
倒彩	neg	0.8
秉承	pos	0.8
长足	pos	0.8
赤贫	neg	0.8
丑化	neg	0.8
出轨	neg	0.8
垂涎	neg	0.8
篡夺	neg	0.8
盗卖	neg	0.8
抵赖	neg	0.8
短处	neg	0.8
附庸	neg	0.8
告密	neg	0.8
孤行	neg	0.8
道喜	pos	0.8
过失	neg	0.8
害处	neg	0.8
黑帮	neg	0.8
胡乱	neg	0.8
毁坏	neg	0.8
斗士	pos	0.8
风范	pos	0.8
福音	pos	0.8
劣势	neg	0.8
落空	neg	0.8
蛮荒	neg	0.8
迷信	neg	0.8
够格	pos	0.8
谋反	neg	0.8
赔本	neg	0.8
牵强	neg	0.8
辉映	pos	0.8
窃贼	neg	0.8
失策	neg	0.8
受罚	neg	0.8
受气	neg	0.8
训斥	neg	0.8
烟幕	neg	0.8
冤大头	neg	0.8
翩翩	pos	0.8
细致	pos	0.8
南辕北辙	neg	0.8
宽广	pos	0.8
滑头	neg	0.8
盲目	neg	0.8
纠缠	neg	0.8
称心如意	pos	0.8
生硬	neg	0.8
作对	neg	0.8
污点	neg	0.8
作假	neg	0.8
正义	pos	0.8
丰满	pos	0.8
束缚	neg	0.8
低微	neg	0.8
灵巧	pos	0.8
通畅	pos	0.8
冒牌	neg	0.8
噪音	neg	0.8
宜人	pos	0.8
丑恶	neg	0.8
勾搭	neg	0.8
老调重弹	neg	0.8
盛事	pos	0.8
自尊	pos	0.8
宽赦	pos	0.8
胆大	neg	0.8
众望所归	pos	0.8
恶作剧	neg	0.8
沉沦	neg	0.8
跃跃欲试	pos	0.8
叫嚣	neg	0.8
葬身	neg	0.8
责骂	neg	0.8
张扬	neg	0.8
蛀蚀	neg	0.8
体察	pos	0.8
兴盛	pos	0.8
善战	pos	0.8
捷径	pos	0.8
著称	pos	0.8
壮举	pos	0.8
合情理	pos	0.8
热热闹闹	pos	0.8
耐久	pos	0.8
喜庆	pos	0.8
报喜	pos	0.8
敬佩	pos	0.8
恭候	pos	0.8
信赖	pos	0.8
表扬	pos	0.8
才干	pos	0.8
恒心	pos	0.8
坚强	pos	0.8
爱心	pos	0.8
温良	pos	0.8
良善	pos	0.8
合群	pos	0.8
果决	pos	0.8
才智	pos	0.8
肥沃	pos	0.8
精明	pos	0.8
详细	pos	0.8
赞誉	pos	0.8
称许	pos	0.8
美艳	pos	0.8
尖端	pos	0.8
可耻	neg	0.8
拙劣	neg	0.8
烦杂	neg	0.8
绊脚石	neg	0.8
重蹈覆辙	neg	0.8
游手好闲	neg	0.8
坐以待毙	neg	0.8
源源不绝	pos	0.8
鱼目混珠	neg	0.8
扫地出门	neg	0.8
先发制人	pos	0.8
康庄大道	pos	0.8
神经病	neg	0.8
鬼鬼祟祟	neg	0.8
粗鲁	neg	0.8
撒谎	neg	0.8
好战	neg	0.8
贪图	neg	0.8
反悔	neg	0.8
爱面子	neg	0.8
吊儿郎当	neg	0.8
嘲笑	neg	0.8
贪欲	neg	0.8
优柔	neg	0.8
失实	neg	0.8
欠佳	neg	0.8
轻描淡写	neg	0.8
蠢人	neg	0.8
耽误	neg	0.8
敌意	neg	0.8
发疯	neg	0.8
告吹	neg	0.8
荒芜	neg	0.8
端直	pos	0.8
高才	pos	0.8
迁就	neg	0.8
潜逃	neg	0.8
互利	pos	0.8
欢呼	pos	0.8
会心	pos	0.8
示弱	neg	0.8
妄为	neg	0.8
违宪	neg	0.8
误导	neg	0.8
血腥	neg	0.8
和谐	pos	0.8
得心应手	pos	0.8
覆辙	neg	0.8
正直	pos	0.8
清雅	pos	0.8
废话	neg	0.8
节约	pos	0.8
认真	pos	0.8
灵活	pos	0.8
牢固	pos	0.8
坚持不懈	pos	0.8
逼真	pos	0.8
歪曲	neg	0.8
尽如人意	pos	0.8
声讨	neg	0.8
友善	pos	0.8
激奋	pos	0.8
感人	pos	0.8
洞识	pos	0.8
搀假	neg	0.8
高傲	neg	0.8
排挤	neg	0.8
抹杀	neg	0.8
一知半解	neg	0.8
高谈阔论	pos	0.8
弊端	neg	0.8
神经质	neg	0.8
高妙	pos	0.8
别致	pos	0.8
吝惜	neg	0.8
有条理	pos	0.8
精选	pos	0.8
满意	pos	0.8
渣滓	neg	0.8
熟练	pos	0.8
贴切	pos	0.8
深远	pos	0.8
周详	pos	0.8
冷冷	neg	0.8
偏私	neg	0.8
过分	neg	0.8
劳役	neg	0.8
严苛	neg	0.8
老谋深算	neg	0.8
嫌贫爱富	neg	0.8
狡滑	neg	0.8
挑衅	neg	0.8
倚老卖老	neg	0.8
专制	neg	0.8
狡辩	neg	0.8
投其所好	pos	0.8
背叛	neg	0.8
敝屣	neg	0.8
狡猾	neg	0.8
扬扬自得	pos	0.8
恫吓	neg	0.8
胡扯	neg	0.8
劣迹	neg	0.8
灭口	neg	0.8
吸毒	neg	0.8
遭难	neg	0.8
阻塞	neg	0.8
埋怨	neg	0.8
怨言	neg	0.8
笨重	neg	0.8
唠叨	neg	0.8
迷途	neg	0.8
怨偶	neg	0.8
玉石俱焚	neg	0.8
力不从心	neg	0.8
徒劳	neg	0.8
欺侮	neg	0.8
诬告	neg	0.8
罪行	neg	0.8
寄生虫	neg	0.8
冷嘲热讽	neg	0.8
低贱	neg	0.8
碍眼	neg	0.8
娼妓	neg	0.8
恶名	neg	0.8
禁锢	neg	0.8
累赘	neg	0.8
流言	neg	0.8
伤神	neg	0.8
凶手	neg	0.8
洁净	pos	0.8
致谢	pos	0.8
奏效	pos	0.8
苦尽甘来	pos	0.8
富丽堂皇	pos	0.8
爽口	pos	0.8
珍馐	pos	0.8
捐献	pos	0.8
安安静静	pos	0.8
遵从	pos	0.8
珍本	pos	0.8
折磨	neg	0.8
得力	pos	0.8
掣肘	neg	0.8
随心所欲	pos	0.8
狐群狗党	neg	0.8
威风	pos	0.8
为难	neg	0.8
天资	pos	0.8
刀光血影	neg	0.8
倒打一耙	neg	0.8
得意扬扬	pos	0.8
沁人心肺	pos	0.8
权变锋出	pos	0.8
鹊巢鸠占	neg	0.8
暴风雨	neg	0.8
悲歌	neg	0.8
误事	neg	0.8
洗礼	pos	0.8
散落	neg	0.8
善后	pos	0.8
寄托	pos	0.8
假托	neg	0.8
九霄云外	pos	0.8
糊涂	neg	0.8
听任	neg	0.8
没没无闻	neg	0.8
如意算盘	pos	0.8
微词	neg	0.8
威信扫地	neg	0.8
渐入佳境	pos	0.8
麻痹	neg	0.8
狠命	neg	0.8
花花世界	neg	0.8
夸口	neg	0.8
抛脸	neg	0.8
貔貅	pos	0.8
敲冰求火	neg	0.8
沁人心腑	pos	0.8
鹊巢鸠居	neg	0.8
惹事生非	neg	0.8
心神不宁	neg	0.8
逃亡	neg	0.8
提倡	pos	0.8
强压	neg	0.8
爽朗	pos	0.8
心如止水	pos	0.8
搀扶	pos	0.8
援手	pos	0.8
千呼万唤	pos	0.8
民怨	neg	0.8
耐劳	pos	0.8
爱人	pos	0.8
叛逆	neg	0.8
不坚定	neg	0.8
崩塌	neg	0.8
劣马	neg	0.8
现世	neg	0.8
善于	pos	0.8
偏向	neg	0.8
漂亮	pos	0.8
通奸	neg	0.8
名公巨卿	pos	0.8
明月入怀	pos	0.8
明堂正道	pos	0.8
沐日浴月	pos	0.8
拿班做势	neg	0.8
囊锥露颖	pos	0.8
攀炎附热	neg	0.8
旁摇阴煽	neg	0.8
缤纷	pos	0.8
不外	pos	0.8
舍弃	neg	0.8
失掉	neg	0.8
失窃	neg	0.8
失手	neg	0.8
借故	neg	0.8
闹别扭	neg	0.8
优渥	pos	0.8
明公正气	pos	0.8
逆天暴物	neg	0.8
旁门小道	neg	0.8
事倍功半	neg	0.8
手到擒来	pos	0.8
水涨船高	pos	0.8
古典	pos	0.8
八卦	neg	0.8
败阵	neg	0.8
泪珠	neg	0.8
例行公事	pos	0.8
千里驹	pos	0.8
恨相知晚	pos	0.8
谢天谢地	pos	0.8
谆谆告诫	pos	0.8
唇枪舌剑	neg	0.8
老骤伏枥	pos	0.8
志坚行苦	pos	0.8
知之为知之	pos	0.8
名不虚立	pos	0.8
名卿巨公	pos	0.8
明抢暗偷	neg	0.8
命薄缘悭	neg	0.8
磨形炼性	pos	0.8
沐仁浴义	pos	0.8
拿粗挟细	neg	0.8
攀高结贵	neg	0.8
却步	neg	0.8
容光	pos	0.8
诉苦	neg	0.8
强作解人	pos	0.8
博土买驴	neg	0.8
意在言外	neg	0.8
不避斧铽	pos	0.8
俭可养廉	pos	0.8
天人共鉴	pos	0.8
黯然	neg	0.8
帮倒忙	neg	0.8
茫然	neg	0.8
不快	neg	0.8
小人	neg	0.8
烧伤	neg	0.8
升迁	pos	0.8
生气	neg	0.8
声誉	pos	0.8
失明	neg	0.8
名公巨人	pos	0.8
明人不做暗事	pos	0.8
南郭处士	neg	0.8
槃木朽株	neg	0.8
意气用事	neg	0.8
违拗	neg	0.8
坏处	neg	0.8
鹘突	neg	0.8
匕首	neg	0.8
善举	pos	0.8
伤兵	neg	0.8
默祷	pos	0.8
愿望	pos	0.8
各持己见	neg	0.8
充耳不闻	neg	0.8
袖手旁观	neg	0.8
玩弄	neg	0.8
特立独行	pos	0.8
志得意满	pos	0.8
爱情	pos	0.8
虎视眈眈	pos	0.8
狠心	neg	0.8
夸示	neg	0.8
陪绑	neg	0.8
培植	pos	0.8
蓬蓬	neg	0.8
敲冰索火	neg	0.8
乔文假醋	neg	0.8
沁入心脾	pos	0.8
鹊巢鸠踞	neg	0.8
人逢喜事精神爽	pos	0.8
取信	pos	0.8
耍嘴皮子	neg	0.8
两败俱伤	neg	0.8
男子汉	pos	0.8
蛀齿	neg	0.8
被告	neg	0.8
低廉	pos	0.8
擅长	pos	0.8
跑龙套	neg	0.8
捧场	neg	0.8
平衍	pos	0.8
适时	pos	0.8
委婉	pos	0.8
铁腕	neg	0.8
怠慢	neg	0.8
捣乱	neg	0.8
得罪	neg	0.8
搏斗	neg	0.8
不顾	neg	0.8
身手	pos	0.8
借口	neg	0.8
畅谈	pos	0.8
明公正道	pos	0.8
摩顶放踵	pos	0.8
拿三搬四	neg	0.8
逆道乱常	neg	0.8
旁门外道	neg	0.8
狮子大开口	neg	0.8
矢口	neg	0.8
示范	pos	0.8
白头偕老	pos	0.8
旗号	neg	0.8
弃妇	neg	0.8
千里马	pos	0.8
脱口而出	pos	0.8
一言九鼎	pos	0.8
嬉笑怒骂	neg	0.8
晓以利害	pos	0.8
矫矫不群	pos	0.8
名不虚得	pos	0.8
名流巨子	pos	0.8
命蹇时乖	neg	0.8
磨砥刻厉	pos	0.8
沐猴衣冠	neg	0.8
拿腔作调	neg	0.8
恼羞变怒	neg	0.8
呕心滴血	pos	0.8
攀龙托凤	neg	0.8
算帐	neg	0.8
软禁	neg	0.8
私党	neg	0.8
沉迷	neg	0.8
惜玉怜香	pos	0.8
自圆其说	pos	0.8
说一是一	pos	0.8
宜截了当	pos	0.8
南腔北调	neg	0.8
不言而信	pos	0.8
非池中物	pos	0.8
巴结	neg	0.8
够受的	neg	0.8
各取所需	pos	0.8
失势	neg	0.8
萋萋	pos	0.8
卸责	neg	0.8
信心	pos	0.8
威势	pos	0.8
就事论事	pos	0.8
打扰	neg	0.8
必要	pos	0.8
狭隘	neg	0.8
仙丹	pos	0.8
按部就班	pos	0.8
镇定	pos	0.8
歪斜	neg	0.8
违禁	neg	0.8
连战皆捷	pos	0.8
低估	neg	0.8
取悦	pos	0.8
苦心	neg	0.8
拿手	pos	0.8
兴致勃勃	pos	0.8
上风	pos	0.8
胖子	neg	0.8
双喜临门	pos	0.8
小觑	neg	0.8
绅士	pos	0.8
声望	pos	0.8
胜仗	pos	0.8
失密	neg	0.8
吃亏	neg	0.8
不亦乐乎	pos	0.8
混淆黑白	neg	0.8
束手束脚	neg	0.8
冷笑	neg	0.8
任命	pos	0.8
如期	pos	0.8
老粗	neg	0.8
称雄	pos	0.8
辩驳	neg	0.8
起色	pos	0.8
行善	pos	0.8
威权	neg	0.8
违抗	neg	0.8
鹊巢鸠据	neg	0.8
神经错乱	neg	0.8
查抄	neg	0.8
各行其是	neg	0.8
蒙在鼓里	neg	0.8
亦步亦趋	pos	0.8
坐冷板凳	neg	0.8
锦囊妙计	pos	0.8
爽快	pos	0.8
出毛病	neg	0.8
百家争鸣	pos	0.8
翩然	pos	0.8
龙飞凤舞	pos	0.8
推卸	neg	0.8
名德重望	pos	0.8
磨礲浸灌	pos	0.8
南郭先生	neg	0.8
呕心镂骨	pos	0.8
攀鳞附翼	neg	0.8
升格	pos	0.8
胜任	pos	0.8
好自为之	neg	0.8
式微	neg	0.8
心平气和	pos	0.8
毛病	neg	0.8
反唇相稽	neg	0.8
以理服人	pos	0.8
自我解嘲	neg	0.8
咬文嚼字	neg	0.8
掉三寸舌	neg	0.8
呜鼓而攻攻之	neg	0.8
闲磕牙	neg	0.8
人中之龙	pos	0.8
铁杵成针	pos	0.8
自求多福	pos	0.8
谦让末遑	pos	0.8
死硬	neg	0.8
冷落	neg	0.8
心有余悸	neg	0.8
言不尽意	neg	0.8
蕙心纨质	pos	0.8
披心相付	pos	0.8
败仗	neg	0.8
病根	neg	0.8
不见得	neg	0.8
不忍	pos	0.8
不适	neg	0.8
气度	pos	0.8
气宇	pos	0.8
明公正义	pos	0.8
明推暗就	neg	0.8
磨砻浸灌	pos	0.8
拿班作势	neg	0.8
涅而不淄	pos	0.8
牛马襟裾	neg	0.8
旁门邪道	neg	0.8
济事	pos	0.8
佳音	pos	0.8
乐在其中	pos	0.8
率真	pos	0.8
蛀心虫	neg	0.8
转世	pos	0.8
流行	pos	0.8
天赋	pos	0.8
潜心	pos	0.8
益处	pos	0.8
母爱	pos	0.8
纤细	pos	0.8
善事	pos	0.8
蓬茸	pos	0.8
偏锋	neg	0.8
适意	pos	0.8
活蹦乱跳	pos	0.8
问鼎	pos	0.8
立功	pos	0.8
倡导	pos	0.8
辩论	neg	0.8
不怕	pos	0.8
烧毁	neg	0.8
伸张	pos	0.8
失眠	neg	0.8
修好	pos	0.8
悔改	pos	0.8
以致	pos	0.8
隐讳	neg	0.8
赞助	pos	0.8
注目	pos	0.8
低潮	neg	0.8
嘀咕	neg	0.8
伤风	neg	0.8
使命	pos	0.8
冷冰冰	neg	0.8
美名	pos	0.8
商讨	pos	0.8
从良	pos	0.8
破门而入	pos	0.8
义务	pos	0.8
释怀	pos	0.8
断炊	neg	0.8
低沉	neg	0.8
脾气	neg	0.8
逃犯	neg	0.8
脱轨	neg	0.8
凌迟	neg	0.8
欲哭无泪	neg	0.8
痛切	neg	0.8
恨死	neg	0.8
旧病	neg	0.8
反胃	neg	0.8
恶梦	neg	0.8
寒心	neg	0.8
气死	neg	0.8
衰弱	neg	0.8
难受	neg	0.8
头晕眼花	neg	0.8
梦魇	neg	0.8
气人	neg	0.8
火冒三丈	neg	0.8
头疼	neg	0.8
死难	neg	0.8
自找麻烦	neg	0.8
心神不定	neg	0.8
恶性循环	neg	0.8
绞痛	neg	0.8
不祥	neg	0.8
发炎	neg	0.8
冒火	neg	0.8
恐怖症	neg	0.8
逼死	neg	0.8
头晕	neg	0.8
坐卧不安	neg	0.8
烦人	neg	0.8
自尽	neg	0.8
废掉	neg	0.8
化脓	neg	0.8
挂彩	neg	0.8
悲痛欲绝	neg	0.8
心慌	neg	0.8
冤枉	neg	0.8
火大	neg	0.8
严重性	neg	0.8
郁闷	neg	0.8
剧痛	neg	0.8
复发	neg	0.8
成问题	neg	0.8
恼火	neg	0.8
心烦意乱	neg	0.8
被害	neg	0.8
怒火	neg	0.8
凄厉	neg	0.8
没完没了	neg	0.8
发麻	neg	0.8
心烦	neg	0.8
后遗症	neg	0.8
过火	neg	0.8
气愤	neg	0.8
罪魁	neg	0.8
我操	neg	0.8
受不了	neg	0.8
死人	neg	0.8
痛恨	neg	0.8
悲愤	neg	0.8
明知故犯	neg	0.8
求解	neg	0.8
烧坏	neg	0.8
心寒	neg	0.8
负伤	neg	0.8
大意失荆州	neg	0.8
永无宁日	neg	0.8
恶果	neg	0.8
头痛	neg	0.8
感冒	neg	0.8
惊醒	neg	0.8
凄凉	neg	0.8
何在	neg	0.8
阻滞	neg	0.8
衰落	neg	0.8
前功尽弃	neg	0.8
发作	neg	0.8
虚脱	neg	0.8
谷底	neg	0.8
厌世	neg	0.8
警报器	neg	0.8
毁容	neg	0.8
发火	neg	0.8
悲哀	neg	0.8
鼾声	neg	0.8
扭伤	neg	0.8
报忧	neg	0.8
矢口否认	neg	0.8
进退两难	neg	0.8
偏偏	neg	0.8
惨状	neg	0.8
大声	neg	0.8
发昏	neg	0.8
老子	neg	0.8
打鼾	neg	0.8
肇事者	neg	0.8
裂开	neg	0.8
心碎	neg	0.8
发烧	neg	0.8
呕吐	neg	0.8
矛头	neg	0.8
半死	neg	0.8
阵亡	neg	0.8
风凉话	neg	0.8
划破	neg	0.8
一落千丈	neg	0.8
左右为难	neg	0.8
以讹传讹	neg	0.8
慢性	neg	0.8
凄惨	neg	0.8
憔悴	neg	0.8
闹饥荒	neg	0.8
病倒	neg	0.8
大祸	neg	0.8
血淋淋	neg	0.8
死胎	neg	0.8
痉挛	neg	0.8
输光	neg	0.8
强迫症	neg	0.8
自虐	neg	0.8
极点	pos	0.8
窒息	neg	0.8
眼花	neg	0.8
纵火	neg	0.8
出错	neg	0.8
没法儿	neg	0.8
臭气	neg	0.8
坐立不安	neg	0.8
可怜	neg	0.8
发抖	neg	0.8
寝食难安	neg	0.8
无精打采	neg	0.8
难道	neg	0.8
骇人听闻	neg	0.8
残忍	neg	0.8
毒瘾	neg	0.8
一团糟	neg	0.8
下毒手	neg	0.8
臭骂	neg	0.8
失灵	neg	0.8
殒命	neg	0.8
关门大吉	neg	0.8
充血	neg	0.8
变本加厉	neg	0.8
不妙	neg	0.8
孤独感	neg	0.8
辗转	neg	0.8
动不动	neg	0.8
深恶痛绝	neg	0.8
大失所望	neg	0.8
可悲	neg	0.8
愤恨	neg	0.8
心惊胆战	neg	0.8
毒气	neg	0.8
心酸	neg	0.8
煎熬	neg	0.8
致命伤	neg	0.8
无家可归	neg	0.8
平白	pos	0.8
麻烦事	neg	0.8
进退维谷	neg	0.8
低落	neg	0.8
殃及	neg	0.8
活该	neg	0.8
痛心疾首	neg	0.8
烫伤	neg	0.8
痛感	neg	0.8
堂而皇之	pos	0.8
老是	neg	0.8
猛跌	neg	0.8
光火	neg	0.8
砸烂	neg	0.8
作梗	neg	0.8
堵住	neg	0.8
心惊肉跳	neg	0.8
痛打	neg	0.8
究竟	pos	0.8
穷光蛋	neg	0.8
玷污	neg	0.8
污辱	neg	0.8
惨剧	neg	0.8
伤心	neg	0.8
死记	neg	0.8
逼上梁山	neg	0.8
费解	neg	0.8
遭殃	neg	0.8
伤脑筋	neg	0.8
悲凉	neg	0.8
盘问	neg	0.8
出事	neg	0.8
闷气	neg	0.8
传染	neg	0.8
枪毙	neg	0.8
杀人罪	neg	0.8
悲恸	neg	0.8
争光	pos	0.8
回响	pos	0.8
平凡	neg	0.8
钟情	pos	0.8
无价	pos	0.8
低矮	neg	0.8
建功	pos	0.8
大步	pos	0.8
兼有	pos	0.8
称帝	pos	0.8
均等	pos	0.8
常胜	pos	0.8
首肯	pos	0.8
安宁	pos	0.8
笑容	pos	0.8
珍稀	pos	0.8
诠释	neg	0.8
耐磨	pos	0.8
更进一步	pos	0.8
和缓	pos	0.8
蝉联	pos	0.8
细密	pos	0.8
孕育	pos	0.8
抒怀	pos	0.8
虎虎生风	pos	0.8
竞相	pos	0.8
平常心	pos	0.8
明亮	pos	0.8
首席	pos	0.8
紧锣密鼓	pos	0.8
心动	pos	0.8
谢意	pos	0.8
推崇	pos	0.8
心醉	pos	0.8
值得一提	pos	0.8
收藏	pos	0.8
理想	pos	0.8
择优	pos	0.8
齐名	pos	0.8
落幕	neg	0.8
赋予	pos	0.8
互动	pos	0.8
支持者	pos	0.8
洋房	pos	0.8
进取	pos	0.8
顺遂	pos	0.8
崭新	pos	0.8
展望	pos	0.8
笑靥	pos	0.8
劲爆	pos	0.8
鲜艳	pos	0.8
语惊四座	pos	0.8
筹办	pos	0.8
精采	pos	0.8
双赢	pos	0.8
得主	pos	0.8
乐于	pos	0.8
守护	pos	0.8
拭目以待	pos	0.8
亲爱	pos	0.8
评选	pos	0.8
百分之百	pos	0.8
耀眼	pos	0.8
证词	pos	0.8
畅销	pos	0.8
囊括	pos	0.8
切莫	neg	0.8
沾光	pos	0.8
加冕	pos	0.8
奠基	pos	0.8
厚实	pos	0.8
浪漫	pos	0.8
修长	pos	0.8
爱妻	pos	0.8
成就感	pos	0.8
享有	pos	0.8
绝无仅有	neg	0.8
微笑	pos	0.8
道贺	pos	0.8
战利品	pos	0.8
精华	pos	0.8
担纲	pos	0.8
祈福	pos	0.8
美景	pos	0.8
万岁	pos	0.8
手艺	pos	0.8
誉为	pos	0.8
厚爱	pos	0.8
圆梦	pos	0.8
醉心	pos	0.8
心意	pos	0.8
勇敢	pos	0.8
以诚相待	pos	0.8
逆境	neg	0.8
募集	pos	0.8
守法	pos	0.8
思想性	pos	0.8
诱人	pos	0.8
不规则	neg	0.8
挑选	pos	0.8
凸显	pos	0.8
涵盖	pos	0.8
安详	pos	0.8
掌声	pos	0.8
选出	pos	0.8
瞩目	pos	0.8
魅力	pos	0.8
不畏	neg	0.8
防水	pos	0.8
招待	pos	0.8
得胜	pos	0.8
庆祝	pos	0.8
研习	pos	0.8
愉快	pos	0.8
受惠	pos	0.8
甚佳	pos	0.8
迷住	neg	0.8
自制	pos	0.8
开张	pos	0.8
亦可	pos	0.8
惊羡	pos	0.8
希冀	pos	0.8
污垢	neg	0.8
受宠	pos	0.8
人味	pos	0.8
非常好	pos	0.8
坚毅	pos	0.8
承接	pos	0.8
摘取	pos	0.8
独有	pos	0.8
俘获	pos	0.8
前来	pos	0.8
威龙	pos	0.8
孝行	pos	0.8
齐聚	pos	0.8
助阵	pos	0.8
污迹	neg	0.8
独一无二	pos	0.8
受益匪浅	pos	0.8
突显	pos	0.8
无瑕	pos	0.8
筹建	pos	0.8
坦途	pos	0.8
效法	pos	0.8
承办	pos	0.8
争锋	pos	0.8
限量	neg	0.8
名媛	pos	0.8
谢谢	pos	0.8
失却	neg	0.8
夺标	pos	0.8
竞逐	pos	0.8
高挺	pos	0.8
龙争虎斗	pos	0.8
梦想成真	pos	0.8
惠顾	pos	0.8
加油	pos	0.8
安闲	pos	0.8
避险	pos	0.8
柔性	pos	0.8
结缘	pos	0.8
长命百岁	pos	0.8
敬老	pos	0.8
品味	pos	0.8
满满	pos	0.8
广大	pos	0.8
更上一层楼	pos	0.8
获益匪浅	pos	0.8
数以千计	pos	0.8
抢购	pos	0.8
必胜	pos	0.8
勇夺	pos	0.8
宽松	pos	0.8
芳香	pos	0.8
前瞻	pos	0.8
康健	pos	0.8
活水	pos	0.8
知性	pos	0.8
富于	pos	0.8
相容	pos	0.8
嘿嘿	pos	0.8
新锐	pos	0.8
祝福	pos	0.8
富含	pos	0.8
色彩缤纷	pos	0.8
缔结	pos	0.8
猛击	neg	0.8
款待	pos	0.8
宽大	pos	0.8
享誉	pos	0.8
佳绩	pos	0.8
竭诚	pos	0.8
不妨	pos	0.8
促销	pos	0.8
蕴含	pos	0.8
奉送	pos	0.8
易于	pos	0.8
召集	pos	0.8
接见	pos	0.8
头衔	pos	0.8
意趣	pos	0.8
并肩	pos	0.8
热望	pos	0.8
评断	pos	0.8
快快乐乐	pos	0.8
送礼	pos	0.8
即日	pos	0.8
缔造	pos	0.8
恭请	pos	0.8
预祝	pos	0.8
从速	pos	0.8
丰姿	pos	0.8
升起	pos	0.8
更上层楼	pos	0.8
获奖	pos	0.8
活化	pos	0.8
心想事成	pos	0.8
创设	pos	0.8
名将	pos	0.8
一夕成名	pos	0.8
一大步	pos	0.8
一大指标	pos	0.8
一大突破	pos	0.8
一大胜利	pos	0.8
一己之力	pos	0.8
一分打点	pos	0.8
一夫当关	pos	0.8
一心想	pos	0.8
一再出现	pos	0.8
一同竞争	pos	0.8
一吐为快	pos	0.8
一向	pos	0.8
一向认为	pos	0.8
一如	pos	0.8
一如以往	pos	0.8
一如往昔	pos	0.8
一如预期	pos	0.8
一字不差	pos	0.8
一见钟情	pos	0.8
一并打破	pos	0.8
一并移转	pos	0.8
一并通过	pos	0.8
一定	pos	0.8
一定可以	pos	0.8
一定是	pos	0.8
一定要	pos	0.8
一定要像	pos	0.8
一定时间	pos	0.8
一定能	pos	0.8
一定参加	pos	0.8
一定得	pos	0.8
一定程度	pos	0.8
一定会	pos	0.8
一定会是	pos	0.8
一往情深	pos	0.8
一争高下	pos	0.8
一直	pos	0.8
一直是	pos	0.8
一直坚持	pos	0.8
一秉	pos	0.8
一律	pos	0.8
一律列入	pos	0.8
一炮而红	pos	0.8
一致	pos	0.8
一致公认	pos	0.8
一致支持	pos	0.8
一致同意	pos	0.8
一致决	pos	0.8
一致决议	pos	0.8
一致性	pos	0.8
一致宣布	pos	0.8
一致建议	pos	0.8
一致看好	pos	0.8
一致通过	pos	0.8
一个机会	pos	0.8
一席之地	pos	0.8
一笑置之	pos	0.8
一级棒	pos	0.8
一杆进洞	pos	0.8
一统	pos	0.8
一统江山	pos	0.8
一贯	pos	0.8
一雪前耻	pos	0.8
一开始	pos	0.8
一意	pos	0.8
一路平安	pos	0.8
一路长红	pos	0.8
一路过关斩将	pos	0.8
一路紧咬	pos	0.8
一路赶上	pos	0.8
一路领先	pos	0.8
一路攀升	pos	0.8
一路稳健	pos	0.8
一道大菜	pos	0.8
一样有效	pos	0.8
一样容易	pos	0.8
一盘未失	pos	0.8
一线生机	pos	0.8
一线曙光	pos	0.8
一偿宿愿	pos	0.8
一举解决	pos	0.8
一举击败	pos	0.8
一垒安打	pos	0.8
一蹴可几	pos	0.8
一跃上前	pos	0.8
九五之尊	pos	0.8
了然于心	pos	0.8
了然于胸	pos	0.8
了解商情	pos	0.8
人山人海	pos	0.8
人生至乐	pos	0.8
人性	pos	0.8
人格高尚	pos	0.8
人气	pos	0.8
人气天王	pos	0.8
人气王	pos	0.8
人气巨星	pos	0.8
人气高	pos	0.8
人气鼎沸	pos	0.8
人情味	pos	0.8
人道精神	pos	0.8
人道关怀	pos	0.8
人尽皆知	pos	0.8
人数众多	pos	0.8
人机璧还	pos	0.8
入土为安	pos	0.8
入主	pos	0.8
入神	pos	0.8
入帐	pos	0.8
入榜	pos	0.8
八成是	pos	0.8
力主	pos	0.8
力拼	pos	0.8
力保江山	pos	0.8
力促	pos	0.8
力持	pos	0.8
力留	pos	0.8
力退	pos	0.8
力图振作	pos	0.8
力图赶上	pos	0.8
力战	pos	0.8
力邀	pos	0.8
十分	pos	0.8
十分方便	pos	0.8
十分成功	pos	0.8
十分有利	pos	0.8
十分自在	pos	0.8
十分壮观	pos	0.8
十分相似	pos	0.8
十分重要	pos	0.8
十分重视	pos	0.8
十分容易	pos	0.8
十分特别	pos	0.8
十分神似	pos	0.8
十分接近	pos	0.8
十分清楚	pos	0.8
十分感谢	pos	0.8
十分称职	pos	0.8
十分熟悉	pos	0.8
十分激烈	pos	0.8
十分激赏	pos	0.8
十分踊跃	pos	0.8
十分简单	pos	0.8
十分关切	pos	0.8
十胜投手	pos	0.8
又有何妨	pos	0.8
又有表现	pos	0.8
又长又密	pos	0.8
又是	pos	0.8
又深又刁	pos	0.8
又深又强	pos	0.8
又深又猛	pos	0.8
又远又准	pos	0.8
又稳又准	pos	0.8
又赢了	pos	0.8
三大要项	pos	0.8
三分打点	pos	0.8
三分全垒打	pos	0.8
三分弹	pos	0.8
三足鼎立	pos	0.8
三度塞扬奖	pos	0.8
三思而后行	pos	0.8
三强林立	pos	0.8
三连霸	pos	0.8
三垒打	pos	0.8
三赢	pos	0.8
三响炮	pos	0.8
下功夫	pos	0.8
下定决心	pos	0.8
下放	pos	0.8
上上之策	pos	0.8
上天之选	pos	0.8
上市发行	pos	0.8
上来	pos	0.8
上阵	pos	0.8
上场一搏	pos	0.8
上路	pos	0.8
也可	pos	0.8
也可以	pos	0.8
也同意	pos	0.8
也有	pos	0.8
也有同感	pos	0.8
也很不错	pos	0.8
也是	pos	0.8
也能	pos	0.8
也许	pos	0.8
也期盼	pos	0.8
也想	pos	0.8
也会	pos	0.8
也应	pos	0.8
千载难逢	pos	0.8
口出狂言	pos	0.8
口径一致	pos	0.8
口感好	pos	0.8
口头通过	pos	0.8
士气大振	pos	0.8
大一统	pos	0.8
大一点	pos	0.8
大力支持	pos	0.8
大力改善	pos	0.8
大力协助	pos	0.8
大力拔擢	pos	0.8
大力推展	pos	0.8
大力推动	pos	0.8
大力敦促	pos	0.8
大力发展	pos	0.8
大大成功	pos	0.8
大大改善	pos	0.8
大方送	pos	0.8
大王	pos	0.8
大出风头	pos	0.8
大出锋头	pos	0.8
大功臣	pos	0.8
大多一致	pos	0.8
大多数	pos	0.8
大好机会	pos	0.8
大收获	pos	0.8
大有前途	pos	0.8
大有机会	pos	0.8
大有关系	pos	0.8
大利多	pos	0.8
大局著想	pos	0.8
大步迈向	pos	0.8
大步迈进	pos	0.8
大事	pos	0.8
大受鼓舞	pos	0.8
大受欢迎	pos	0.8
大和解	pos	0.8
大放光芒	pos	0.8
大放送	pos	0.8
大放异采	pos	0.8
大于	pos	0.8
大勇	pos	0.8
大很多	pos	0.8
大为升高	pos	0.8
大为降低	pos	0.8
大为提升	pos	0.8
大为解冻	pos	0.8
大为兴起	pos	0.8
大约可推断	pos	0.8
大致	pos	0.8
大致完成	pos	0.8
大致底定	pos	0.8
大致相同	pos	0.8
大风吹	pos	0.8
大展身手	pos	0.8
大展虎威	pos	0.8
大展商机	pos	0.8
大书特书	pos	0.8
大炮	pos	0.8
大笑	pos	0.8
大起	pos	0.8
大逆转	pos	0.8
大逆转胜	pos	0.8
大将	pos	0.8
大赦	pos	0.8
大部分	pos	0.8
大喜若狂	pos	0.8
大幅上升	pos	0.8
大幅上扬	pos	0.8
大幅升值	pos	0.8
大幅回稳	pos	0.8
大幅成长	pos	0.8
大幅改善	pos	0.8
大幅降低	pos	0.8
大幅胜出	pos	0.8
大幅提升	pos	0.8
大幅提振	pos	0.8
大幅提高	pos	0.8
大幅超越	pos	0.8
大幅开放	pos	0.8
大幅领先	pos	0.8
大幅增加	pos	0.8
大幅缓和	pos	0.8
大幅缩短	pos	0.8
大棒烫	pos	0.8
大笔	pos	0.8
大量需求	pos	0.8
大开	pos	0.8
大黑马	pos	0.8
大势所趋	pos	0.8
大概	pos	0.8
大肆庆祝	pos	0.8
大捞一票	pos	0.8
大热门	pos	0.8
大篇幅	pos	0.8
大胆抢进	pos	0.8
大举介入	pos	0.8
大举投入	pos	0.8
大赚	pos	0.8
大赚厚利	pos	0.8
大翻身	pos	0.8
大转折	pos	0.8
大愿	pos	0.8
大跃进	pos	0.8
大权	pos	0.8
大权在握	pos	0.8
大显威风	pos	0.8
女王	pos	0.8
小天使	pos	0.8
小有斩获	pos	0.8
小而美	pos	0.8
小胜	pos	0.8
小扬	pos	0.8
小试身手	pos	0.8
小赚	pos	0.8
小赢	pos	0.8
已大幅改善	pos	0.8
已可媲美	pos	0.8
已成	pos	0.8
已成了	pos	0.8
已成定局	pos	0.8
已有改善	pos	0.8
已利用	pos	0.8
已完成	pos	0.8
已找到	pos	0.8
已见成效	pos	0.8
已足	pos	0.8
已具	pos	0.8
已取得	pos	0.8
已争取到	pos	0.8
已恢复	pos	0.8
已研拟	pos	0.8
已计画	pos	0.8
已拿到	pos	0.8
已将	pos	0.8
已接近	pos	0.8
已接获	pos	0.8
已发行	pos	0.8
已经	pos	0.8
已经成为	pos	0.8
已经足够	pos	0.8
已经掌握	pos	0.8
已经开始	pos	0.8
已经解决	pos	0.8
已达	pos	0.8
已达成	pos	0.8
已达到	pos	0.8
已慢慢稳定	pos	0.8
已确定	pos	0.8
已适合	pos	0.8
已获	pos	0.8
已获全面改善	pos	0.8
已获共识	pos	0.8
已趋巩固	pos	0.8
弓臂一振	pos	0.8
才可	pos	0.8
才有	pos	0.8
才有利	pos	0.8
才是	pos	0.8
才能真正减轻	pos	0.8
才得	pos	0.8
才会	pos	0.8
不二法门	pos	0.8
不凡的人	pos	0.8
不反	pos	0.8
不反对	pos	0.8
不少进帐	pos	0.8
不止于	pos	0.8
不乏	pos	0.8
不令人意外	pos	0.8
不可不知	pos	0.8
不可名状	pos	0.8
不可抵挡	pos	0.8
不可阻挠	pos	0.8
不可侵犯	pos	0.8
不可限量	pos	0.8
不外乎	pos	0.8
不失	pos	0.8
不必担心	pos	0.8
不正是	pos	0.8
不任性	pos	0.8
不吃亏	pos	0.8
不如坦诚面对	pos	0.8
不成为问题	pos	0.8
不成问题	pos	0.8
不朽英名	pos	0.8
不死	pos	0.8
不老	pos	0.8
不自私	pos	0.8
不吝采纳	pos	0.8
不否认	pos	0.8
不言可喻	pos	0.8
不亚于	pos	0.8
不受约束	pos	0.8
不受限制	pos	0.8
不受影响	pos	0.8
不屈服	pos	0.8
不拘泥	pos	0.8
不放过	pos	0.8
不争	pos	0.8
不争的事实	pos	0.8
不是软脚虾	pos	0.8
不抵触	pos	0.8
不负	pos	0.8
不迫	pos	0.8
不限	pos	0.8
不陌生	pos	0.8
不容忽视	pos	0.8
不容抹杀	pos	0.8
不容推诿	pos	0.8
不容损耗	pos	0.8
不悔	pos	0.8
不能不	pos	0.8
不能不知道	pos	0.8
不能不解决	pos	0.8
不衰	pos	0.8
不起诉	pos	0.8
不偏不倚地	pos	0.8
不动摇	pos	0.8
不推诿	pos	0.8
不移	pos	0.8
不讶异	pos	0.8
不设限	pos	0.8
不就好了	pos	0.8
不就得了	pos	0.8
不复旧观	pos	0.8
不恶	pos	0.8
不曾失手	pos	0.8
不犹豫	pos	0.8
不费吹灰之力	pos	0.8
不超过	pos	0.8
不意外	pos	0.8
不慌忙	pos	0.8
不愧为	pos	0.8
不会弄错	pos	0.8
不会受伤害	pos	0.8
不会威胁	pos	0.8
不会伤害	pos	0.8
不会影响	pos	0.8
不禁	pos	0.8
不禁止	pos	0.8
不禁高昂	pos	0.8
不禁想起	pos	0.8
不虞	pos	0.8
不违	pos	0.8
不违法	pos	0.8
不违背	pos	0.8
不调降	pos	0.8
不讳言	pos	0.8
不输	pos	0.8
不输于	pos	0.8
不隐瞒	pos	0.8
不断努力	pos	0.8
不断重复	pos	0.8
不断提高	pos	0.8
不断鼓吹	pos	0.8
不断递增	pos	0.8
不断扩散	pos	0.8
不难	pos	0.8
不难理解	pos	0.8
中心支柱	pos	0.8
中方有充分证据	pos	0.8
中和	pos	0.8
丰采	pos	0.8
丰采依旧	pos	0.8
之上	pos	0.8
之首	pos	0.8
之赐	pos	0.8
予以支持	pos	0.8
予以保护	pos	0.8
予以配合	pos	0.8
予以规范	pos	0.8
予以补助	pos	0.8
予保护	pos	0.8
互不侵犯	pos	0.8
互有领先	pos	0.8
互别苗头	pos	0.8
互助合作	pos	0.8
互信	pos	0.8
互保	pos	0.8
互为刺激	pos	0.8
互相合作	pos	0.8
互相安慰	pos	0.8
互相妥协	pos	0.8
互相密合著	pos	0.8
互相连系	pos	0.8
互相结合	pos	0.8
互动频繁	pos	0.8
互访	pos	0.8
互设	pos	0.8
互惠互助	pos	0.8
互敬	pos	0.8
互补	pos	0.8
互蒙其利	pos	0.8
仁善	pos	0.8
仍可	pos	0.8
仍可以	pos	0.8
仍未改变	pos	0.8
仍由	pos	0.8
仍在调查	pos	0.8
仍有	pos	0.8
仍有可能	pos	0.8
仍有成长	pos	0.8
仍有希望	pos	0.8
仍有意	pos	0.8
仍作	pos	0.8
仍希望	pos	0.8
仍依	pos	0.8
仍依赖	pos	0.8
仍佳	pos	0.8
仍待	pos	0.8
仍持续	pos	0.8
仍是	pos	0.8
仍为可行	pos	0.8
仍能	pos	0.8
仍将	pos	0.8
仍将是	pos	0.8
仍得	pos	0.8
仍得办	pos	0.8
仍采	pos	0.8
仍被看好	pos	0.8
仍然存在	pos	0.8
仍进行	pos	0.8
仍须	pos	0.8
仍会	pos	0.8
仍会维持	pos	0.8
仍需	pos	0.8
仍适用	pos	0.8
仍应	pos	0.8
仍应保留	pos	0.8
仍获	pos	0.8
仍获好评	pos	0.8
仍获青睐	pos	0.8
今起展开	pos	0.8
允许	pos	0.8
允当	pos	0.8
允诺	pos	0.8
允诺了	pos	0.8
公平正义	pos	0.8
公平地	pos	0.8
公正地	pos	0.8
公决	pos	0.8
公义	pos	0.8
公诸	pos	0.8
分久必合	pos	0.8
分寸	pos	0.8
分工	pos	0.8
分工合作	pos	0.8
分工更具体	pos	0.8
分不开	pos	0.8
分庭亢礼	pos	0.8
分庭抗礼	pos	0.8
分散风险	pos	0.8
分发	pos	0.8
分担	pos	0.8
切实执行	pos	0.8
切题	pos	0.8
勿忘	pos	0.8
化干戈为玉帛	pos	0.8
化为真实	pos	0.8
化被动为主动	pos	0.8
化暗为明	pos	0.8
化解	pos	0.8
化解危机	pos	0.8
化解歧见	pos	0.8
化解阻力	pos	0.8
化敌为友	pos	0.8
匹敌	pos	0.8
升到	pos	0.8
升为	pos	0.8
升级相当明显	pos	0.8
友好合作	pos	0.8
及早因应	pos	0.8
及早回头	pos	0.8
及早确定	pos	0.8
及时回魂	pos	0.8
及时修正	pos	0.8
及时掌握	pos	0.8
及时调整	pos	0.8
及时稳住	pos	0.8
及格	pos	0.8
及得上	pos	0.8
反反	pos	0.8
反以	pos	0.8
反映舆情	pos	0.8
反蒙其利	pos	0.8
反应很好	pos	0.8
反应热烈	pos	0.8
反复强调	pos	0.8
天才人物	pos	0.8
天不会塌下来	pos	0.8
天分	pos	0.8
天文数字	pos	0.8
天文数字般	pos	0.8
天王	pos	0.8
天王巨星	pos	0.8
天生好手	pos	0.8
天后级	pos	0.8
天使般的人	pos	0.8
天真	pos	0.8
天真的信赖	pos	0.8
天真无邪	pos	0.8
天资聪明	pos	0.8
天纵英才	pos	0.8
太在意	pos	0.8
太好	pos	0.8
太好了	pos	0.8
太好过	pos	0.8
太突出	pos	0.8
太重视	pos	0.8
太高	pos	0.8
太高兴	pos	0.8
太强	pos	0.8
太猛了	pos	0.8
太棒	pos	0.8
太惊人	pos	0.8
少人能及	pos	0.8
少壮	pos	0.8
尤其	pos	0.8
尤其是	pos	0.8
尤其高	pos	0.8
尤甚	pos	0.8
尤值注意	pos	0.8
尤胜	pos	0.8
尤然	pos	0.8
引人注意	pos	0.8
引人猜测	pos	0.8
引人关注	pos	0.8
引人赞美	pos	0.8
引人赞美的人	pos	0.8
引以为傲	pos	0.8
引以为荣	pos	0.8
引以为荣的事物	pos	0.8
引用	pos	0.8
引申	pos	0.8
引吭	pos	0.8
引吭高歌	pos	0.8
引来	pos	0.8
引为殷鉴	pos	0.8
引述	pos	0.8
引起骚动	pos	0.8
引据	pos	0.8
引颈企盼	pos	0.8
心安	pos	0.8
心有戚戚	pos	0.8
心有灵犀	pos	0.8
心服	pos	0.8
心服口服	pos	0.8
心情愉快	pos	0.8
心情舒畅	pos	0.8
心喜	pos	0.8
心无畏惧	pos	0.8
心诚则灵	pos	0.8
心满意足地注视	pos	0.8
心醉神迷	pos	0.8
心声	pos	0.8
心系百姓	pos	0.8
心愿	pos	0.8
手风奇顺	pos	0.8
手牵手	pos	0.8
支助	pos	0.8
支持力量	pos	0.8
支柱	pos	0.8
支配性	pos	0.8
支应	pos	0.8
文明	pos	0.8
斗胆	pos	0.8
方能	pos	0.8
方得	pos	0.8
日久生情	pos	0.8
日益凸显	pos	0.8
日益明显	pos	0.8
日益精良	pos	0.8
日益增多	pos	0.8
日渐成熟	pos	0.8
日渐茁壮	pos	0.8
日增	pos	0.8
日臻完善	pos	0.8
日趋重要	pos	0.8
日趋密切	pos	0.8
日趋浓厚	pos	0.8
日趋扩大	pos	0.8
止痛	pos	0.8
毋宁	pos	0.8
毋宁是	pos	0.8
比以往高	pos	0.8
比他好	pos	0.8
比率为最高	pos	0.8
比率较高	pos	0.8
比照	pos	0.8
比较可能	pos	0.8
比较好	pos	0.8
比较便宜	pos	0.8
比预期好	pos	0.8
比数差距最大	pos	0.8
水准	pos	0.8
水准相当	pos	0.8
水准最高	pos	0.8
火力大发	pos	0.8
火力支援	pos	0.8
火力旺盛	pos	0.8
火力齐发	pos	0.8
火速通过	pos	0.8
牛耳	pos	0.8
王中王	pos	0.8
王见王	pos	0.8
王国	pos	0.8
王朝	pos	0.8
世所瞩目	pos	0.8
世界冠军	pos	0.8
世界排名第一球员	pos	0.8
世界排名这么高	pos	0.8
世界球王	pos	0.8
世界第一	pos	0.8
丕变	pos	0.8
主角	pos	0.8
主持	pos	0.8
主持协商	pos	0.8
主要	pos	0.8
主要功臣	pos	0.8
主要考验	pos	0.8
主要的辩	pos	0.8
主要是	pos	0.8
主要寻求	pos	0.8
主要意义	pos	0.8
主宰	pos	0.8
主宰力	pos	0.8
主动出击	pos	0.8
主动回收	pos	0.8
主动协助	pos	0.8
主动协调	pos	0.8
主动建立	pos	0.8
主动连系	pos	0.8
主动提供	pos	0.8
主动帮忙	pos	0.8
主张	pos	0.8
主控	pos	0.8
主控权	pos	0.8
主场优势	pos	0.8
主导地位	pos	0.8
主导优势	pos	0.8
以小抟大	pos	0.8
以示负责	pos	0.8
以示善意	pos	0.8
以利	pos	0.8
以壮声势	pos	0.8
以供	pos	0.8
以便	pos	0.8
以毒攻毒	pos	0.8
以期建立	pos	0.8
以微笑对之	pos	0.8
以遂己愿	pos	0.8
以达	pos	0.8
以避免	pos	0.8
以惊人	pos	0.8
付托	pos	0.8
付诸实施	pos	0.8
付诸实现	pos	0.8
付诸实践	pos	0.8
仔细看清	pos	0.8
代言人	pos	0.8
代表人物	pos	0.8
代表作	pos	0.8
代替	pos	0.8
令人佩服	pos	0.8
令人咋舌	pos	0.8
令人振奋	pos	0.8
令人喜悦	pos	0.8
令人愉快	pos	0.8
令人景仰	pos	0.8
令人羡煞	pos	0.8
令人满意地	pos	0.8
令人称羡	pos	0.8
令人兴奋	pos	0.8
令人难忘	pos	0.8
令人欢迎	pos	0.8
令人惊奇	pos	0.8
令人瞩目	pos	0.8
令我悸动	pos	0.8
仙姿	pos	0.8
充分	pos	0.8
充分反映	pos	0.8
充分支持	pos	0.8
充分佐证	pos	0.8
充分吸收	pos	0.8
充分的理由	pos	0.8
充分表现	pos	0.8
充分表达	pos	0.8
充分表征	pos	0.8
充分展现	pos	0.8
充分尊重	pos	0.8
充分掌握	pos	0.8
充分发挥	pos	0.8
充分沟通	pos	0.8
充分准备	pos	0.8
充分照顾	pos	0.8
充分运用	pos	0.8
充分证明	pos	0.8
充分证据	pos	0.8
充分显示	pos	0.8
充份	pos	0.8
充份体现	pos	0.8
充足的证据	pos	0.8
充当	pos	0.8
充实	pos	0.8
充满	pos	0.8
充满希望	pos	0.8
充满信心地	pos	0.8
充满深情	pos	0.8
充满期待	pos	0.8
充满乐趣	pos	0.8
充窝信	pos	0.8
出任	pos	0.8
出名	pos	0.8
出色表现	pos	0.8
出奇的顺	pos	0.8
出奇热络	pos	0.8
出面解决	pos	0.8
出神	pos	0.8
出马	pos	0.8
出动	pos	0.8
出现奇迹	pos	0.8
出掌	pos	0.8
出运	pos	0.8
出道	pos	0.8
出线	pos	0.8
凸显出	pos	0.8
加入欧	pos	0.8
加分	pos	0.8
加以完成	pos	0.8
加以保护	pos	0.8
加以讨论	pos	0.8
加以执行	pos	0.8
加以采用	pos	0.8
加以开发	pos	0.8
加以实现	pos	0.8
加以检讨	pos	0.8
加快研制	pos	0.8
加快发展	pos	0.8
加快开放	pos	0.8
加快脚步	pos	0.8
加怏	pos	0.8
加计	pos	0.8
加倍	pos	0.8
加倍努力	pos	0.8
加倍增强	pos	0.8
加强了	pos	0.8
加强促进	pos	0.8
加强宣导	pos	0.8
加强训练	pos	0.8
加强推动	pos	0.8
加强推广	pos	0.8
加强产业升级	pos	0.8
加强提升	pos	0.8
加强贸易	pos	0.8
加速升级	pos	0.8
加速交流	pos	0.8
加速成长	pos	0.8
加速完成	pos	0.8
加速形成	pos	0.8
加速展开	pos	0.8
加速起飞	pos	0.8
加速推展	pos	0.8
加速推动	pos	0.8
加速发展	pos	0.8
加速进行	pos	0.8
加发	pos	0.8
加开	pos	0.8
加温	pos	0.8
加装	pos	0.8
加紧把关	pos	0.8
加紧做好	pos	0.8
加紧脚步	pos	0.8
加压	pos	0.8
加薪	pos	0.8
功力十足	pos	0.8
功成身退	pos	0.8
包容度高	pos	0.8
包办	pos	0.8
北援	pos	0.8
卡好	pos	0.8
卡进	pos	0.8
占有	pos	0.8
占到	pos	0.8
占取	pos	0.8
占尽	pos	0.8
占优势	pos	0.8
卯足全力	pos	0.8
卯尽全力	pos	0.8
去影响	pos	0.8
可了解	pos	0.8
可予	pos	0.8
可化解	pos	0.8
可以允许	pos	0.8
可以化解	pos	0.8
可以加入	pos	0.8
可以如期开办	pos	0.8
可以成功	pos	0.8
可以成为	pos	0.8
可以有	pos	0.8
可以考虑	pos	0.8
可以改变	pos	0.8
可以防止	pos	0.8
可以享受	pos	0.8
可以依据	pos	0.8
可以使用	pos	0.8
可以沾光	pos	0.8
可以保留	pos	0.8
可以恢复	pos	0.8
可以持续	pos	0.8
可以是	pos	0.8
可以相信	pos	0.8
可以容忍	pos	0.8
可以高兴	pos	0.8
可以接受	pos	0.8
可以发挥	pos	0.8
可以顺利	pos	0.8
可以会	pos	0.8
可以解决	pos	0.8
可以预见	pos	0.8
可以说	pos	0.8
可以写定	pos	0.8
可以确定	pos	0.8
可以缓解	pos	0.8
可以谈	pos	0.8
可以帮助	pos	0.8
可以应付	pos	0.8
可以获得	pos	0.8
可以获选	pos	0.8
可以继续	pos	0.8
可以变化运用	pos	0.8
可出炉	pos	0.8
可用	pos	0.8
可用于	pos	0.8
可再增加	pos	0.8
可如期	pos	0.8
可考虑	pos	0.8
可行	pos	0.8
可行之道	pos	0.8
可免	pos	0.8
可利用	pos	0.8
可完成	pos	0.8
可扭转颓势	pos	0.8
可见	pos	0.8
可见是	pos	0.8
可防止	pos	0.8
可依靠	pos	0.8
可使	pos	0.8
可使用	pos	0.8
可供	pos	0.8
可协助	pos	0.8
可取	pos	0.8
可取得	pos	0.8
可拉	pos	0.8
可于	pos	0.8
可知	pos	0.8
可长可久	pos	0.8
可信赖性	pos	0.8
可促使	pos	0.8
可为	pos	0.8
可看	pos	0.8
可效法	pos	0.8
可真是	pos	0.8
可能大增	pos	0.8
可能加入	pos	0.8
可能打开	pos	0.8
可能用来	pos	0.8
可能有利	pos	0.8
可能很高	pos	0.8
可能恢复	pos	0.8
可能愈高	pos	0.8
可能会促成	pos	0.8
可追上	pos	0.8
可得	pos	0.8
可得到	pos	0.8
可接受	pos	0.8
可采	pos	0.8
可采纳	pos	0.8
可望成功	pos	0.8
可望成为	pos	0.8
可望取代	pos	0.8
可望放宽	pos	0.8
可望拯救	pos	0.8
可望重振	pos	0.8
可望连庄	pos	0.8
可望提升	pos	0.8
可望顺利展开	pos	0.8
可望维持	pos	0.8
可望增加	pos	0.8
可理解	pos	0.8
可规避	pos	0.8
可透过	pos	0.8
可尊敬	pos	0.8
可循	pos	0.8
可掌握	pos	0.8
可期	pos	0.8
可钦佩	pos	0.8
可减轻	pos	0.8
可贵情操	pos	0.8
可媲美	pos	0.8
可爱地	pos	0.8
可敬重	pos	0.8
可节省	pos	0.8
可经营	pos	0.8
可解决	pos	0.8
可资运用	pos	0.8
可达	pos	0.8
可达到	pos	0.8
可预见	pos	0.8
可预期	pos	0.8
可图	pos	0.8
可实行	pos	0.8
可称赞	pos	0.8
可算	pos	0.8
可维持	pos	0.8
可认定	pos	0.8
可说	pos	0.8
可说是	pos	0.8
可领到	pos	0.8
可增加	pos	0.8
可确保	pos	0.8
可缓和	pos	0.8
可诞生	pos	0.8
可调度	pos	0.8
可适用	pos	0.8
可靠性	pos	0.8
可靠程度	pos	0.8
可据以	pos	0.8
可独得	pos	0.8
可谓为	pos	0.8
可辨认	pos	0.8
可选择	pos	0.8
可获	pos	0.8
可获得	pos	0.8
可避免	pos	0.8
可证明	pos	0.8
可证实	pos	0.8
可继续	pos	0.8
可赢得	pos	0.8
可携带	pos	0.8
可让	pos	0.8
召募	pos	0.8
叮嘱	pos	0.8
另辟蹊径	pos	0.8
只有可能	pos	0.8
只有可能是	pos	0.8
只求	pos	0.8
只是想	pos	0.8
只要	pos	0.8
只许	pos	0.8
只循	pos	0.8
只须	pos	0.8
只想	pos	0.8
只愿	pos	0.8
只愿意	pos	0.8
史上第一人	pos	0.8
史上第一位	pos	0.8
史上最大	pos	0.8
史上最长	pos	0.8
史上最高	pos	0.8
史前未有	pos	0.8
叱咤	pos	0.8
台柱	pos	0.8
四分打点	pos	0.8
外交利益	pos	0.8
外交突破	pos	0.8
外援	pos	0.8
外轻松	pos	0.8
失误最少	pos	0.8
巨大挑战	pos	0.8
巨步	pos	0.8
巨型	pos	0.8
巨变	pos	0.8
巧合	pos	0.8
市场很大	pos	0.8
平分	pos	0.8
平分秋色	pos	0.8
平心	pos	0.8
平心静气	pos	0.8
平平淡淡	pos	0.8
平平静静	pos	0.8
平安地	pos	0.8
平抑	pos	0.8
平和完成	pos	0.8
平纪录	pos	0.8
平息疑问	pos	0.8
平复	pos	0.8
平等	pos	0.8
平等尊严	pos	0.8
平等对待	pos	0.8
平顺	pos	0.8
平整	pos	0.8
平衡了	pos	0.8
平衡发展	pos	0.8
平静	pos	0.8
平静下来	pos	0.8
弘大	pos	0.8
必有	pos	0.8
必定能	pos	0.8
必定能够	pos	0.8
必要性	pos	0.8
必要措施	pos	0.8
必能	pos	0.8
必将	pos	0.8
必得演出	pos	0.8
必然会	pos	0.8
必然趋势	pos	0.8
必须及时	pos	0.8
必须加入	pos	0.8
必须加强	pos	0.8
必须正视	pos	0.8
必须有助于	pos	0.8
必须完成	pos	0.8
必须具备	pos	0.8
必须注意	pos	0.8
必须是	pos	0.8
必须负担	pos	0.8
必须面对	pos	0.8
必须面临	pos	0.8
必须能	pos	0.8
必须接受	pos	0.8
必须采取	pos	0.8
必须透过	pos	0.8
必须确保	pos	0.8
必须扩大	pos	0.8
必会	pos	0.8
必当	pos	0.8
必经	pos	0.8
必经阶段	pos	0.8
必需	pos	0.8
必需存在	pos	0.8
打主意	pos	0.8
打出光芒	pos	0.8
打出佳绩	pos	0.8
打出知名度	pos	0.8
打包票	pos	0.8
打拼	pos	0.8
打破传统	pos	0.8
打得好	pos	0.8
打得更好	pos	0.8
打得很好	pos	0.8
打进	pos	0.8
打开知名度	pos	0.8
打趣	pos	0.8
打击王	pos	0.8
打赢	pos	0.8
本季最高	pos	0.8
本著良心	pos	0.8
本意	pos	0.8
本标兼治	pos	0.8
本应	pos	0.8
未失	pos	0.8
未失分	pos	0.8
未打先轰动	pos	0.8
未妨碍	pos	0.8
未来趋势	pos	0.8
未受伤	pos	0.8
未放弃	pos	0.8
未抵触	pos	0.8
未被污染	pos	0.8
未违	pos	0.8
未违反	pos	0.8
未演先轰动	pos	0.8
未影响	pos	0.8
未卖先红	pos	0.8
未篡改	pos	0.8
未滥权	pos	0.8
正代表著	pos	0.8
正巧	pos	0.8
正向	pos	0.8
正合炉	pos	0.8
正在规画	pos	0.8
正在进行	pos	0.8
正好	pos	0.8
正式上路	pos	0.8
正式批准	pos	0.8
正式流通	pos	0.8
正式要求	pos	0.8
正式展开	pos	0.8
正式送交	pos	0.8
正式问世	pos	0.8
正式启用	pos	0.8
正式启动	pos	0.8
正式挥别	pos	0.8
正式登场	pos	0.8
正式发行	pos	0.8
正式结束	pos	0.8
正式开市	pos	0.8
正式开始	pos	0.8
正式会晤	pos	0.8
正式实施	pos	0.8
正式敲定	pos	0.8
正式诞生	pos	0.8
正式签署	pos	0.8
正成立	pos	0.8
正成形	pos	0.8
正而意义	pos	0.8
正是	pos	0.8
正是典型	pos	0.8
正是时候	pos	0.8
正要	pos	0.8
正面回应	pos	0.8
正面地	pos	0.8
正面的提升	pos	0.8
正面的影响	pos	0.8
正面肯定	pos	0.8
正面效果	pos	0.8
正面效益	pos	0.8
正面效应	pos	0.8
正面发展	pos	0.8
正面评价	pos	0.8
正面意义	pos	0.8
正面影响	pos	0.8
正面积极	pos	0.8
正面帮助	pos	0.8
正值	pos	0.8
正常	pos	0.8
正常人	pos	0.8
正常化	pos	0.8
正常行为	pos	0.8
正常照顾	pos	0.8
正朝著	pos	0.8
正视	pos	0.8
正准备	pos	0.8
正当合理	pos	0.8
正当性	pos	0.8
正义行为	pos	0.8
正确地	pos	0.8
正确判断	pos	0.8
正确性	pos	0.8
正确的决定了	pos	0.8
正确无误	pos	0.8
正确点	pos	0.8
民主化	pos	0.8
永久和平	pos	0.8
永远会记得	pos	0.8
永远关心	pos	0.8
永续	pos	0.8
永续利用	pos	0.8
永续发展	pos	0.8
永续经营	pos	0.8
犯罪率	pos	0.8
玄奇	pos	0.8
甘心	pos	0.8
甘冒	pos	0.8
甘愿	pos	0.8
生日快乐	pos	0.8
生存能力	pos	0.8
生存发展	pos	0.8
生育	pos	0.8
生命力	pos	0.8
生气勃勃地	pos	0.8
生动	pos	0.8
生情	pos	0.8
生涯首胜	pos	0.8
生涯高峰	pos	0.8
生涯第一支	pos	0.8
生涯最高	pos	0.8
生产力高	pos	0.8
生产多	pos	0.8
生意兴隆	pos	0.8
生还	pos	0.8
用力刻划	pos	0.8
用心良苦	pos	0.8
用心规划	pos	0.8
用来	pos	0.8
由此可见	pos	0.8
由衷支持	pos	0.8
由衷的高兴	pos	0.8
由衷盼望	pos	0.8
甲级	pos	0.8
申办	pos	0.8
白金	pos	0.8
目光焦点	pos	0.8
目睹	pos	0.8
矢言	pos	0.8
石破天惊	pos	0.8
示意	pos	0.8
立下宏愿	pos	0.8
立下榜样	pos	0.8
立即回应	pos	0.8
立即受惠	pos	0.8
立即撤军	pos	0.8
立即赶工	pos	0.8
立即检查	pos	0.8
立即归返	pos	0.8
立即显现	pos	0.8
立足	pos	0.8
立场一致	pos	0.8
交心	pos	0.8
交代清楚	pos	0.8
交往	pos	0.8
交流合作	pos	0.8
交流热络	pos	0.8
亦可以	pos	0.8
亦在其中	pos	0.8
亦是	pos	0.8
亦是如此	pos	0.8
亦为	pos	0.8
亦应	pos	0.8
伊甸园	pos	0.8
休息	pos	0.8
仰慕	pos	0.8
企及	pos	0.8
企图心强	pos	0.8
光明快乐	pos	0.8
光采	pos	0.8
光亮	pos	0.8
光环	pos	0.8
先一步	pos	0.8
先下一城	pos	0.8
先下一盘	pos	0.8
先予沿用	pos	0.8
先行规划	pos	0.8
先决条件	pos	0.8
先制	pos	0.8
先准备	pos	0.8
先驰得点	pos	0.8
先驱地位	pos	0.8
全力支持	pos	0.8
全力把关	pos	0.8
全力改善	pos	0.8
全力拓展	pos	0.8
全力拼战	pos	0.8
全力恢复	pos	0.8
全力配合	pos	0.8
全力参与	pos	0.8
全力推动	pos	0.8
全力演出	pos	0.8
全力调查	pos	0.8
全力整顿	pos	0.8
全力积极	pos	0.8
全心投入	pos	0.8
全心贯注	pos	0.8
全面改善	pos	0.8
全面流通	pos	0.8
全面采取	pos	0.8
全面清查	pos	0.8
全面影响	pos	0.8
全面整治	pos	0.8
全面检讨	pos	0.8
全能	pos	0.8
全球共知	pos	0.8
全球瞩目	pos	0.8
全透明	pos	0.8
全胜佳绩	pos	0.8
全然	pos	0.8
全盘修正	pos	0.8
全靠	pos	0.8
全靠自己	pos	0.8
全垒打	pos	0.8
全垒打王	pos	0.8
全垒打制造机	pos	0.8
全体动员	pos	0.8
共同主宰	pos	0.8
共同主导	pos	0.8
共同成为	pos	0.8
共同利益	pos	0.8
共同努力	pos	0.8
共同步入	pos	0.8
共同决定	pos	0.8
共同角逐	pos	0.8
共同防止	pos	0.8
共同享受	pos	0.8
共同承担	pos	0.8
共同的结论	pos	0.8
共同信守	pos	0.8
共同保持	pos	0.8
共同促进	pos	0.8
共同宣布	pos	0.8
共同宣言	pos	0.8
共同流通	pos	0.8
共同讨论	pos	0.8
共同参加	pos	0.8
共同参与	pos	0.8
共同采用	pos	0.8
共同票选	pos	0.8
共同组成	pos	0.8
共同发布	pos	0.8
共同发展	pos	0.8
共同诉求	pos	0.8
共同爱护	pos	0.8
共同解决	pos	0.8
共同领先	pos	0.8
共同庆祝	pos	0.8
共同战略	pos	0.8
共同拟定	pos	0.8
共同声明	pos	0.8
共同愿望	pos	0.8
共存	pos	0.8
共存繁荣	pos	0.8
共事	pos	0.8
共信共守	pos	0.8
共通点	pos	0.8
共创	pos	0.8
共创未来	pos	0.8
共鸣	pos	0.8
共担	pos	0.8
共获	pos	0.8
共举	pos	0.8
共襄盛举	pos	0.8
共轰出	pos	0.8
共体时艰	pos	0.8
再下一城	pos	0.8
再生能源	pos	0.8
再立新功	pos	0.8
再安排	pos	0.8
再收取	pos	0.8
再行	pos	0.8
再见全垒打	pos	0.8
再见安打	pos	0.8
再见逆转安打	pos	0.8
再度拉开	pos	0.8
再度挑起	pos	0.8
再度展现	pos	0.8
再度获得	pos	0.8
再度获奖	pos	0.8
再度获选	pos	0.8
再展威风	pos	0.8
再添一笔	pos	0.8
再现光明	pos	0.8
再现虎威	pos	0.8
再创纪录	pos	0.8
再创高峰	pos	0.8
再创新猷	pos	0.8
再发虎威	pos	0.8
再进步	pos	0.8
再圆	pos	0.8
再获殊荣	pos	0.8
再赢	pos	0.8
再显威风	pos	0.8
列为	pos	0.8
列强环伺	pos	0.8
列举	pos	0.8
匡正	pos	0.8
印象深刻	pos	0.8
危机意识	pos	0.8
吉星高照	pos	0.8
同一阵	pos	0.8
同一阵线	pos	0.8
同一阵营	pos	0.8
同一国	pos	0.8
同台挥杆	pos	0.8
同步通过	pos	0.8
同步发行	pos	0.8
同步实施	pos	0.8
同步适用	pos	0.8
同享荣耀	pos	0.8
同奏凯歌	pos	0.8
同胞好友	pos	0.8
同时	pos	0.8
同时参加	pos	0.8
同时产生	pos	0.8
同时开列	pos	0.8
同时达到	pos	0.8
同尉	pos	0.8
同情心	pos	0.8
同组较劲	pos	0.8
同组竞技	pos	0.8
同场竞技	pos	0.8
同等重要	pos	0.8
同意合作	pos	0.8
同意承认	pos	0.8
同意接受	pos	0.8
同意给予	pos	0.8
同意鼓励	pos	0.8
同感	pos	0.8
同盟	pos	0.8
同蒙其利	pos	0.8
同样重要	pos	0.8
同样坚强	pos	0.8
同声欢迎	pos	0.8
各各样	pos	0.8
各式各样	pos	0.8
向上调整	pos	0.8
向心力	pos	0.8
向来	pos	0.8
向前行	pos	0.8
向前推进	pos	0.8
向前跨	pos	0.8
向善	pos	0.8
名列第一	pos	0.8
名作	pos	0.8
名利双收	pos	0.8
名流云集	pos	0.8
名留青史	pos	0.8
名号	pos	0.8
名声	pos	0.8
合乎情理	pos	0.8
合乎卫生	pos	0.8
合作互补	pos	0.8
合作协议	pos	0.8
合作追求	pos	0.8
合作统一	pos	0.8
合法化	pos	0.8
合法申报	pos	0.8
合法技术	pos	0.8
合法性	pos	0.8
合法产生	pos	0.8
合法程序	pos	0.8
合格	pos	0.8
合理分配	pos	0.8
合理划分	pos	0.8
合理价位	pos	0.8
合演	pos	0.8
合算	pos	0.8
合适地	pos	0.8
合谐	pos	0.8
合办	pos	0.8
合纵连横	pos	0.8
合逻辑	pos	0.8
吃定	pos	0.8
吃苦	pos	0.8
后望	pos	0.8
因应	pos	0.8
因应之道	pos	0.8
因应改善	pos	0.8
回到	pos	0.8
回流	pos	0.8
回首	pos	0.8
回神	pos	0.8
回复	pos	0.8
回敬	pos	0.8
回补	pos	0.8
回忆	pos	0.8
回稳	pos	0.8
回馈	pos	0.8
地基	pos	0.8
在一起	pos	0.8
在乎	pos	0.8
在所不惜	pos	0.8
在所难免	pos	0.8
在家一条龙	pos	0.8
在赞成方面	pos	0.8
多一点	pos	0.8
多元地理环境	pos	0.8
多出	pos	0.8
多出一倍	pos	0.8
多出许多	pos	0.8
多加油	pos	0.8
多加强	pos	0.8
多半	pos	0.8
多半会	pos	0.8
多生产	pos	0.8
多幸褔	pos	0.8
多所协助	pos	0.8
多于	pos	0.8
多采多姿	pos	0.8
多姿多釆	pos	0.8
多为	pos	0.8
多得很	pos	0.8
多得是	pos	0.8
多添	pos	0.8
多产	pos	0.8
多智	pos	0.8
多极化	pos	0.8
多福	pos	0.8
多样化	pos	0.8
多样性	pos	0.8
多趣	pos	0.8
多赢	pos	0.8
好一点	pos	0.8
好天气	pos	0.8
好太多	pos	0.8
好心情	pos	0.8
好方法	pos	0.8
好多了	pos	0.8
好好地	pos	0.8
好好消化	pos	0.8
好好做好	pos	0.8
好好规划	pos	0.8
好年	pos	0.8
好米	pos	0.8
好似	pos	0.8
好事者	pos	0.8
好幸运	pos	0.8
好的表现	pos	0.8
好的戏	pos	0.8
好很多	pos	0.8
好看	pos	0.8
好家在	pos	0.8
好神	pos	0.8
好追根究底	pos	0.8
好彩头	pos	0.8
好球	pos	0.8
好报	pos	0.8
好景	pos	0.8
好开心	pos	0.8
好意地	pos	0.8
好感	pos	0.8
好想	pos	0.8
好极	pos	0.8
好极了	pos	0.8
好解决	pos	0.8
好运	pos	0.8
好运接著来	pos	0.8
好过	pos	0.8
好像	pos	0.8
好实力	pos	0.8
好认	pos	0.8
好机会	pos	0.8
好办法	pos	0.8
好选手	pos	0.8
好懂	pos	0.8
好戏	pos	0.8
如出一辙	pos	0.8
如同	pos	0.8
如约	pos	0.8
如能	pos	0.8
如期召开	pos	0.8
如期完成	pos	0.8
如期推出	pos	0.8
如期进行	pos	0.8
如期开办	pos	0.8
如画	pos	0.8
如预期	pos	0.8
如愿上演	pos	0.8
如释重负	pos	0.8
如释重担	pos	0.8
存有	pos	0.8
存活	pos	0.8
存洧功率	pos	0.8
存著	pos	0.8
存证	pos	0.8
守住	pos	0.8
守得云开	pos	0.8
安了心	pos	0.8
安心	pos	0.8
安可	pos	0.8
安打	pos	0.8
安全又新	pos	0.8
安全利益	pos	0.8
安全改进	pos	0.8
安全防御	pos	0.8
安全突破	pos	0.8
安全产品	pos	0.8
安全感	pos	0.8
安全网	pos	0.8
安身	pos	0.8
安身立命	pos	0.8
安和	pos	0.8
安和乐利	pos	0.8
安命	pos	0.8
安定	pos	0.8
安定和平	pos	0.8
安定援助	pos	0.8
安度	pos	0.8
安祥	pos	0.8
安然	pos	0.8
安逸	pos	0.8
安置	pos	0.8
安睡	pos	0.8
安静	pos	0.8
年度最佳	pos	0.8
年度最佳球员	pos	0.8
年纪轻轻	pos	0.8
年轻	pos	0.8
年轻化	pos	0.8
年轻好手	pos	0.8
年轻有成	pos	0.8
年轻貌美	pos	0.8
忙于	pos	0.8
忙著	pos	0.8
成了	pos	0.8
成千上万	pos	0.8
成功地	pos	0.8
成功利用	pos	0.8
成功典范	pos	0.8
成功封王	pos	0.8
成功率	pos	0.8
成功掌握	pos	0.8
成功发展	pos	0.8
成功落幕	pos	0.8
成功解决	pos	0.8
成功演出	pos	0.8
成功缔造	pos	0.8
成功举行	pos	0.8
成本更低廉	pos	0.8
成立在即	pos	0.8
成形	pos	0.8
成果丰硕	pos	0.8
成长甚为快速	pos	0.8
成长茁壮	pos	0.8
成长趋势	pos	0.8
成为大势所趋	pos	0.8
成为热门	pos	0.8
成真	pos	0.8
成就不凡	pos	0.8
成就出	pos	0.8
成熟	pos	0.8
成熟智慧	pos	0.8
成熟稳重	pos	0.8
成绩	pos	0.8
成绩最好	pos	0.8
成绩斐然	pos	0.8
扣人心悬	pos	0.8
收入最高	pos	0.8
收下	pos	0.8
收到了效果	pos	0.8
收受	pos	0.8
收效	pos	0.8
收过	pos	0.8
早日解决	pos	0.8
早日过关	pos	0.8
早日实现	pos	0.8
早速	pos	0.8
有一致性	pos	0.8
有人力	pos	0.8
有才气	pos	0.8
有才能	pos	0.8
有才智	pos	0.8
有才干的人	pos	0.8
有不少	pos	0.8
有分寸	pos	0.8
有反应	pos	0.8
有天资	pos	0.8
有天赋	pos	0.8
有心得	pos	0.8
有主权	pos	0.8
有以致之	pos	0.8
有充分时间	pos	0.8
有功	pos	0.8
有功绩	pos	0.8
有可为	pos	0.8
有必要	pos	0.8
有本钱	pos	0.8
有正面作用	pos	0.8
有正面意义	pos	0.8
有用	pos	0.8
有用筹码	pos	0.8
有光泽	pos	0.8
有先见之明	pos	0.8
有共识	pos	0.8
有同感	pos	0.8
有名	pos	0.8
有好处	pos	0.8
有如神助	pos	0.8
有成果	pos	0.8
有此机会	pos	0.8
有自信	pos	0.8
有何不可	pos	0.8
有判断力	pos	0.8
有利支撑	pos	0.8
有利弭平	pos	0.8
有利益	pos	0.8
有利条件	pos	0.8
有利润	pos	0.8
有助	pos	0.8
有助改善	pos	0.8
有助和平	pos	0.8
有助恢复	pos	0.8
有助益	pos	0.8
有助益的东西	pos	0.8
有助纾解	pos	0.8
有吸引力	pos	0.8
有含义	pos	0.8
有希望	pos	0.8
有志	pos	0.8
有志一同	pos	0.8
有志成为	pos	0.8
有把握	pos	0.8
有把握地	pos	0.8
有改善	pos	0.8
有更多	pos	0.8
有决心	pos	0.8
有足够	pos	0.8
有些道理	pos	0.8
有些关系	pos	0.8
有使命感	pos	0.8
有两下子	pos	0.8
有其	pos	0.8
有其必要	pos	0.8
有其意义	pos	0.8
有所了解	pos	0.8
有所助益	pos	0.8
有所改善	pos	0.8
有所改变	pos	0.8
有所贡献	pos	0.8
有所期待	pos	0.8
有所进展	pos	0.8
有所遵循	pos	0.8
有所帮助	pos	0.8
有所变动	pos	0.8
有所让步	pos	0.8
有知觉	pos	0.8
有表现	pos	0.8
有信心	pos	0.8
有保障	pos	0.8
有前途	pos	0.8
有劲	pos	0.8
有厚利可图	pos	0.8
有品格	pos	0.8
有威严	pos	0.8
有建设性	pos	0.8
有待	pos	0.8
有待澄清	pos	0.8
有待调查	pos	0.8
有思想	pos	0.8
有思想性	pos	0.8
有指望	pos	0.8
有相似之处	pos	0.8
有看头	pos	0.8
有突破	pos	0.8
有耐性	pos	0.8
有计画	pos	0.8
有重大兴趣	pos	0.8
有面子	pos	0.8
有效平顺	pos	0.8
有效因应	pos	0.8
有效利用	pos	0.8
有效防御	pos	0.8
有效使用	pos	0.8
有效协助	pos	0.8
有效性	pos	0.8
有效的利用	pos	0.8
有效强化	pos	0.8
有效率	pos	0.8
有效票	pos	0.8
有效发挥	pos	0.8
有效遏止	pos	0.8
有效实施	pos	0.8
有根据	pos	0.8
有气质	pos	0.8
有特色	pos	0.8
有益于健康	pos	0.8
有益健康	pos	0.8
有秩序	pos	0.8
有财产	pos	0.8
有高度兴趣	pos	0.8
有情有义	pos	0.8
有掖义	pos	0.8
有教育意义	pos	0.8
有望成为	pos	0.8
有条件	pos	0.8
有理	pos	0.8
有理由相信	pos	0.8
有眼福	pos	0.8
有规矩	pos	0.8
有规范	pos	0.8
有责任	pos	0.8
有责任心	pos	0.8
有备而来	pos	0.8
有创造力	pos	0.8
有创意	pos	0.8
有掌声	pos	0.8
有朝一日	pos	0.8
有结果	pos	0.8
有著	pos	0.8
有贵族气派	pos	0.8
有进取精神	pos	0.8
有雅量	pos	0.8
有韧性	pos	0.8
有势力	pos	0.8
有干劲	pos	0.8
有意支持	pos	0.8
有意于	pos	0.8
有意接下	pos	0.8
有意透过	pos	0.8
有意提升	pos	0.8
有意跟进	pos	0.8
有意愿	pos	0.8
有感而发	pos	0.8
有感觉	pos	0.8
有爱心	pos	0.8
有爱国心	pos	0.8
有新意	pos	0.8
有极大助益	pos	0.8
有节制	pos	0.8
有经验	pos	0.8
有义务	pos	0.8
有话直说	pos	0.8
有迹可循	pos	0.8
有道理	pos	0.8
有道德	pos	0.8
有实力	pos	0.8
有精神	pos	0.8
有说有笑	pos	0.8
有说服力	pos	0.8
有远见	pos	0.8
有需要	pos	0.8
有价值的人	pos	0.8
有弹性	pos	0.8
有弹性的调适	pos	0.8
有样学样	pos	0.8
有模有样	pos	0.8
有乐趣	pos	0.8
有热情	pos	0.8
有确实根据	pos	0.8
有余	pos	0.8
有魅力	pos	0.8
有担当	pos	0.8
有机会	pos	0.8
有机会取代	pos	0.8
有兴趣	pos	0.8
有赖于	pos	0.8
有办法	pos	0.8
有钱	pos	0.8
有偿债能力	pos	0.8
有帮手	pos	0.8
有帮助	pos	0.8
有帮助的人	pos	0.8
有点类似	pos	0.8
有礼貌的行为	pos	0.8
有窍门	pos	0.8
有关	pos	0.8
有关重大	pos	0.8
有魔力	pos	0.8
有权	pos	0.8
有权力	pos	0.8
有权利	pos	0.8
有权益	pos	0.8
有权能	pos	0.8
有权采取	pos	0.8
有鉴于	pos	0.8
有鉴于此	pos	0.8
有显著帮助	pos	0.8
此胜	pos	0.8
江山代有才人出	pos	0.8
百分之百支持	pos	0.8
百分满点	pos	0.8
百战沙场	pos	0.8
老成	pos	0.8
老而弥坚	pos	0.8
老想著	pos	0.8
老远赶来	pos	0.8
考察	pos	0.8
考虑跟进	pos	0.8
而在	pos	0.8
而会	pos	0.8
肉质更佳	pos	0.8
自力救济	pos	0.8
自主性	pos	0.8
自主意志	pos	0.8
自主解决	pos	0.8
自主选择	pos	0.8
自幼景仰	pos	0.8
自由	pos	0.8
自由化	pos	0.8
自由地	pos	0.8
自由自在	pos	0.8
自由行动	pos	0.8
自由流通	pos	0.8
自由发挥	pos	0.8
自由选择	pos	0.8
自白	pos	0.8
自立	pos	0.8
自立自强	pos	0.8
自在	pos	0.8
自成顶级	pos	0.8
自行实验	pos	0.8
自行选择	pos	0.8
自行拟定	pos	0.8
自助	pos	0.8
自我防卫	pos	0.8
自我选择	pos	0.8
自承	pos	0.8
自治	pos	0.8
自治研习	pos	0.8
自治规定	pos	0.8
自治监督	pos	0.8
自信心高潮	pos	0.8
自信地	pos	0.8
自信满满	pos	0.8
自保	pos	0.8
自勉	pos	0.8
自动	pos	0.8
自得	pos	0.8
自得于	pos	0.8
自救	pos	0.8
自理管辖	pos	0.8
自许	pos	0.8
自期	pos	0.8
自然	pos	0.8
自然可期	pos	0.8
自然会	pos	0.8
自然应是	pos	0.8
自爱	pos	0.8
自诩成功	pos	0.8
自卫	pos	0.8
自愿提供	pos	0.8
自愿担任	pos	0.8
至孝	pos	0.8
至表欢迎	pos	0.8
至为明显	pos	0.8
至盼	pos	0.8
至美	pos	0.8
至高	pos	0.8
至高荣耀	pos	0.8
至深至远	pos	0.8
至善	pos	0.8
至乐	pos	0.8
至关重大	pos	0.8
至关重要	pos	0.8
血浓于水	pos	0.8
行有余力	pos	0.8
行使	pos	0.8
行强	pos	0.8
行得端坐得正	pos	0.8
衣履光鲜	pos	0.8
串连	pos	0.8
位居领先	pos	0.8
位居关键	pos	0.8
何不可	pos	0.8
估算	pos	0.8
佐证	pos	0.8
伺机而动	pos	0.8
伸出	pos	0.8
伸出手救援	pos	0.8
伸出援手	pos	0.8
伸虎爪	pos	0.8
伸展	pos	0.8
伸援	pos	0.8
占了	pos	0.8
占上风	pos	0.8
占到优势	pos	0.8
似天使	pos	0.8
似乎有理	pos	0.8
似乎表示	pos	0.8
似曾相识	pos	0.8
但仍应有	pos	0.8
作出不少贡献	pos	0.8
作出决定	pos	0.8
作出赔偿	pos	0.8
作出选择	pos	0.8
作好	pos	0.8
作成	pos	0.8
作定夺	pos	0.8
作后盾	pos	0.8
作为奖品	pos	0.8
作美	pos	0.8
作准备	pos	0.8
作证	pos	0.8
你侬我侬	pos	0.8
布下	pos	0.8
克服经济困难	pos	0.8
克服难关	pos	0.8
免于受苦	pos	0.8
免遭	pos	0.8
冷战结束	pos	0.8
冷静地	pos	0.8
冷静决定	pos	0.8
别无二致	pos	0.8
判断力	pos	0.8
判读	pos	0.8
利大于弊	pos	0.8
利多	pos	0.8
利多于弊	pos	0.8
利于	pos	0.8
利益均沾	pos	0.8
利基	pos	0.8
利基市场	pos	0.8
利得	pos	0.8
利器	pos	0.8
助人	pos	0.8
助于	pos	0.8
助长了	pos	0.8
助队	pos	0.8
助势	pos	0.8
助选	pos	0.8
努力	pos	0.8
努力不懈	pos	0.8
努力完成	pos	0.8
努力争取	pos	0.8
努力研究	pos	0.8
努力寻求	pos	0.8
努力解决	pos	0.8
努力缓和	pos	0.8
努力谋求	pos	0.8
即日起	pos	0.8
即可参加	pos	0.8
即可获赠	pos	0.8
即有	pos	0.8
即为	pos	0.8
即将成立	pos	0.8
即将成为	pos	0.8
即将完成	pos	0.8
即将来临	pos	0.8
即将到来	pos	0.8
即将启动	pos	0.8
即将进行	pos	0.8
即将开打	pos	0.8
吞得下去	pos	0.8
呈报	pos	0.8
君子之争	pos	0.8
告一段落	pos	0.8
告诉	pos	0.8
告赢	pos	0.8
吻合	pos	0.8
吸引人	pos	0.8
吸引人的事物	pos	0.8
吸走	pos	0.8
吸纳	pos	0.8
含笑	pos	0.8
均匀	pos	0.8
均可	pos	0.8
均有	pos	0.8
均表示	pos	0.8
均能享受	pos	0.8
均采用	pos	0.8
均势	pos	0.8
均认为	pos	0.8
均需参加	pos	0.8
均衡发展	pos	0.8
均沾	pos	0.8
均应	pos	0.8
坐收	pos	0.8
坐镇	pos	0.8
坐稳	pos	0.8
坐稳首位	pos	0.8
壮大	pos	0.8
壮声势	pos	0.8
壮丽雄伟	pos	0.8
妙计	pos	0.8
妙极	pos	0.8
妥协	pos	0.8
妥善	pos	0.8
妥善因应	pos	0.8
妥善安排	pos	0.8
妥善完成	pos	0.8
妥善执行	pos	0.8
妥善处理	pos	0.8
妥善规画	pos	0.8
妥善规划	pos	0.8
妥适	pos	0.8
妥拟	pos	0.8
孝弟	pos	0.8
完全化解	pos	0.8
完全反映	pos	0.8
完全比照	pos	0.8
完全依法	pos	0.8
完全取代	pos	0.8
完全和平	pos	0.8
完全致力	pos	0.8
完全展现	pos	0.8
完全采纳	pos	0.8
完全符合	pos	0.8
完全满意	pos	0.8
完全整合	pos	0.8
完成了	pos	0.8
完成修正	pos	0.8
完投	pos	0.8
完投胜	pos	0.8
完封	pos	0.8
完封胜	pos	0.8
完美的结合	pos	0.8
完美结合	pos	0.8
完美演出	pos	0.8
完整规画	pos	0.8
宏规	pos	0.8
宏观	pos	0.8
宏观愿景	pos	0.8
局面底定	pos	0.8
希望大增	pos	0.8
希望协助	pos	0.8
希望争取	pos	0.8
希望能	pos	0.8
希望维持	pos	0.8
希望说服	pos	0.8
形同	pos	0.8
形同一体	pos	0.8
形成共识	pos	0.8
形成这个共识	pos	0.8
形影不离的朋友	pos	0.8
仿佛	pos	0.8
志哀	pos	0.8
志愿	pos	0.8
忍不住	pos	0.8
忍耐力	pos	0.8
快了许多	pos	0.8
快上	pos	0.8
快快活活	pos	0.8
快步追上	pos	0.8
快马加鞭	pos	0.8
快速合作	pos	0.8
快速成长	pos	0.8
快速改善	pos	0.8
快速起飞	pos	0.8
快速统一	pos	0.8
快速进行	pos	0.8
快速进展	pos	0.8
快速解决	pos	0.8
快速扩张	pos	0.8
快乐主义	pos	0.8
快乐主义者	pos	0.8
快乐地	pos	0.8
快乐论	pos	0.8
戒除	pos	0.8
戒慎	pos	0.8
戒护	pos	0.8
我的职责	pos	0.8
技巧	pos	0.8
技术上可行	pos	0.8
技术纯熟	pos	0.8
技惊四座	pos	0.8
技惊全场	pos	0.8
扶正	pos	0.8
扶助	pos	0.8
扶植	pos	0.8
扭转劣势	pos	0.8
扭转情势	pos	0.8
扭转颓势	pos	0.8
把火扑灭	pos	0.8
把握良机	pos	0.8
把握时机	pos	0.8
把握机会	pos	0.8
找出	pos	0.8
找出来	pos	0.8
找回公义	pos	0.8
找回球感	pos	0.8
找到	pos	0.8
找到乐趣	pos	0.8
批核	pos	0.8
扳平	pos	0.8
扳回	pos	0.8
扳回一城	pos	0.8
扳回颓势	pos	0.8
扳成	pos	0.8
抒情	pos	0.8
抒发	pos	0.8
抒解	pos	0.8
折服	pos	0.8
扮演	pos	0.8
投身	pos	0.8
投注	pos	0.8
投注极大努力	pos	0.8
投诚	pos	0.8
投资增加	pos	0.8
投满	pos	0.8
投怀送抱	pos	0.8
抓住机会	pos	0.8
改良	pos	0.8
改良式	pos	0.8
改革成功	pos	0.8
改革开放	pos	0.8
改善了	pos	0.8
改善援助	pos	0.8
改善体质	pos	0.8
改写	pos	0.8
改头换面	pos	0.8
改变	pos	0.8
改变了	pos	0.8
攻上	pos	0.8
攻占	pos	0.8
攻占榜首	pos	0.8
攻进	pos	0.8
攻势猛烈	pos	0.8
攻读	pos	0.8
攸关	pos	0.8
更了解	pos	0.8
更久	pos	0.8
更方便	pos	0.8
更加充分	pos	0.8
更加成熟	pos	0.8
更加努力	pos	0.8
更加吸引	pos	0.8
更加活络	pos	0.8
更加重视	pos	0.8
更加高涨	pos	0.8
更加敏感	pos	0.8
更加热络	pos	0.8
更加稳定	pos	0.8
更可	pos	0.8
更可取	pos	0.8
更可藉	pos	0.8
更可观	pos	0.8
更外向	pos	0.8
更民主	pos	0.8
更合理	pos	0.8
更多	pos	0.8
更多好手	pos	0.8
更多倍	pos	0.8
更多商机	pos	0.8
更好一点	pos	0.8
更好看	pos	0.8
更成熟	pos	0.8
更有	pos	0.8
更有力	pos	0.8
更有可能	pos	0.8
更有必要	pos	0.8
更有利	pos	0.8
更有吸引力	pos	0.8
更有信心	pos	0.8
更有效	pos	0.8
更有效率	pos	0.8
更有商机	pos	0.8
更有理由	pos	0.8
更有说服力	pos	0.8
更有弹性	pos	0.8
更有机会	pos	0.8
更有疗效	pos	0.8
更低成本	pos	0.8
更低廉	pos	0.8
更吸引力	pos	0.8
更快	pos	0.8
更快筹措	pos	0.8
更迅速	pos	0.8
更佳	pos	0.8
更具有效率	pos	0.8
更具效率	pos	0.8
更具国际观	pos	0.8
更具弹性	pos	0.8
更受瞩目	pos	0.8
更和平	pos	0.8
更旺	pos	0.8
更是如此	pos	0.8
更是特别	pos	0.8
更为光明	pos	0.8
更为有利	pos	0.8
更为直接	pos	0.8
更为重要	pos	0.8
更为强大	pos	0.8
更为增强	pos	0.8
更为广泛	pos	0.8
更为浓厚	pos	0.8
更为激烈	pos	0.8
更为简便	pos	0.8
更为简单	pos	0.8
更看重	pos	0.8
更美	pos	0.8
更要	pos	0.8
更重要	pos	0.8
更容易	pos	0.8
更容易选择	pos	0.8
更留意	pos	0.8
更能	pos	0.8
更高水准	pos	0.8
更高招	pos	0.8
更高层级	pos	0.8
更务实	pos	0.8
更坚强	pos	0.8
更坚实	pos	0.8
更密切	pos	0.8
更强盛	pos	0.8
更接近	pos	0.8
更清楚	pos	0.8
更深一层	pos	0.8
更喜欢	pos	0.8
更富弹性	pos	0.8
更棒	pos	0.8
更贵	pos	0.8
更傲人	pos	0.8
更感谢	pos	0.8
更想	pos	0.8
更爱	pos	0.8
更准	pos	0.8
更像	pos	0.8
更实	pos	0.8
更精进	pos	0.8
更紧密	pos	0.8
更需	pos	0.8
更增加	pos	0.8
更广大	pos	0.8
更广泛	pos	0.8
更广泛与深入	pos	0.8
更适当	pos	0.8
更激烈	pos	0.8
更积极	pos	0.8
更积极地	pos	0.8
更应	pos	0.8
更应该	pos	0.8
更懂得	pos	0.8
更趋一致性	pos	0.8
更趋稳定	pos	0.8
更趋严格	pos	0.8
更扩大	pos	0.8
更稳定	pos	0.8
更难得	pos	0.8
更严谨	pos	0.8
更耀眼	pos	0.8
更显笃定	pos	0.8
更灵活	pos	0.8
步入	pos	0.8
步入轨道	pos	0.8
步伐一致	pos	0.8
步步为营	pos	0.8
步调一致	pos	0.8
每战必胜	pos	0.8
求生	pos	0.8
求同存异	pos	0.8
求好	pos	0.8
求好心切	pos	0.8
求取	pos	0.8
求取进步	pos	0.8
求能	pos	0.8
求得	pos	0.8
求胜	pos	0.8
求胜意志	pos	0.8
求援	pos	0.8
求新	pos	0.8
求欢	pos	0.8
沈著	pos	0.8
沈著应变	pos	0.8
沈醉	pos	0.8
沈稳	pos	0.8
沈稳内敛	pos	0.8
决定向	pos	0.8
决定性	pos	0.8
决意	pos	0.8
决论	pos	0.8
决战	pos	0.8
决断	pos	0.8
决断力	pos	0.8
决议成立	pos	0.8
冲劲	pos	0.8
没人怀疑	pos	0.8
没有两样	pos	0.8
没有放弃	pos	0.8
没有问题	pos	0.8
没有异议	pos	0.8
没有错	pos	0.8
没问题	pos	0.8
没闲著	pos	0.8
没错	pos	0.8
汲汲于	pos	0.8
汲取教训	pos	0.8
牢靠	pos	0.8
狂胜	pos	0.8
狂爱	pos	0.8
狂热加油	pos	0.8
狂热赞扬	pos	0.8
良心	pos	0.8
良方	pos	0.8
良多	pos	0.8
良好合作	pos	0.8
良好形象	pos	0.8
良好训练	pos	0.8
良好教育	pos	0.8
良好开端	pos	0.8
良好机会	pos	0.8
良好关系	pos	0.8
良性互动	pos	0.8
良性发展	pos	0.8
良性沟通	pos	0.8
良性竞争	pos	0.8
良将	pos	0.8
良策	pos	0.8
良质米	pos	0.8
见仁见智	pos	0.8
见真章	pos	0.8
角逐	pos	0.8
言出必行	pos	0.8
言笑晏晏	pos	0.8
言归于好	pos	0.8
谷底回升	pos	0.8
走入	pos	0.8
走上正途	pos	0.8
走出低潮	pos	0.8
走出谷底	pos	0.8
走出阴影	pos	0.8
走向	pos	0.8
走向和平	pos	0.8
走向和解	pos	0.8
走向国际化	pos	0.8
走向统一	pos	0.8
走回竞争	pos	0.8
走好运	pos	0.8
走进	pos	0.8
走势强劲	pos	0.8
足以傲人	pos	0.8
足以影响	pos	0.8
足以应付	pos	0.8
足以显示	pos	0.8
足可	pos	0.8
足见	pos	0.8
足足拥有	pos	0.8
足够	pos	0.8
足够的信心	pos	0.8
足备	pos	0.8
足与	pos	0.8
足与美国匹敌	pos	0.8
身为	pos	0.8
身负重责	pos	0.8
身价大涨	pos	0.8
辛勤耕耘	pos	0.8
迅速	pos	0.8
迅速地	pos	0.8
迅速处置	pos	0.8
迅速补抓	pos	0.8
那么大	pos	0.8
防火障	pos	0.8
防线	pos	0.8
防护罩	pos	0.8
并不对峙	pos	0.8
并列第一	pos	0.8
并列领先	pos	0.8
并列双雄	pos	0.8
并没有错	pos	0.8
并居	pos	0.8
并肩作战	pos	0.8
并肩杀进	pos	0.8
并肩竞技	pos	0.8
并要	pos	0.8
并无不妥	pos	0.8
并无不便	pos	0.8
并无差异	pos	0.8
并无异常	pos	0.8
并驾齐驱	pos	0.8
并应	pos	0.8
并顾	pos	0.8
并驱	pos	0.8
事成	pos	0.8
事实上	pos	0.8
事实证明	pos	0.8
享用	pos	0.8
享受到	pos	0.8
依法行事	pos	0.8
依恃	pos	0.8
依约履行	pos	0.8
依理	pos	0.8
依现状	pos	0.8
依规定	pos	0.8
依循	pos	0.8
依然	pos	0.8
依然有效	pos	0.8
依然是	pos	0.8
依然犀利	pos	0.8
依照	pos	0.8
依据	pos	0.8
依归	pos	0.8
依旧是	pos	0.8
依旧犀利	pos	0.8
佳评如潮	pos	0.8
使人信服	pos	0.8
使人首肯	pos	0.8
使人敬畏	pos	0.8
使之生效	pos	0.8
使出	pos	0.8
使平坦	pos	0.8
使平静	pos	0.8
使平静下来	pos	0.8
使用	pos	0.8
使安静	pos	0.8
使免除	pos	0.8
使固定	pos	0.8
使相等	pos	0.8
使凉快	pos	0.8
使陶醉	pos	0.8
使唤	pos	0.8
使精细	pos	0.8
使缓和	pos	0.8
使醉心	pos	0.8
供娱乐用	pos	0.8
供援	pos	0.8
来日方长	pos	0.8
来的高	pos	0.8
来得殷切	pos	0.8
来得高	pos	0.8
来势汹汹	pos	0.8
并列	pos	0.8
并行	pos	0.8
并购整合	pos	0.8
两分打点	pos	0.8
两分打点安打	pos	0.8
两分全垒打	pos	0.8
两全	pos	0.8
两倍多	pos	0.8
两党的共识	pos	0.8
具水准	pos	0.8
具成效	pos	0.8
具有生殖力	pos	0.8
具吸引力	pos	0.8
具足	pos	0.8
具体	pos	0.8
具信心	pos	0.8
具建设性	pos	0.8
具指标意义	pos	0.8
具挑战性	pos	0.8
具弹性	pos	0.8
具影响力	pos	0.8
具竞争力	pos	0.8
具体化	pos	0.8
具体回应	pos	0.8
具体地说	pos	0.8
具体行动	pos	0.8
具体改革	pos	0.8
具体协议	pos	0.8
具体迹	pos	0.8
具体迹象	pos	0.8
其来有自	pos	0.8
其实	pos	0.8
刻意凸显	pos	0.8
刷新纪录	pos	0.8
刺激成长	pos	0.8
到处都是	pos	0.8
到处搜寻	pos	0.8
到访	pos	0.8
到场致祭	pos	0.8
到达	pos	0.8
到达高峰	pos	0.8
制止危机	pos	0.8
制定完善	pos	0.8
制度化	pos	0.8
制订	pos	0.8
协力	pos	0.8
协助	pos	0.8
协助促进	pos	0.8
协助善后	pos	0.8
协助维护	pos	0.8
协助应付	pos	0.8
协防	pos	0.8
协定	pos	0.8
协商同意	pos	0.8
协商而成	pos	0.8
协商通过	pos	0.8
协商解决	pos	0.8
协商议决	pos	0.8
协寻	pos	0.8
协议生效	pos	0.8
协议订出	pos	0.8
协议书	pos	0.8
卓越贡献	pos	0.8
取向	pos	0.8
取利	pos	0.8
取决	pos	0.8
取到	pos	0.8
取信于	pos	0.8
取消或放宽	pos	0.8
取得了	pos	0.8
取得交集	pos	0.8
取得全胜佳绩	pos	0.8
取得共识	pos	0.8
取得协调	pos	0.8
取得协议	pos	0.8
取得超前	pos	0.8
取得进展	pos	0.8
取得领先	pos	0.8
取道	pos	0.8
取乐	pos	0.8
受人瞩目	pos	0.8
受大众欢迎	pos	0.8
受用	pos	0.8
受利	pos	0.8
受到注意	pos	0.8
受到重视	pos	0.8
受到鼓舞	pos	0.8
受到激励	pos	0.8
受命	pos	0.8
受注目	pos	0.8
受信任	pos	0.8
受重视	pos	0.8
受益良多	pos	0.8
受理	pos	0.8
受惠于	pos	0.8
受惠最多	pos	0.8
受鼓舞	pos	0.8
受邀	pos	0.8
受钟爱	pos	0.8
受瞩目	pos	0.8
呵呵	pos	0.8
呼叫	pos	0.8
呼朋引伴	pos	0.8
呼风唤雨	pos	0.8
呼应	pos	0.8
呼应唱和	pos	0.8
呼声最高	pos	0.8
呼吁	pos	0.8
和平用途	pos	0.8
和平共存	pos	0.8
和平共处	pos	0.8
和平往来	pos	0.8
和平统一	pos	0.8
和平进程	pos	0.8
和平爱好者	pos	0.8
和平解决	pos	0.8
和平稳定	pos	0.8
和平关系	pos	0.8
和好	pos	0.8
和事佬	pos	0.8
和善气氛	pos	0.8
和乐	pos	0.8
周密	pos	0.8
命中	pos	0.8
命令调整	pos	0.8
固然	pos	0.8
固然很好	pos	0.8
固然应该	pos	0.8
坦直	pos	0.8
坦然	pos	0.8
坦诚	pos	0.8
坦诚地	pos	0.8
坦诚面对	pos	0.8
奉命	pos	0.8
奇妙	pos	0.8
奇佳	pos	0.8
奇异	pos	0.8
奇准	pos	0.8
奇葩	pos	0.8
奔走	pos	0.8
奔走声援	pos	0.8
奔相走告	pos	0.8
委派	pos	0.8
委请	pos	0.8
委办	pos	0.8
始可	pos	0.8
始得	pos	0.8
始终一贯	pos	0.8
始终不变	pos	0.8
定下	pos	0.8
定出	pos	0.8
定案	pos	0.8
定能统一	pos	0.8
定会	pos	0.8
定论	pos	0.8
定谳	pos	0.8
宜由	pos	0.8
宜早日因应	pos	0.8
宜考虑	pos	0.8
宜采	pos	0.8
宜避免	pos	0.8
尚方宝剑	pos	0.8
尚好	pos	0.8
尚有	pos	0.8
尚有可观	pos	0.8
尚能	pos	0.8
尚须	pos	0.8
尚属	pos	0.8
居上风	pos	0.8
居中协调	pos	0.8
居功	pos	0.8
居功厥伟	pos	0.8
居多	pos	0.8
居冠	pos	0.8
居首位	pos	0.8
幸好	pos	0.8
幸运	pos	0.8
幸运地	pos	0.8
幸福美满	pos	0.8
幸靠	pos	0.8
幸亏	pos	0.8
延伸	pos	0.8
延揽	pos	0.8
往上	pos	0.8
往上攀升	pos	0.8
往上飙	pos	0.8
往日荣光	pos	0.8
往前	pos	0.8
往前发展	pos	0.8
征服四海	pos	0.8
忠恕	pos	0.8
忠耿	pos	0.8
忠爱	pos	0.8
忠诚和卖命	pos	0.8
忠诚的行为	pos	0.8
忠实表达	pos	0.8
忠党爱国	pos	0.8
怏得多	pos	0.8
怏速	pos	0.8
怏速展开	pos	0.8
性能也大幅提升	pos	0.8
性能为佳	pos	0.8
性能优越	pos	0.8
所言属实	pos	0.8
所幸	pos	0.8
所知	pos	0.8
所能	pos	0.8
所得	pos	0.8
所需	pos	0.8
所乐于看到	pos	0.8
所遭	pos	0.8
所获	pos	0.8
承欢	pos	0.8
承袭	pos	0.8
承让	pos	0.8
拉一把	pos	0.8
拉力	pos	0.8
拉大	pos	0.8
拉他们一把	pos	0.8
拉抬	pos	0.8
拉开	pos	0.8
拉拢	pos	0.8
招手	pos	0.8
招待周到	pos	0.8
招降	pos	0.8
招牌微笑	pos	0.8
招认	pos	0.8
招揽	pos	0.8
拓建	pos	0.8
拓展版图	pos	0.8
拓销	pos	0.8
拔足紧跟	pos	0.8
拔得头筹	pos	0.8
拔擢	pos	0.8
拍手欢呼	pos	0.8
拍板决定	pos	0.8
拍板定出	pos	0.8
拍板定案	pos	0.8
拍板敲定	pos	0.8
抵达	pos	0.8
拼一下	pos	0.8
拼到	pos	0.8
拼命苦练	pos	0.8
拼得过	pos	0.8
拼战	pos	0.8
拼战激烈	pos	0.8
抱回	pos	0.8
抱有	pos	0.8
抱走冠军	pos	0.8
抱持	pos	0.8
抱持乐观	pos	0.8
抬头	pos	0.8
放下武器	pos	0.8
放大美化	pos	0.8
放手	pos	0.8
放手一搏	pos	0.8
放手去做	pos	0.8
放手推行	pos	0.8
放软	pos	0.8
放置	pos	0.8
放轻松	pos	0.8
放胆	pos	0.8
斧凿突围	pos	0.8
于法有据	pos	0.8
旺季	pos	0.8
易成为	pos	0.8
易于理解	pos	0.8
易得	pos	0.8
易控制	pos	0.8
易理解	pos	0.8
易造成	pos	0.8
易管理	pos	0.8
易与	pos	0.8
易办	pos	0.8
易懂	pos	0.8
易读	pos	0.8
明了	pos	0.8
明日之星	pos	0.8
明白	pos	0.8
明示	pos	0.8
明告	pos	0.8
明志	pos	0.8
明定	pos	0.8
明亮照耀	pos	0.8
明星球员	pos	0.8
明订	pos	0.8
明朗化	pos	0.8
明晰	pos	0.8
明智之举	pos	0.8
明智决定	pos	0.8
明智的行为	pos	0.8
明确保障	pos	0.8
明确指出	pos	0.8
明确规定	pos	0.8
明辨	pos	0.8
明显	pos	0.8
明显成长	pos	0.8
明显提升	pos	0.8
明显发现	pos	0.8
明显进展	pos	0.8
明显增加	pos	0.8
明显转强	pos	0.8
服气	pos	0.8
服务佳	pos	0.8
服务诚意	pos	0.8
服从	pos	0.8
果真如此	pos	0.8
果然	pos	0.8
果断力	pos	0.8
枇核	pos	0.8
林清江	pos	0.8
杼困	pos	0.8
欣然同意	pos	0.8
欣然地	pos	0.8
武力优势	pos	0.8
注入砍	pos	0.8
注入动力	pos	0.8
注定	pos	0.8
注重实际	pos	0.8
注意	pos	0.8
法定	pos	0.8
油然而生	pos	0.8
治本	pos	0.8
治好	pos	0.8
治病	pos	0.8
泯恩仇	pos	0.8
炒高	pos	0.8
炒得正热	pos	0.8
炒得很热	pos	0.8
炒热	pos	0.8
争回	pos	0.8
争取尽速	pos	0.8
争取双赢	pos	0.8
争长短	pos	0.8
争冠	pos	0.8
争相涌进	pos	0.8
争看	pos	0.8
争逐	pos	0.8
争胜	pos	0.8
争进	pos	0.8
争雄	pos	0.8
争睹	pos	0.8
争办	pos	0.8
争霸	pos	0.8
物廉价美	pos	0.8
状况良好	pos	0.8
状况很好	pos	0.8
状况最好	pos	0.8
玩乐	pos	0.8
的确	pos	0.8
的确地	pos	0.8
的确有	pos	0.8
的确有权	pos	0.8
的确是	pos	0.8
直到	pos	0.8
直奔	pos	0.8
直接助益	pos	0.8
直接指名	pos	0.8
直接参与	pos	0.8
直接接管	pos	0.8
直夸	pos	0.8
直截了当	pos	0.8
直线上升	pos	0.8
直冲	pos	0.8
知之甚详	pos	0.8
知足	pos	0.8
知耻	pos	0.8
知恩	pos	0.8
知会	pos	0.8
知罪	pos	0.8
知晓了	pos	0.8
知觉	pos	0.8
秉持	pos	0.8
空中主力	pos	0.8
空前成就	pos	0.8
空前纪录	pos	0.8
空前伟大	pos	0.8
空前盛大	pos	0.8
纠正	pos	0.8
肯定词	pos	0.8
肯定维持	pos	0.8
肯定语	pos	0.8
肯顺从	pos	0.8
花容	pos	0.8
虎姿流露	pos	0.8
虎威盖世	pos	0.8
虎威慑人	pos	0.8
虎啸低吼	pos	0.8
初步	pos	0.8
初步同意	pos	0.8
初步勘查	pos	0.8
初步认为	pos	0.8
初步确定	pos	0.8
初定	pos	0.8
表示	pos	0.8
表示支持	pos	0.8
表示肯定	pos	0.8
表示尊重	pos	0.8
表示谢意	pos	0.8
表示赞成	pos	0.8
表示关切	pos	0.8
表示欢迎	pos	0.8
表示赞许	pos	0.8
表决通过	pos	0.8
表现不错	pos	0.8
表现出色	pos	0.8
表现突出	pos	0.8
表现神勇	pos	0.8
表现得更好	pos	0.8
表现最好	pos	0.8
表现最佳	pos	0.8
表现越好	pos	0.8
表现精采	pos	0.8
表现优异	pos	0.8
表现稳定	pos	0.8
表现稳健	pos	0.8
表达决心	pos	0.8
表达善意	pos	0.8
表达歉意	pos	0.8
表达欢迎	pos	0.8
表态支持	pos	0.8
表谢意	pos	0.8
迎向	pos	0.8
迎宾	pos	0.8
返老还童	pos	0.8
近乎完美	pos	0.8
近在眼前	pos	0.8
近况大勇	pos	0.8
近况奇佳	pos	0.8
近况很好	pos	0.8
近况颇佳	pos	0.8
金手套	pos	0.8
金刚	pos	0.8
金援	pos	0.8
金牌得主	pos	0.8
长久独大	pos	0.8
长打威力	pos	0.8
长命	pos	0.8
长相厮守	pos	0.8
长红	pos	0.8
长期同盟	pos	0.8
长期安定	pos	0.8
长期看好	pos	0.8
长期展望	pos	0.8
长期追求	pos	0.8
长远利益	pos	0.8
青出于蓝胜于蓝	pos	0.8
青春活力	pos	0.8
非比寻常	pos	0.8
非他莫属	pos	0.8
非自责失分	pos	0.8
非虎莫属	pos	0.8
非常大方	pos	0.8
非常合适	pos	0.8
非常有用	pos	0.8
非常希望	pos	0.8
非常明确	pos	0.8
非常明显	pos	0.8
非常重要	pos	0.8
非常重视	pos	0.8
非常特别	pos	0.8
非常高	pos	0.8
非常高兴	pos	0.8
非常接近	pos	0.8
非常甜蜜	pos	0.8
非常进步	pos	0.8
非常顺利	pos	0.8
非常感谢	pos	0.8
非常详细	pos	0.8
非常诚恳	pos	0.8
非常荣幸	pos	0.8
非常需要	pos	0.8
非常兴奋	pos	0.8
非常简单	pos	0.8
非常关心	pos	0.8
非常骄傲	pos	0.8
矻矻	pos	0.8
亟力	pos	0.8
亟力开拓	pos	0.8
亟宜	pos	0.8
亟待厘清	pos	0.8
亟思	pos	0.8
亟欲	pos	0.8
亟须	pos	0.8
亟需	pos	0.8
亭亭	pos	0.8
亮相机会	pos	0.8
信心大增	pos	0.8
信心喊话	pos	0.8
信心极强	pos	0.8
信心满满	pos	0.8
信以为真	pos	0.8
信任	pos	0.8
信守承诺	pos	0.8
信最	pos	0.8
信赖性	pos	0.8
信赖感	pos	0.8
便可解决	pos	0.8
便利性	pos	0.8
保安	pos	0.8
保有自尊	pos	0.8
保住	pos	0.8
保佑	pos	0.8
保持低调	pos	0.8
保持很好	pos	0.8
保持连络	pos	0.8
保持领先	pos	0.8
保送	pos	0.8
保密	pos	0.8
保得	pos	0.8
保障支持	pos	0.8
保障福利	pos	0.8
保证	pos	0.8
保证好	pos	0.8
保证增加	pos	0.8
保证遵循	pos	0.8
保释	pos	0.8
促升	pos	0.8
促加速	pos	0.8
促成	pos	0.8
促成统一	pos	0.8
促其	pos	0.8
促其取得	pos	0.8
促建	pos	0.8
促统	pos	0.8
促进和解	pos	0.8
促进统一	pos	0.8
促请	pos	0.8
俊气	pos	0.8
冒出	pos	0.8
冒出头来	pos	0.8
冒险前进	pos	0.8
冠军中的冠军	pos	0.8
冠军丰采	pos	0.8
冠军在握	pos	0.8
冠盖云集	pos	0.8
前住	pos	0.8
前所未有	pos	0.8
前所未见	pos	0.8
前途	pos	0.8
前景可期	pos	0.8
前景看好	pos	0.8
前锋	pos	0.8
前瞻性	pos	0.8
前瞻部署	pos	0.8
克期	pos	0.8
则须	pos	0.8
勇于面对	pos	0.8
勇气可嘉	pos	0.8
勇敢地	pos	0.8
勇敢的行为	pos	0.8
勇敢的事迹	pos	0.8
勇敢杰出	pos	0.8
勇毅	pos	0.8
勇闯	pos	0.8
劲道	pos	0.8
劲道很强	pos	0.8
劲敌	pos	0.8
南征北讨	pos	0.8
厚植	pos	0.8
厚德	pos	0.8
咬牙撑住	pos	0.8
咬得紧	pos	0.8
咬紧牙根	pos	0.8
咸信	pos	0.8
咸料	pos	0.8
咸认	pos	0.8
品行	pos	0.8
品行端正	pos	0.8
品性端正	pos	0.8
品质高	pos	0.8
咧开了笑脸	pos	0.8
城乡公平	pos	0.8
威胁也小	pos	0.8
威胁降低	pos	0.8
威猛	pos	0.8
宣示	pos	0.8
宣告	pos	0.8
宣扬	pos	0.8
宣誓	pos	0.8
宣誓保护	pos	0.8
宣导	pos	0.8
客气	pos	0.8
客观	pos	0.8
客观了解	pos	0.8
客观性	pos	0.8
封王	pos	0.8
封后	pos	0.8
幽默感	pos	0.8
度过难关	pos	0.8
建立互信	pos	0.8
建立共识	pos	0.8
建全	pos	0.8
建言	pos	0.8
建定	pos	0.8
建构	pos	0.8
建请	pos	0.8
建筑	pos	0.8
建议书	pos	0.8
很了解	pos	0.8
很大	pos	0.8
很大发展空间	pos	0.8
很大帮助	pos	0.8
很大关系	pos	0.8
很少不	pos	0.8
很可以	pos	0.8
很可以理解	pos	0.8
很可能	pos	0.8
很正常	pos	0.8
很用心	pos	0.8
很光荣	pos	0.8
很多	pos	0.8
很多优秀	pos	0.8
很好	pos	0.8
很好地	pos	0.8
很好发展的契机	pos	0.8
很有分量	pos	0.8
很有可能	pos	0.8
很有信心	pos	0.8
很有看头	pos	0.8
很有创意	pos	0.8
很有机会	pos	0.8
很有兴趣	pos	0.8
很有帮助	pos	0.8
很自然地	pos	0.8
很努力	pos	0.8
很希望	pos	0.8
很快	pos	0.8
很快地	pos	0.8
很投入	pos	0.8
很受欢迎	pos	0.8
很幸运	pos	0.8
很旺	pos	0.8
很明智	pos	0.8
很欣赏	pos	0.8
很长	pos	0.8
很便宜	pos	0.8
很炫	pos	0.8
很负责任	pos	0.8
很重要	pos	0.8
很重视	pos	0.8
很容易	pos	0.8
很特别	pos	0.8
很高	pos	0.8
很高的评价	pos	0.8
很高兴	pos	0.8
很够	pos	0.8
很够用	pos	0.8
很强	pos	0.8
很清楚	pos	0.8
很爽	pos	0.8
很扎实	pos	0.8
很喜欢	pos	0.8
很愉快	pos	0.8
很棒	pos	0.8
很渴望	pos	0.8
很开心	pos	0.8
很顺畅	pos	0.8
很羡慕	pos	0.8
很想	pos	0.8
很爱	pos	0.8
很会	pos	0.8
很罩	pos	0.8
很过瘾	pos	0.8
很像	pos	0.8
很漂亮	pos	0.8
很满意	pos	0.8
很精准	pos	0.8
很酷	pos	0.8
很烫	pos	0.8
很笃定	pos	0.8
很简单	pos	0.8
很稳	pos	0.8
很骄傲	pos	0.8
待人如友	pos	0.8
待加强	pos	0.8
待完成	pos	0.8
待命	pos	0.8
后来居上优势	pos	0.8
后劲	pos	0.8
后劲十足	pos	0.8
后势看好	pos	0.8
思虑周延	pos	0.8
急升	pos	0.8
急待澄清	pos	0.8
急迫性	pos	0.8
急起直追	pos	0.8
急欲	pos	0.8
急欲了解	pos	0.8
急速发展	pos	0.8
急著处理	pos	0.8
急涨	pos	0.8
急剧升高	pos	0.8
急难救助	pos	0.8
恍然大悟	pos	0.8
恰可	pos	0.8
恰好	pos	0.8
恰当地	pos	0.8
恢复元气	pos	0.8
恢复准头	pos	0.8
恒久不变	pos	0.8
恃强	pos	0.8
恃强屈服	pos	0.8
恪守	pos	0.8
恪遵	pos	0.8
按此	pos	0.8
按规定	pos	0.8
按照	pos	0.8
持续加大	pos	0.8
持续加强	pos	0.8
持续成长	pos	0.8
持续强劲	pos	0.8
持续提升	pos	0.8
持续发热	pos	0.8
持续发烧	pos	0.8
持续发烫	pos	0.8
持续进行	pos	0.8
持续增加	pos	0.8
持续履行	pos	0.8
指日可待	pos	0.8
指定适用	pos	0.8
指明	pos	0.8
指派	pos	0.8
指挥	pos	0.8
指挥监督	pos	0.8
指标	pos	0.8
指标意义	pos	0.8
指导方针	pos	0.8
指证	pos	0.8
挑对	pos	0.8
挑灯夜战	pos	0.8
故意提醒	pos	0.8
施力	pos	0.8
施予	pos	0.8
施展	pos	0.8
施展抱负	pos	0.8
施展铁腕	pos	0.8
施恩	pos	0.8
施舍	pos	0.8
施舍慷慨	pos	0.8
既定	pos	0.8
春天	pos	0.8
是可行的方向	pos	0.8
是好	pos	0.8
是男子汉	pos	0.8
是明智之举	pos	0.8
是指	pos	0.8
是为了	pos	0.8
是造成	pos	0.8
柔性化	pos	0.8
柔雅	pos	0.8
架设	pos	0.8
架设妥当	pos	0.8
查明	pos	0.8
查核	pos	0.8
查证	pos	0.8
查证属实	pos	0.8
查验	pos	0.8
柳眉	pos	0.8
殆可断言	pos	0.8
殆无疑问	pos	0.8
洋洋洒洒	pos	0.8
洋溢著	pos	0.8
洋溢著幸福	pos	0.8
流动率高	pos	0.8
流通	pos	0.8
流露	pos	0.8
津贴	pos	0.8
洞烛机先	pos	0.8
洗刷	pos	0.8
活得很好	pos	0.8
活著	pos	0.8
活像	pos	0.8
活泼地	pos	0.8
派上用场	pos	0.8
派上场	pos	0.8
派出	pos	0.8
派往	pos	0.8
为了	pos	0.8
为之一振	pos	0.8
为之疯狂	pos	0.8
为民服务	pos	0.8
为民表率	pos	0.8
为多	pos	0.8
为此一战	pos	0.8
为快	pos	0.8
为求	pos	0.8
为佳	pos	0.8
为使	pos	0.8
为的是	pos	0.8
为时太早	pos	0.8
为能	pos	0.8
为高	pos	0.8
为善	pos	0.8
为傲	pos	0.8
为荣	pos	0.8
为怀	pos	0.8
狠角色	pos	0.8
珍重	pos	0.8
珍惜	pos	0.8
甚巨	pos	0.8
甚多	pos	0.8
甚有过之	pos	0.8
甚具	pos	0.8
甚为关切	pos	0.8
甚感高兴	pos	0.8
界定	pos	0.8
皆受惠	pos	0.8
皆捷	pos	0.8
皆胜	pos	0.8
皆蒙其利	pos	0.8
盈余	pos	0.8
省了	pos	0.8
省掉	pos	0.8
相互支援	pos	0.8
相互探视	pos	0.8
相互尊重	pos	0.8
相互辉映	pos	0.8
相去不远	pos	0.8
相似	pos	0.8
相助	pos	0.8
相挺	pos	0.8
相配合	pos	0.8
相当一致	pos	0.8
相当大	pos	0.8
相当大的贡献	pos	0.8
相当不错	pos	0.8
相当方便	pos	0.8
相当正面	pos	0.8
相当共识	pos	0.8
相当多	pos	0.8
相当好	pos	0.8
相当安定	pos	0.8
相当成功	pos	0.8
相当有利	pos	0.8
相当罕见	pos	0.8
相当肯定	pos	0.8
相当近	pos	0.8
相当看好	pos	0.8
相当重要	pos	0.8
相当高	pos	0.8
相当强劲	pos	0.8
相当清楚	pos	0.8
相当尊重	pos	0.8
相当进展	pos	0.8
相当顺利	pos	0.8
相当抢手	pos	0.8
相当确定	pos	0.8
相当激烈	pos	0.8
相当帮助	pos	0.8
相当丰富	pos	0.8
相当稳定	pos	0.8
相当关注	pos	0.8
相对强势	pos	0.8
相对提高	pos	0.8
相关服务	pos	0.8
相继	pos	0.8
看上眼	pos	0.8
看中	pos	0.8
看出	pos	0.8
看出端倪	pos	0.8
看似	pos	0.8
看为	pos	0.8
看重	pos	0.8
看个过瘾	pos	0.8
看得出	pos	0.8
看得出来	pos	0.8
看齐	pos	0.8
看头	pos	0.8
看顾	pos	0.8
盼其	pos	0.8
盼其成功	pos	0.8
盼到	pos	0.8
盼望	pos	0.8
盼夺	pos	0.8
研建	pos	0.8
研讨	pos	0.8
研商	pos	0.8
研发成功	pos	0.8
研议	pos	0.8
祈求	pos	0.8
祈祷	pos	0.8
祇要	pos	0.8
科技创新	pos	0.8
科学性	pos	0.8
穿针引线	pos	0.8
穿梭	pos	0.8
突出表现	pos	0.8
突破僵局	pos	0.8
红翻天	pos	0.8
纪念	pos	0.8
纪录保持	pos	0.8
约雇	pos	0.8
美化	pos	0.8
美事	pos	0.8
美的事物	pos	0.8
美的音乐	pos	0.8
美食在前	pos	0.8
美国英雄	pos	0.8
美善	pos	0.8
美感	pos	0.8
美梦	pos	0.8
美梦成真	pos	0.8
美貌	pos	0.8
美誉	pos	0.8
耐力好	pos	0.8
耐心等候	pos	0.8
耐看	pos	0.8
背书	pos	0.8
致力完成	pos	0.8
致力于维护	pos	0.8
致力发展	pos	0.8
致力巩固	pos	0.8
致力扩大	pos	0.8
致力辩解	pos	0.8
致有	pos	0.8
致胜	pos	0.8
致胜之道	pos	0.8
致胜安打	pos	0.8
致胜球	pos	0.8
致胜球多	pos	0.8
致胜关键	pos	0.8
致富	pos	0.8
致意	pos	0.8
苦口婆心	pos	0.8
苦修	pos	0.8
若成立	pos	0.8
若能	pos	0.8
英雄人物	pos	0.8
英雄之举	pos	0.8
英雄出少年	pos	0.8
英雄式	pos	0.8
茁壮成长	pos	0.8
茁长	pos	0.8
要大	pos	0.8
要大得多	pos	0.8
要件	pos	0.8
要有	pos	0.8
要求严格	pos	0.8
要角	pos	0.8
要取得	pos	0.8
要注意	pos	0.8
要争取	pos	0.8
要负责任	pos	0.8
要拿	pos	0.8
要符合	pos	0.8
要访问	pos	0.8
要紧	pos	0.8
要冲	pos	0.8
要赢	pos	0.8
计画	pos	0.8
计画发行	pos	0.8
计画会晤	pos	0.8
计划进军	pos	0.8
订出	pos	0.8
订在	pos	0.8
订有	pos	0.8
订定	pos	0.8
订购	pos	0.8
负全责	pos	0.8
负有	pos	0.8
负有义务	pos	0.8
负起	pos	0.8
负起更大责任	pos	0.8
负起责任	pos	0.8
负责任	pos	0.8
负责完成	pos	0.8
负责认真	pos	0.8
负责调查	pos	0.8
负责拟制	pos	0.8
负最终责任	pos	0.8
迫不急待	pos	0.8
迫切需求	pos	0.8
重大功绩	pos	0.8
重大成就	pos	0.8
重大胜利	pos	0.8
重大意义	pos	0.8
重大帮助	pos	0.8
重大变革	pos	0.8
重大让步	pos	0.8
重心	pos	0.8
重生	pos	0.8
重任在身	pos	0.8
重于	pos	0.8
重返荣耀	pos	0.8
重返赛场	pos	0.8
重建	pos	0.8
重要一环	pos	0.8
重要力量	pos	0.8
重要地位	pos	0.8
重要成果	pos	0.8
重要角色	pos	0.8
重要性	pos	0.8
重要的地位	pos	0.8
重要的角色	pos	0.8
重要的课题	pos	0.8
重要指标	pos	0.8
重要政策	pos	0.8
重要现场	pos	0.8
重要课题	pos	0.8
重要议题	pos	0.8
重重围观	pos	0.8
重振士气	pos	0.8
重振雄风	pos	0.8
重炮	pos	0.8
重起炉灶	pos	0.8
重掌	pos	0.8
重登	pos	0.8
重量级	pos	0.8
重开	pos	0.8
重开谈判	pos	0.8
重新	pos	0.8
重新出发	pos	0.8
重新计票	pos	0.8
重新展开	pos	0.8
重新站起	pos	0.8
重新规划	pos	0.8
重新开放	pos	0.8
重新运作	pos	0.8
重新调整	pos	0.8
重新检讨	pos	0.8
重义	pos	0.8
重划	pos	0.8
重聚	pos	0.8
重聚一堂	pos	0.8
重头戏	pos	0.8
重获	pos	0.8
重获自由	pos	0.8
重点工作	pos	0.8
降至最低	pos	0.8
降低劳动成本	pos	0.8
降低紧张	pos	0.8
面子十足	pos	0.8
面带微笑	pos	0.8
面临了	pos	0.8
韦成长	pos	0.8
风光上路	pos	0.8
风度绝佳	pos	0.8
风风光光	pos	0.8
风卷残云	pos	0.8
风华再现	pos	0.8
风云再现	pos	0.8
风尘仆仆	pos	0.8
风险较低	pos	0.8
风险转小	pos	0.8
飞毛腿	pos	0.8
飞抵	pos	0.8
飞黄腾达	pos	0.8
飞弹	pos	0.8
飞弹专家	pos	0.8
首先	pos	0.8
首先使用	pos	0.8
首见	pos	0.8
首度参加	pos	0.8
首要目标	pos	0.8
首要优先选择	pos	0.8
首倡	pos	0.8
首杰	pos	0.8
首胜	pos	0.8
首开先河	pos	0.8
首须注意	pos	0.8
首夺	pos	0.8
乘胜追击	pos	0.8
幸免	pos	0.8
值得一试	pos	0.8
值得正视	pos	0.8
值得投资	pos	0.8
值得肯定	pos	0.8
值得信赖	pos	0.8
值得纪念	pos	0.8
值得重视	pos	0.8
值得留意	pos	0.8
值得崇拜	pos	0.8
值得接受	pos	0.8
值得尊重	pos	0.8
值得尊敬	pos	0.8
值得期待	pos	0.8
值得称赞	pos	0.8
值得拥有	pos	0.8
值得向往	pos	0.8
值得关切	pos	0.8
值得关注	pos	0.8
值得观察	pos	0.8
值得赞美	pos	0.8
值得赞扬	pos	0.8
值勤	pos	0.8
借用	pos	0.8
借镜	pos	0.8
倚重	pos	0.8
倒是	pos	0.8
倡言	pos	0.8
个人魅力	pos	0.8
修订	pos	0.8
伦理	pos	0.8
兼而有之	pos	0.8
兼容并蓄	pos	0.8
凌厉	pos	0.8
凌驾	pos	0.8
准许	pos	0.8
剖析	pos	0.8
刚出炉	pos	0.8
刚猛	pos	0.8
原因无他	pos	0.8
原定	pos	0.8
原是	pos	0.8
原订	pos	0.8
原谅	pos	0.8
唆使	pos	0.8
套用	pos	0.8
容易	pos	0.8
容易亲近	pos	0.8
展示了	pos	0.8
展翅高飞	pos	0.8
展翅高翔	pos	0.8
展现了	pos	0.8
展现友善	pos	0.8
展现球后风范	pos	0.8
展现善意	pos	0.8
展现实力	pos	0.8
展露	pos	0.8
峰回路转	pos	0.8
席卷高坛	pos	0.8
师法	pos	0.8
恩惠	pos	0.8
恩宠	pos	0.8
悟出	pos	0.8
悔悟	pos	0.8
悦耳	pos	0.8
拿下冠军	pos	0.8
拿下胜利	pos	0.8
拿下胜投	pos	0.8
拿分寸	pos	0.8
拿出	pos	0.8
拿到冠军	pos	0.8
拿冠军	pos	0.8
挟著	pos	0.8
振振有辞	pos	0.8
振衰起敝	pos	0.8
振奋	pos	0.8
振兴经济	pos	0.8
振臂欢呼	pos	0.8
捉住商机	pos	0.8
挺住	pos	0.8
挺身	pos	0.8
挺身协助	pos	0.8
挺身声扰	pos	0.8
捐款	pos	0.8
捐给	pos	0.8
捐输	pos	0.8
挽回	pos	0.8
挽救	pos	0.8
效果更加显著	pos	0.8
效益较好	pos	0.8
效能	pos	0.8
料将	pos	0.8
料得到	pos	0.8
料想	pos	0.8
时人牙慧	pos	0.8
时间	pos	0.8
时势所趋	pos	0.8
时机	pos	0.8
时机成熟	pos	0.8
时机绝佳	pos	0.8
时机适宜	pos	0.8
晋入	pos	0.8
晋身	pos	0.8
晋身成为	pos	0.8
晋级决赛	pos	0.8
校订	pos	0.8
核心准则	pos	0.8
核定	pos	0.8
根本是	pos	0.8
根本原则	pos	0.8
根植	pos	0.8
格外珍惜	pos	0.8
格外重要	pos	0.8
格外神勇	pos	0.8
格外仅慎	pos	0.8
格外激列	pos	0.8
格外兴奋	pos	0.8
格所珍惜	pos	0.8
殉国	pos	0.8
殷切	pos	0.8
殷盼	pos	0.8
气定神闲	pos	0.8
气氛平和	pos	0.8
气氛良好	pos	0.8
气氛和谐	pos	0.8
气氛热烈	pos	0.8
气度从容	pos	0.8
气势正旺	pos	0.8
气势如虹	pos	0.8
气势很旺	pos	0.8
气势凌人	pos	0.8
气势惊人	pos	0.8
消遣	pos	0.8
浮现	pos	0.8
浴火凤凰	pos	0.8
浩然	pos	0.8
浩瀚	pos	0.8
特大	pos	0.8
特出	pos	0.8
特地	pos	0.8
特地前往	pos	0.8
特色	pos	0.8
特别好	pos	0.8
特别安排	pos	0.8
特别保护	pos	0.8
特别前往	pos	0.8
特别是	pos	0.8
特别突出	pos	0.8
特别重要	pos	0.8
特别强调	pos	0.8
特别推出	pos	0.8
特别感谢	pos	0.8
特别征询	pos	0.8
特别慰问	pos	0.8
特别适合复制	pos	0.8
特快车	pos	0.8
特佳	pos	0.8
特定	pos	0.8
特殊	pos	0.8
特强	pos	0.8
特质	pos	0.8
留下	pos	0.8
留下来	pos	0.8
留下许多	pos	0.8
留心	pos	0.8
留名	pos	0.8
留住	pos	0.8
留情	pos	0.8
留意	pos	0.8
留恋	pos	0.8
疾呼	pos	0.8
疼爱	pos	0.8
疼爱地	pos	0.8
益加显示	pos	0.8
益形	pos	0.8
益增	pos	0.8
益趋	pos	0.8
益显贴切	pos	0.8
真了得	pos	0.8
真切	pos	0.8
真心的感谢	pos	0.8
真正安心	pos	0.8
真正考验	pos	0.8
真正重要	pos	0.8
真正摆脱	pos	0.8
真好	pos	0.8
真希望	pos	0.8
真的是	pos	0.8
真是如此	pos	0.8
真能	pos	0.8
真进了	pos	0.8
真爱	pos	0.8
真诚执行	pos	0.8
砸下	pos	0.8
砸下巨资	pos	0.8
破天荒	pos	0.8
破冰之旅	pos	0.8
破纪录	pos	0.8
破镜重圆	pos	0.8
炮火又发威	pos	0.8
祟拜	pos	0.8
神功护体	pos	0.8
神色从容	pos	0.8
神似	pos	0.8
神志正常	pos	0.8
神志清明	pos	0.8
神技	pos	0.8
神来一推	pos	0.8
神勇出击	pos	0.8
神情愉悦	pos	0.8
神智健全	pos	0.8
神准	pos	0.8
神迹	pos	0.8
秩序	pos	0.8
站出来	pos	0.8
站在	pos	0.8
站在他这边	pos	0.8
笑口常开	pos	0.8
笑兮兮	pos	0.8
笑死啰	pos	0.8
笑勒	pos	0.8
笑著拥抱	pos	0.8
笑傲	pos	0.8
素有	pos	0.8
素有渊源	pos	0.8
索取	pos	0.8
索偿促进	pos	0.8
纯粹爱好	pos	0.8
脉络可循	pos	0.8
能充分理解	pos	0.8
能生产	pos	0.8
能吃苦耐劳	pos	0.8
能有	pos	0.8
能免除	pos	0.8
能求	pos	0.8
能言善道	pos	0.8
能使	pos	0.8
能供应	pos	0.8
能保住	pos	0.8
能为	pos	0.8
能做到	pos	0.8
能坚守	pos	0.8
能够依	pos	0.8
能够理解	pos	0.8
能得	pos	0.8
能从容转型	pos	0.8
能符合	pos	0.8
能超越	pos	0.8
能落实	pos	0.8
能跟进	pos	0.8
能夺标	pos	0.8
能实行	pos	0.8
能与	pos	0.8
能应付	pos	0.8
能懂	pos	0.8
能了解	pos	0.8
能体会	pos	0.8
能让	pos	0.8
虔信	pos	0.8
衷心地	pos	0.8
衷心祝福	pos	0.8
衷心期盼	pos	0.8
记取	pos	0.8
记忆犹新	pos	0.8
讨人喜欢	pos	0.8
讨人欢喜	pos	0.8
讨公道	pos	0.8
讨回公道	pos	0.8
讨喜	pos	0.8
讨论联手推出	pos	0.8
贡献良多	pos	0.8
起自	pos	0.8
起作用	pos	0.8
起身鼓掌	pos	0.8
起于	pos	0.8
起飞	pos	0.8
送上	pos	0.8
送出	pos	0.8
送去	pos	0.8
送交	pos	0.8
送至	pos	0.8
送到	pos	0.8
送往	pos	0.8
送达	pos	0.8
逆转攻势	pos	0.8
逆转秀	pos	0.8
逆转胜	pos	0.8
逆转称王	pos	0.8
迷人之处	pos	0.8
迷人的美	pos	0.8
迷恋	pos	0.8
追了上来	pos	0.8
追上	pos	0.8
追及	pos	0.8
追平分	pos	0.8
追成	pos	0.8
追求成功	pos	0.8
追求完美	pos	0.8
追求更好	pos	0.8
追求更高	pos	0.8
追求理想	pos	0.8
追究到底	pos	0.8
追到	pos	0.8
追根究底	pos	0.8
追讨	pos	0.8
追高	pos	0.8
配合修正	pos	0.8
酌予支应	pos	0.8
闪闪巨星	pos	0.8
闪逝著	pos	0.8
马上	pos	0.8
马上面临	pos	0.8
马上就想	pos	0.8
马上开始	pos	0.8
马首是瞻	pos	0.8
高水准	pos	0.8
高出甚多	pos	0.8
高出许多	pos	0.8
高成就	pos	0.8
高而富	pos	0.8
高呼	pos	0.8
高居	pos	0.8
高居榜首	pos	0.8
高于标准	pos	0.8
高枕无忧	pos	0.8
高的肯定	pos	0.8
高品质	pos	0.8
高度成长	pos	0.8
高度重视	pos	0.8
高度评价	pos	0.8
高度凝聚力	pos	0.8
高度兴趣	pos	0.8
高峰	pos	0.8
高高举起	pos	0.8
高唱	pos	0.8
高崇	pos	0.8
高得多	pos	0.8
高得惊人	pos	0.8
高挂	pos	0.8
高球明星	pos	0.8
高处	pos	0.8
高就	pos	0.8
高贵优雅	pos	0.8
高阶	pos	0.8
高达	pos	0.8
高踞	pos	0.8
高兴极了	pos	0.8
高举	pos	0.8
高点可期	pos	0.8
斗志	pos	0.8
斗志高昂	pos	0.8
斗性坚强	pos	0.8
凄婉	pos	0.8
挹注	pos	0.8
挹注入	pos	0.8
纾困计画	pos	0.8
纾解	pos	0.8
纾缓	pos	0.8
假以时日	pos	0.8
假使	pos	0.8
做出	pos	0.8
做出决议	pos	0.8
做好准备	pos	0.8
做到	pos	0.8
做到了	pos	0.8
做为研判	pos	0.8
做得到	pos	0.8
做准备	pos	0.8
做证	pos	0.8
伟大成就	pos	0.8
健康化	pos	0.8
偶然发生	pos	0.8
偶像	pos	0.8
侦办	pos	0.8
侧重	pos	0.8
偏好	pos	0.8
偏重	pos	0.8
偏爱	pos	0.8
偏属	pos	0.8
务必	pos	0.8
务使	pos	0.8
务期	pos	0.8
勘查	pos	0.8
动力相当明显	pos	0.8
动容	pos	0.8
动机	pos	0.8
参加踊跃	pos	0.8
参考	pos	0.8
参采	pos	0.8
参与构思	pos	0.8
参战	pos	0.8
参据	pos	0.8
参选	pos	0.8
参赛	pos	0.8
参观	pos	0.8
参观比较	pos	0.8
商业往来	pos	0.8
商路	pos	0.8
商请	pos	0.8
商机	pos	0.8
商机丰厚	pos	0.8
商机惊人	pos	0.8
问世	pos	0.8
唯一可靠	pos	0.8
唯我独赢	pos	0.8
唯实论	pos	0.8
售价仅	pos	0.8
国民党	pos	0.8
国际模范生	pos	0.8
坚守立场	pos	0.8
坚决要求	pos	0.8
坚定化	pos	0.8
坚定共识	pos	0.8
坚定地	pos	0.8
坚定承诺	pos	0.8
坚持完成	pos	0.8
坚持保留	pos	0.8
坚强信念	pos	0.8
坚硬	pos	0.8
坚硬无比	pos	0.8
坚绝	pos	0.8
坚称	pos	0.8
坚稳	pos	0.8
堆砌	pos	0.8
基于道义	pos	0.8
执掌	pos	0.8
执著	pos	0.8
培训	pos	0.8
够大	pos	0.8
够水准	pos	0.8
够味	pos	0.8
够风光	pos	0.8
够资格	pos	0.8
寄希望	pos	0.8
密切注意	pos	0.8
密切结合	pos	0.8
密切沟通	pos	0.8
密切关注	pos	0.8
专人护送	pos	0.8
专攻	pos	0.8
专美于前	pos	0.8
专责	pos	0.8
专业化	pos	0.8
专职负责	pos	0.8
将了解	pos	0.8
将分占	pos	0.8
将以	pos	0.8
将代表	pos	0.8
将出现	pos	0.8
将功赎罪	pos	0.8
将可	pos	0.8
将可以	pos	0.8
将可如期	pos	0.8
将可利用	pos	0.8
将可使用	pos	0.8
将可能	pos	0.8
将可参加	pos	0.8
将可获得	pos	0.8
将瓜分	pos	0.8
将由	pos	0.8
将交接	pos	0.8
将因此受惠	pos	0.8
将在	pos	0.8
将如期	pos	0.8
将成立	pos	0.8
将成为	pos	0.8
将有	pos	0.8
将有助益	pos	0.8
将有机会	pos	0.8
将自	pos	0.8
将呈	pos	0.8
将形成	pos	0.8
将改为	pos	0.8
将更激烈	pos	0.8
将走强	pos	0.8
将依法	pos	0.8
将使	pos	0.8
将到	pos	0.8
将和	pos	0.8
将往	pos	0.8
将于	pos	0.8
将近	pos	0.8
将促	pos	0.8
将宣示	pos	0.8
将建立	pos	0.8
将建议	pos	0.8
将是	pos	0.8
将派遣	pos	0.8
将为	pos	0.8
将要	pos	0.8
将纳入	pos	0.8
将讨论	pos	0.8
将配合	pos	0.8
将高达	pos	0.8
将做为	pos	0.8
将参加	pos	0.8
将带来	pos	0.8
将带领	pos	0.8
将接受	pos	0.8
将授予	pos	0.8
将采取	pos	0.8
将牵动	pos	0.8
将访问	pos	0.8
将设置	pos	0.8
将提供	pos	0.8
将发表	pos	0.8
将发动	pos	0.8
将会大增	pos	0.8
将会建议	pos	0.8
将会是	pos	0.8
将会认真研究	pos	0.8
将补足	pos	0.8
将跟著	pos	0.8
将对	pos	0.8
将尽力	pos	0.8
将尽快	pos	0.8
将管理	pos	0.8
将维持	pos	0.8
将与	pos	0.8
将领到	pos	0.8
将增加	pos	0.8
将调查	pos	0.8
将举行	pos	0.8
将邀请	pos	0.8
将厘清	pos	0.8
将继续	pos	0.8
将赢得	pos	0.8
崇高使命	pos	0.8
崇高理想	pos	0.8
崇扬	pos	0.8
崇扬正面	pos	0.8
崇隆	pos	0.8
常是	pos	0.8
常常	pos	0.8
常理	pos	0.8
带入	pos	0.8
带回	pos	0.8
带好	pos	0.8
带有灵感	pos	0.8
带些	pos	0.8
带来和平	pos	0.8
带来挑战	pos	0.8
带来福气	pos	0.8
带来欢乐	pos	0.8
带动了	pos	0.8
带给	pos	0.8
带进	pos	0.8
带领风骚	pos	0.8
强一些	pos	0.8
强人	pos	0.8
强力手段	pos	0.8
强力支持	pos	0.8
强力攻势	pos	0.8
强力建议	pos	0.8
强大信心	pos	0.8
强化了	pos	0.8
强心剂	pos	0.8
强加于	pos	0.8
强打火力	pos	0.8
强打如林	pos	0.8
强而有力	pos	0.8
强行带走	pos	0.8
强行带往	pos	0.8
强投	pos	0.8
强攻	pos	0.8
强制转换	pos	0.8
强于	pos	0.8
强悍	pos	0.8
强烈的支持	pos	0.8
强烈建议	pos	0.8
强烈要求	pos	0.8
强烈暗示	pos	0.8
强烈关切	pos	0.8
强棒	pos	0.8
强韧	pos	0.8
强势货币	pos	0.8
强势登场	pos	0.8
强过	pos	0.8
强过头	pos	0.8
强调了	pos	0.8
得大奖	pos	0.8
得分	pos	0.8
得手	pos	0.8
得以	pos	0.8
得以加入	pos	0.8
得以幸免	pos	0.8
得以发展	pos	0.8
得以团聚	pos	0.8
得以适用	pos	0.8
得先	pos	0.8
得自	pos	0.8
得利	pos	0.8
得依	pos	0.8
得来	pos	0.8
得到改善	pos	0.8
得到最大好处	pos	0.8
得到落实	pos	0.8
得知	pos	0.8
得为	pos	0.8
得要领	pos	0.8
得兼	pos	0.8
得接受	pos	0.8
得过	pos	0.8
得对	pos	0.8
得维持	pos	0.8
得奖	pos	0.8
得奖最多	pos	0.8
得偿	pos	0.8
从不讳言	pos	0.8
从中得利	pos	0.8
从中获利	pos	0.8
从天而降	pos	0.8
从未放弃	pos	0.8
从事改革	pos	0.8
从速修正	pos	0.8
从实	pos	0.8
从宽	pos	0.8
从宽认定	pos	0.8
从优	pos	0.8
从优抚恤	pos	0.8
悠哉	pos	0.8
悠游	pos	0.8
情投意合	pos	0.8
情况相符	pos	0.8
情深	pos	0.8
情理兼顾	pos	0.8
情愿	pos	0.8
探望	pos	0.8
探亲团聚	pos	0.8
接受殊荣	pos	0.8
接近完成	pos	0.8
接轨	pos	0.8
接通	pos	0.8
接掌	pos	0.8
接管	pos	0.8
接踵而来	pos	0.8
接济	pos	0.8
接获	pos	0.8
接触	pos	0.8
接触交流	pos	0.8
接续	pos	0.8
捷足先登	pos	0.8
捧回	pos	0.8
捧走	pos	0.8
捧来面前	pos	0.8
捧到	pos	0.8
捧过	pos	0.8
掩面而泣	pos	0.8
掩饰太平	pos	0.8
扫进	pos	0.8
扫黄	pos	0.8
挂帅	pos	0.8
挂牌上市	pos	0.8
推力	pos	0.8
推行	pos	0.8
推估	pos	0.8
推派	pos	0.8
推展	pos	0.8
推崇备至	pos	0.8
推测	pos	0.8
推敲	pos	0.8
推演	pos	0.8
推算	pos	0.8
推论	pos	0.8
推销	pos	0.8
抡元	pos	0.8
授与	pos	0.8
采行	pos	0.8
采信	pos	0.8
采纳	pos	0.8
采访邀约	pos	0.8
排名如此高的对手	pos	0.8
排名前茅	pos	0.8
排名首位	pos	0.8
排名第一	pos	0.8
排定	pos	0.8
排除万难	pos	0.8
排进	pos	0.8
排万难	pos	0.8
掀起	pos	0.8
掀起热潮	pos	0.8
救了	pos	0.8
救人为先	pos	0.8
救火	pos	0.8
救世主	pos	0.8
救出	pos	0.8
救平	pos	0.8
救回	pos	0.8
救回来	pos	0.8
救灾	pos	0.8
救到	pos	0.8
救起	pos	0.8
救国	pos	0.8
救援成功	pos	0.8
救济	pos	0.8
教养	pos	0.8
启示	pos	0.8
启动	pos	0.8
启发	pos	0.8
启发想像力	pos	0.8
启程	pos	0.8
启程卫冕	pos	0.8
敏捷地	pos	0.8
敏锐的感觉力	pos	0.8
旋即	pos	0.8
旋风	pos	0.8
望而兴叹	pos	0.8
欲求大炽	pos	0.8
欲达成	pos	0.8
欲与	pos	0.8
杀出重围	pos	0.8
杀进	pos	0.8
毫不含糊	pos	0.8
毫不紧张	pos	0.8
毫不讳言	pos	0.8
毫无止境	pos	0.8
毫无止境地	pos	0.8
毫无阻碍	pos	0.8
毫无意外	pos	0.8
毫无疑问	pos	0.8
毫无隐讳	pos	0.8
毫无怀疑	pos	0.8
凉爽	pos	0.8
凉爽的空气	pos	0.8
添一佳话	pos	0.8
添了	pos	0.8
添上一笔	pos	0.8
添加	pos	0.8
添殊荣	pos	0.8
添新	pos	0.8
添增助力	pos	0.8
浅显	pos	0.8
清白	pos	0.8
清白胜选	pos	0.8
清和	pos	0.8
清清楚楚	pos	0.8
清理	pos	0.8
清理门户	pos	0.8
清楚	pos	0.8
清楚地	pos	0.8
清楚易懂	pos	0.8
清醒	pos	0.8
清誉	pos	0.8
清欢	pos	0.8
淑女	pos	0.8
淘金	pos	0.8
淘金获利	pos	0.8
淘气	pos	0.8
深入了解	pos	0.8
深入讨论	pos	0.8
深切	pos	0.8
深切注意	pos	0.8
深化发展	pos	0.8
深沈	pos	0.8
深具	pos	0.8
深具信心	pos	0.8
深具影响力	pos	0.8
深受鼓舞	pos	0.8
深知	pos	0.8
深表同意	pos	0.8
深表乐观	pos	0.8
深信	pos	0.8
深思熟虑	pos	0.8
深重	pos	0.8
深深抓住	pos	0.8
深感欣慰	pos	0.8
深爱	pos	0.8
深远影响	pos	0.8
深广	pos	0.8
深虑	pos	0.8
深谙	pos	0.8
净素	pos	0.8
淬炼	pos	0.8
牵动	pos	0.8
猛打带动	pos	0.8
猛吹口哨	pos	0.8
猛追	pos	0.8
猛然飞出	pos	0.8
猛进	pos	0.8
率先响应	pos	0.8
率同	pos	0.8
率直地	pos	0.8
率队	pos	0.8
球王	pos	0.8
球功	pos	0.8
球运鸿通	pos	0.8
理所当然	pos	0.8
理想化	pos	0.8
理当	pos	0.8
理解	pos	0.8
理应	pos	0.8
现曙光	pos	0.8
甜姐儿	pos	0.8
甜甜蜜蜜	pos	0.8
产生交集	pos	0.8
产乳量更高	pos	0.8
产量多	pos	0.8
产业升级	pos	0.8
略好于	pos	0.8
略有起色	pos	0.8
略有进展	pos	0.8
略高	pos	0.8
略带城府	pos	0.8
略胜	pos	0.8
略诱	pos	0.8
略增	pos	0.8
毕生目标	pos	0.8
毕竟都是	pos	0.8
异口同声	pos	0.8
异军突起	pos	0.8
疏通	pos	0.8
疏导	pos	0.8
痊愈	pos	0.8
盛大欢迎	pos	0.8
盛年	pos	0.8
众人仰望	pos	0.8
众人瞩目	pos	0.8
众所期待	pos	0.8
众所周知	pos	0.8
众所熟知	pos	0.8
众所瞩目	pos	0.8
眼光放远	pos	0.8
票房保证	pos	0.8
票选产生	pos	0.8
移送	pos	0.8
移转	pos	0.8
第一人	pos	0.8
第一人选	pos	0.8
第一手消息	pos	0.8
第一份	pos	0.8
第一名	pos	0.8
第一好手	pos	0.8
第一把交椅	pos	0.8
第一步	pos	0.8
第一要务	pos	0.8
第一个	pos	0.8
第一时间	pos	0.8
第一高	pos	0.8
第一高手	pos	0.8
第一头	pos	0.8
第一优先	pos	0.8
符合要求	pos	0.8
符合资格	pos	0.8
统计	pos	0.8
统筹承办	pos	0.8
细致优雅	pos	0.8
组建	pos	0.8
累积	pos	0.8
累积了	pos	0.8
终生成就	pos	0.8
终身成就	pos	0.8
终使	pos	0.8
终于等到	pos	0.8
终致	pos	0.8
终能	pos	0.8
终得解放	pos	0.8
终归是	pos	0.8
脱困	pos	0.8
脱帽致敬	pos	0.8
莫不	pos	0.8
莫过于	pos	0.8
处理好	pos	0.8
处理得宜	pos	0.8
处理善后	pos	0.8
被同意	pos	0.8
被判定	pos	0.8
被判处	pos	0.8
被判赔	pos	0.8
被注视	pos	0.8
被看好	pos	0.8
被迫开放	pos	0.8
被强迫	pos	0.8
被喜爱	pos	0.8
被发现	pos	0.8
被视为	pos	0.8
被爱	pos	0.8
被称为	pos	0.8
被认同	pos	0.8
被认为	pos	0.8
被赋予	pos	0.8
被选为	pos	0.8
被誉为	pos	0.8
规矩	pos	0.8
规画	pos	0.8
规模最大	pos	0.8
规模较大	pos	0.8
规模扩大	pos	0.8
规避风险	pos	0.8
访问	pos	0.8
许多好手	pos	0.8
许多佳绩	pos	0.8
设立军	pos	0.8
设法	pos	0.8
设法改善	pos	0.8
设法取得	pos	0.8
设置	pos	0.8
责任心	pos	0.8
责任重大	pos	0.8
责任感	pos	0.8
贯穿	pos	0.8
贯彻	pos	0.8
贯彻执行	pos	0.8
货畅其流	pos	0.8
赦免	pos	0.8
这么多	pos	0.8
这么好	pos	0.8
这么快	pos	0.8
这样做非常合理	pos	0.8
通向	pos	0.8
通吃	pos	0.8
通行无阻	pos	0.8
通往	pos	0.8
通知	pos	0.8
通常	pos	0.8
逗得大乐	pos	0.8
连二接三	pos	0.8
连下	pos	0.8
连五庄	pos	0.8
连冠	pos	0.8
连拿	pos	0.8
连根拔起	pos	0.8
连带	pos	0.8
连得	pos	0.8
连庄	pos	0.8
连连胜利	pos	0.8
连结	pos	0.8
连抢	pos	0.8
连署	pos	0.8
连过三关	pos	0.8
连夺	pos	0.8
连摘	pos	0.8
连称殊荣	pos	0.8
连闯	pos	0.8
连闯四关	pos	0.8
连系	pos	0.8
连赢	pos	0.8
连赢四	pos	0.8
连续安打	pos	0.8
连续拿下	pos	0.8
连霸	pos	0.8
逐利	pos	0.8
逐步上扬	pos	0.8
逐步交出	pos	0.8
逐步走强	pos	0.8
逐步推展	pos	0.8
逐步推动	pos	0.8
逐步落实	pos	0.8
逐步实现	pos	0.8
逐步撤除	pos	0.8
逐步确立	pos	0.8
逐步趋坚	pos	0.8
逐步扩大	pos	0.8
逐步释出	pos	0.8
逐冠	pos	0.8
逐渐上扬	pos	0.8
逐渐升高	pos	0.8
逐渐出现	pos	0.8
逐渐回升	pos	0.8
逐渐好转	pos	0.8
逐渐成为	pos	0.8
逐渐走强	pos	0.8
逐渐拉平	pos	0.8
逐渐恢复	pos	0.8
逐渐消失	pos	0.8
逐渐强大	pos	0.8
逐渐习惯	pos	0.8
逐渐发展	pos	0.8
逐渐进行	pos	0.8
逐渐开始	pos	0.8
逐渐解冻	pos	0.8
逐渐增加	pos	0.8
逐渐调整	pos	0.8
逐渐适应	pos	0.8
逐渐显现	pos	0.8
造福社会	pos	0.8
透明化	pos	0.8
透明度更高	pos	0.8
透过	pos	0.8
都可	pos	0.8
都可以	pos	0.8
都可能	pos	0.8
都在	pos	0.8
都有	pos	0.8
都有可能	pos	0.8
都希望	pos	0.8
都是	pos	0.8
都能	pos	0.8
都记住	pos	0.8
都会	pos	0.8
都会有	pos	0.8
都满意	pos	0.8
都需要	pos	0.8
都应	pos	0.8
陪同	pos	0.8
陪著	pos	0.8
陪偿	pos	0.8
陈请	pos	0.8
陆续	pos	0.8
陆续出发	pos	0.8
陆续加入	pos	0.8
陆续接到	pos	0.8
陆续团圆	pos	0.8
陶醉	pos	0.8
雀屏中选	pos	0.8
顶尖高手	pos	0.8
顶峰	pos	0.8
顶点	pos	0.8
备妥	pos	0.8
备受	pos	0.8
备受外界期待	pos	0.8
备受肯定	pos	0.8
备受鼓舞	pos	0.8
备受关注	pos	0.8
备受瞩目	pos	0.8
杰出人物	pos	0.8
杰出地	pos	0.8
杰出表现	pos	0.8
最了解	pos	0.8
最上	pos	0.8
最大成就	pos	0.8
最大利益	pos	0.8
最大努力	pos	0.8
最大受益	pos	0.8
最大的诚意	pos	0.8
最大保障	pos	0.8
最大挑战	pos	0.8
最大规模	pos	0.8
最大胜幅	pos	0.8
最大诚意	pos	0.8
最大领先	pos	0.8
最大热门	pos	0.8
最大获胜	pos	0.8
最大关键	pos	0.8
最大赢家	pos	0.8
最少局数	pos	0.8
最方便	pos	0.8
最主要	pos	0.8
最令人难忘	pos	0.8
最可能	pos	0.8
最巨	pos	0.8
最先	pos	0.8
最先进	pos	0.8
最多	pos	0.8
最多安打	pos	0.8
最多次	pos	0.8
最多胜	pos	0.8
最好地	pos	0.8
最好的方法	pos	0.8
最好是	pos	0.8
最好结果	pos	0.8
最好照顾	pos	0.8
最好机会	pos	0.8
最年轻	pos	0.8
最成功	pos	0.8
最有	pos	0.8
最有可能	pos	0.8
最有利	pos	0.8
最有希望	pos	0.8
最有威望	pos	0.8
最有效	pos	0.8
最有效地	pos	0.8
最有效发挥	pos	0.8
最有气势	pos	0.8
最有杀气	pos	0.8
最有意义	pos	0.8
最有资格	pos	0.8
最有价值	pos	0.8
最有价值球员	pos	0.8
最有影响力	pos	0.8
最有权势	pos	0.8
最完美	pos	0.8
最希望	pos	0.8
最快速	pos	0.8
最佳示范	pos	0.8
最佳成绩	pos	0.8
最佳男主角	pos	0.8
最佳拍档	pos	0.8
最佳劲旅	pos	0.8
最佳指标	pos	0.8
最佳纪录	pos	0.8
最佳球员	pos	0.8
最佳场所	pos	0.8
最佳复出	pos	0.8
最佳新人	pos	0.8
最佳新人荣衔	pos	0.8
最佳新秀	pos	0.8
最佳机会	pos	0.8
最具主宰力	pos	0.8
最具出口竞争优势	pos	0.8
最具后望	pos	0.8
最具成效	pos	0.8
最具有	pos	0.8
最具传统	pos	0.8
最具影响力	pos	0.8
最具优势	pos	0.8
最具权威	pos	0.8
最具体	pos	0.8
最受注目	pos	0.8
最受众人瞩目	pos	0.8
最受期待	pos	0.8
最受欢迎	pos	0.8
最受瞩目	pos	0.8
最怏	pos	0.8
最长	pos	0.8
最便宜	pos	0.8
最看好	pos	0.8
最盼望	pos	0.8
最突出	pos	0.8
最红	pos	0.8
最美丽	pos	0.8
最负盛名	pos	0.8
最重大	pos	0.8
最重要	pos	0.8
最风光	pos	0.8
最首要	pos	0.8
最值得	pos	0.8
最容易	pos	0.8
最根本	pos	0.8
最特别	pos	0.8
最能适应	pos	0.8
最高明	pos	0.8
最高纪录	pos	0.8
最高峰	pos	0.8
最高得分纪录	pos	0.8
最高荣耀	pos	0.8
最高荣誉	pos	0.8
最高领导	pos	0.8
最高薪	pos	0.8
最高权力	pos	0.8
最伟大	pos	0.8
最强大	pos	0.8
最强势	pos	0.8
最强实质作用	pos	0.8
最接近	pos	0.8
最深	pos	0.8
最深刻	pos	0.8
最理想	pos	0.8
最符合	pos	0.8
最终梦想	pos	0.8
最被看好	pos	0.8
最顶峰	pos	0.8
最杰出	pos	0.8
最富	pos	0.8
最富影响力	pos	0.8
最惠国待遇	pos	0.8
最期盼	pos	0.8
最棒	pos	0.8
最短局数	pos	0.8
最贵	pos	0.8
最进步	pos	0.8
最雄厚	pos	0.8
最想	pos	0.8
最想成为	pos	0.8
最想看	pos	0.8
最爱	pos	0.8
最抢手货	pos	0.8
最抢眼	pos	0.8
最新公布	pos	0.8
最新完成	pos	0.8
最新发展	pos	0.8
最会赚钱	pos	0.8
最节省	pos	0.8
最该	pos	0.8
最实际	pos	0.8
最漂亮	pos	0.8
最精采	pos	0.8
最需要	pos	0.8
最厉害	pos	0.8
最宽	pos	0.8
最热门	pos	0.8
最热烈	pos	0.8
最适当地	pos	0.8
最靠近	pos	0.8
最优	pos	0.8
最优先	pos	0.8
最优先推动案	pos	0.8
最优先项目	pos	0.8
最优秀	pos	0.8
最优厚	pos	0.8
最优异	pos	0.8
最应	pos	0.8
最灿烂	pos	0.8
最钟爱	pos	0.8
最丰收	pos	0.8
最关心	pos	0.8
最关键	pos	0.8
最难忘	pos	0.8
最难得	pos	0.8
最严密	pos	0.8
最耀眼	pos	0.8
最显著	pos	0.8
创立	pos	0.8
创立者	pos	0.8
创作	pos	0.8
创佳绩	pos	0.8
创空前纪录	pos	0.8
创纪录	pos	0.8
创造出	pos	0.8
创造性	pos	0.8
创新高	pos	0.8
胜利在望	pos	0.8
胜利在握	pos	0.8
胜利作收	pos	0.8
胜利的号角	pos	0.8
胜投	pos	0.8
胜投在握	pos	0.8
胜券在握	pos	0.8
胜于	pos	0.8
胜差	pos	0.8
胜基	pos	0.8
胜率优势	pos	0.8
胜幅	pos	0.8
胜诉希望	pos	0.8
胜算	pos	0.8
胜算较大	pos	0.8
博取	pos	0.8
博得	pos	0.8
博得满堂采	pos	0.8
博爱	pos	0.8
博爱者	pos	0.8
喧腾一时	pos	0.8
喊出	pos	0.8
喊得响亮	pos	0.8
喝采	pos	0.8
喘一口气	pos	0.8
喜不自禁	pos	0.8
喜用	pos	0.8
喜酒	pos	0.8
喜感	pos	0.8
喜爱机会	pos	0.8
喜极而泣	pos	0.8
喜尝	pos	0.8
喜剧	pos	0.8
单季最多	pos	0.8
单纯	pos	0.8
单独领先	pos	0.8
唤回	pos	0.8
围观	pos	0.8
堪为	pos	0.8
报到支援	pos	0.8
报酬	pos	0.8
奠下基础	pos	0.8
奠定胜基	pos	0.8
奠基者	pos	0.8
富有魅力	pos	0.8
富于同情心	pos	0.8
富于机智	pos	0.8
富幽默感	pos	0.8
富挑战性	pos	0.8
富丽	pos	0.8
寓意	pos	0.8
尊长	pos	0.8
尊重人	pos	0.8
尊重现实	pos	0.8
尊敬人	pos	0.8
尊荣	pos	0.8
寻获	pos	0.8
就一定得	pos	0.8
就可	pos	0.8
就可以	pos	0.8
就可解决	pos	0.8
就有	pos	0.8
就有能力	pos	0.8
就能	pos	0.8
就能完成	pos	0.8
就够了	pos	0.8
就得	pos	0.8
就会	pos	0.8
就绪	pos	0.8
就范	pos	0.8
几乎可说是	pos	0.8
几乎是	pos	0.8
几乎相同	pos	0.8
几乎掌握	pos	0.8
几乎等于	pos	0.8
几乎等于是	pos	0.8
几无瑕疵	pos	0.8
复出	pos	0.8
复活	pos	0.8
复活之路	pos	0.8
复原	pos	0.8
复原迅速	pos	0.8
复燃	pos	0.8
循序渐进	pos	0.8
悲悯	pos	0.8
愉快地	pos	0.8
愉快地说	pos	0.8
愉快封王	pos	0.8
掌兵符	pos	0.8
掌政	pos	0.8
掌控	pos	0.8
掌理	pos	0.8
掌握	pos	0.8
掌握机先	pos	0.8
掌管	pos	0.8
掌权	pos	0.8
插上一脚	pos	0.8
提升效率	pos	0.8
提出此议	pos	0.8
提出建议	pos	0.8
提早	pos	0.8
提早因应	pos	0.8
提早规划	pos	0.8
提供协助	pos	0.8
提供建议	pos	0.8
提供援助	pos	0.8
提供适度救助	pos	0.8
提建	pos	0.8
提高了	pos	0.8
提高出口竞争力	pos	0.8
提高品质	pos	0.8
提携	pos	0.8
握手言和	pos	0.8
握手致意	pos	0.8
握有	pos	0.8
握有证据	pos	0.8
揖让而升下而饮	pos	0.8
揭发真相	pos	0.8
揭开	pos	0.8
援用	pos	0.8
援救	pos	0.8
揪出	pos	0.8
换成	pos	0.8
换取	pos	0.8
扬名立万	pos	0.8
扬威	pos	0.8
扬扬	pos	0.8
敞开	pos	0.8
敞开大门	pos	0.8
敦请	pos	0.8
敢用	pos	0.8
敢于承认	pos	0.8
敢说	pos	0.8
散播	pos	0.8
普受赞扬	pos	0.8
普遍化	pos	0.8
智力	pos	0.8
智者	pos	0.8
智慧之道	pos	0.8
期使	pos	0.8
期勉	pos	0.8
期盼	pos	0.8
期能	pos	0.8
期望	pos	0.8
期望更高	pos	0.8
期望说服	pos	0.8
期望获胜	pos	0.8
期许很高	pos	0.8
期许高	pos	0.8
朝向	pos	0.8
朝服	pos	0.8
朝著	pos	0.8
朝阳升起	pos	0.8
棒子发烫	pos	0.8
棒棒精采	pos	0.8
渡过难关	pos	0.8
涌入	pos	0.8
涌过	pos	0.8
减免	pos	0.8
减税	pos	0.8
渴求	pos	0.8
渴求和平	pos	0.8
渴盼	pos	0.8
渴望获得	pos	0.8
无一不是	pos	0.8
无人能及	pos	0.8
无人能挡	pos	0.8
无不	pos	0.8
无不以	pos	0.8
无日无之	pos	0.8
无可否认	pos	0.8
无可指责	pos	0.8
无可责难	pos	0.8
无污点	pos	0.8
无刺激性	pos	0.8
无法抗拒	pos	0.8
无法取代	pos	0.8
无阻	pos	0.8
无非	pos	0.8
无非是	pos	0.8
无畏无惧	pos	0.8
无重大疑问	pos	0.8
无限上纲	pos	0.8
无限制	pos	0.8
无限商机	pos	0.8
无害	pos	0.8
无害处	pos	0.8
无时无地不	pos	0.8
无缺	pos	0.8
无缺点	pos	0.8
无庸	pos	0.8
无庸置疑	pos	0.8
无庸置疑地	pos	0.8
无庸赘言	pos	0.8
无异	pos	0.8
无异状	pos	0.8
无异议	pos	0.8
无恶意	pos	0.8
无痛	pos	0.8
无痛苦	pos	0.8
无裂缝	pos	0.8
无伤	pos	0.8
无意外	pos	0.8
无罪	pos	0.8
无过	pos	0.8
无过失	pos	0.8
无疑	pos	0.8
无疑地	pos	0.8
无疑是	pos	0.8
无疑问	pos	0.8
无误地	pos	0.8
无障碍	pos	0.8
无虑	pos	0.8
无欲	pos	0.8
无冲突	pos	0.8
无碍	pos	0.8
无边无际	pos	0.8
无惧	pos	0.8
无惧于	pos	0.8
无惧无畏	pos	0.8
无脏污	pos	0.8
犹未为晚	pos	0.8
犹如超人	pos	0.8
画上等号	pos	0.8
痛快	pos	0.8
痛快地	pos	0.8
登门求教	pos	0.8
登峰	pos	0.8
发出虎啸	pos	0.8
发出难得的真心话	pos	0.8
发出警报	pos	0.8
发光	pos	0.8
发育	pos	0.8
发放	pos	0.8
发威	pos	0.8
发展成熟	pos	0.8
发展有利	pos	0.8
发展迅猛	pos	0.8
发展空间	pos	0.8
发展潜力	pos	0.8
发财致富	pos	0.8
发送	pos	0.8
发挥力量	pos	0.8
发挥老姜威力	pos	0.8
发挥助益	pos	0.8
发挥效果	pos	0.8
发挥应有的实力	pos	0.8
发挥竞争实力	pos	0.8
发奋图强	pos	0.8
发愿	pos	0.8
发觉	pos	0.8
盗垒成功	pos	0.8
稍好	pos	0.8
稍息	pos	0.8
稍高	pos	0.8
稍微扬升	pos	0.8
稍感宽慰	pos	0.8
稍获满足	pos	0.8
稀少	pos	0.8
稀有动物	pos	0.8
稀奇	pos	0.8
等同于	pos	0.8
等到	pos	0.8
等于宣布	pos	0.8
等于是	pos	0.8
等量齐观	pos	0.8
策划与推动	pos	0.8
答允	pos	0.8
答称	pos	0.8
答应	pos	0.8
答复	pos	0.8
答辩	pos	0.8
结盟	pos	0.8
结识	pos	0.8
绝大多数	pos	0.8
绝大部分	pos	0.8
绝不止此	pos	0.8
绝不偏私	pos	0.8
绝地大反攻	pos	0.8
绝地反扑	pos	0.8
绝技	pos	0.8
绝非偶然	pos	0.8
绝配	pos	0.8
绝无风险	pos	0.8
绝无虚假	pos	0.8
绝无错误	pos	0.8
绝对公平公正	pos	0.8
绝对公道	pos	0.8
绝对支持	pos	0.8
绝对可以	pos	0.8
绝对可以恢复	pos	0.8
绝对可靠	pos	0.8
绝对多数	pos	0.8
绝对有必要	pos	0.8
绝对有意	pos	0.8
绝对服膺	pos	0.8
绝对尊重	pos	0.8
绝对会	pos	0.8
绝对优势	pos	0.8
绝对应该	pos	0.8
绝响	pos	0.8
络绎不绝	pos	0.8
给予帮助	pos	0.8
给足	pos	0.8
善加利用	pos	0.8
善用	pos	0.8
善目	pos	0.8
善念	pos	0.8
善性	pos	0.8
善于经营	pos	0.8
善待	pos	0.8
善神	pos	0.8
善理	pos	0.8
善理家	pos	0.8
善进	pos	0.8
善意	pos	0.8
善意回应	pos	0.8
善业	pos	0.8
善尽	pos	0.8
善尽言责	pos	0.8
善尽责任	pos	0.8
善尽职责	pos	0.8
善说服	pos	0.8
善辩	pos	0.8
舒服	pos	0.8
舒解	pos	0.8
舒畅	pos	0.8
菁英	pos	0.8
著力	pos	0.8
著手	pos	0.8
著手改善	pos	0.8
著重	pos	0.8
著迷	pos	0.8
著眼	pos	0.8
著意	pos	0.8
著想	pos	0.8
著墨	pos	0.8
著墨颇多	pos	0.8
萌生	pos	0.8
虚拟	pos	0.8
裁决	pos	0.8
裁编	pos	0.8
视此为	pos	0.8
视其为	pos	0.8
视为	pos	0.8
视察	pos	0.8
视需要	pos	0.8
评选为	pos	0.8
证明	pos	0.8
诉求	pos	0.8
诉愿	pos	0.8
象征著	pos	0.8
贴近	pos	0.8
贴补	pos	0.8
贵气	pos	0.8
贵族	pos	0.8
贵宾席	pos	0.8
越大	pos	0.8
越大越好	pos	0.8
越好	pos	0.8
越有利	pos	0.8
越见进步	pos	0.8
越来越大	pos	0.8
越来越多	pos	0.8
越来越依赖	pos	0.8
越来越重要	pos	0.8
越来越高	pos	0.8
越来越紧密	pos	0.8
越是重要	pos	0.8
越高	pos	0.8
越过	pos	0.8
越办越好	pos	0.8
越变越好	pos	0.8
超人气	pos	0.8
超人气魅力	pos	0.8
超凡成就	pos	0.8
超凡技术	pos	0.8
超升	pos	0.8
超水准	pos	0.8
超出甚多	pos	0.8
超好	pos	0.8
超自然神技	pos	0.8
超完美	pos	0.8
超旺	pos	0.8
超前领先	pos	0.8
超级大赢家	pos	0.8
超级巨星	pos	0.8
超级明星	pos	0.8
超级球星	pos	0.8
超级新人	pos	0.8
超级战将	pos	0.8
超高分	pos	0.8
超强	pos	0.8
超猛	pos	0.8
超棒	pos	0.8
超然	pos	0.8
超越巅峰	pos	0.8
超辣	pos	0.8
超酷	pos	0.8
趁早	pos	0.8
趁著	pos	0.8
进而	pos	0.8
进而合作	pos	0.8
进而促进	pos	0.8
进而谋求	pos	0.8
进行协商	pos	0.8
进行研究	pos	0.8
进行研商	pos	0.8
进行顺利	pos	0.8
进行沟通	pos	0.8
进行补偿	pos	0.8
进行对话	pos	0.8
进行确认	pos	0.8
进行了解	pos	0.8
进行辩护	pos	0.8
进决赛	pos	0.8
进取心	pos	0.8
进阶	pos	0.8
进补	pos	0.8
进驻指挥	pos	0.8
量身打造	pos	0.8
量身订制	pos	0.8
开心地	pos	0.8
开市	pos	0.8
开打在即	pos	0.8
开立	pos	0.8
开成	pos	0.8
开始交易	pos	0.8
开始成形	pos	0.8
开始刮起	pos	0.8
开始和解	pos	0.8
开始参与	pos	0.8
开始启用	pos	0.8
开始统合	pos	0.8
开始规划	pos	0.8
开始复苏	pos	0.8
开始揣测	pos	0.8
开始登基	pos	0.8
开始进行	pos	0.8
开始运作	pos	0.8
开始鼓励	pos	0.8
开始实施	pos	0.8
开放自由	pos	0.8
开胡	pos	0.8
开张大吉	pos	0.8
开路	pos	0.8
开端	pos	0.8
开盘	pos	0.8
开导	pos	0.8
开办	pos	0.8
开释	pos	0.8
开锣	pos	0.8
间歇	pos	0.8
阳光普照	pos	0.8
阳春全垒打	pos	0.8
阳春炮	pos	0.8
阳春弹	pos	0.8
雄辩	pos	0.8
集中心力	pos	0.8
集中注意	pos	0.8
集中精神	pos	0.8
集资	pos	0.8
顺手	pos	0.8
顺利上路	pos	0.8
顺利如愿	pos	0.8
顺利成功	pos	0.8
顺利完成	pos	0.8
顺利投入	pos	0.8
顺利取得	pos	0.8
顺利施行	pos	0.8
顺利展开	pos	0.8
顺利拿下	pos	0.8
顺利起步	pos	0.8
顺利起跑	pos	0.8
顺利执行	pos	0.8
顺利推行	pos	0.8
顺利推动	pos	0.8
顺利通过	pos	0.8
顺利登场	pos	0.8
顺利发行	pos	0.8
顺利进行	pos	0.8
顺利进展	pos	0.8
顺利会议	pos	0.8
顺利运作	pos	0.8
顺利过关	pos	0.8
顺利夺标	pos	0.8
顺利监督	pos	0.8
顺利确定	pos	0.8
顺利获胜	pos	0.8
顺利举行	pos	0.8
顺利闯关	pos	0.8
顺利赢得	pos	0.8
顺风车	pos	0.8
顺差	pos	0.8
顺应	pos	0.8
顺应大趋势	pos	0.8
须以	pos	0.8
须加强	pos	0.8
须由	pos	0.8
须在	pos	0.8
须完成	pos	0.8
须依	pos	0.8
须知	pos	0.8
须要	pos	0.8
须配合	pos	0.8
须将	pos	0.8
须视	pos	0.8
须调整	pos	0.8
黄金时段	pos	0.8
黄金阵容	pos	0.8
黑马	pos	0.8
羡煞	pos	0.8
乱中有序	pos	0.8
傲人	pos	0.8
傲人佳绩	pos	0.8
傲居	pos	0.8
傲视国联	pos	0.8
傲视新秀	pos	0.8
傲视群雄	pos	0.8
传来	pos	0.8
传奇人物	pos	0.8
传奇性	pos	0.8
传捷报	pos	0.8
传授	pos	0.8
传唤	pos	0.8
传达善意	pos	0.8
仅在	pos	0.8
仅具	pos	0.8
仅是	pos	0.8
仅能	pos	0.8
仅慎	pos	0.8
倾力	pos	0.8
倾向认为	pos	0.8
催收	pos	0.8
伤愈	pos	0.8
勤于	pos	0.8
勤于练习	pos	0.8
勤学	pos	0.8
势必大增	pos	0.8
势必更旺	pos	0.8
势必坚持	pos	0.8
势必会	pos	0.8
势在必行	pos	0.8
势在必得	pos	0.8
势均力敌	pos	0.8
势所必然	pos	0.8
势所必须	pos	0.8
势所难免	pos	0.8
势气如虹	pos	0.8
势将	pos	0.8
汇率稳定	pos	0.8
嗜好	pos	0.8
圆满成功	pos	0.8
圆漪场	pos	0.8
奥援	pos	0.8
微妙	pos	0.8
微微	pos	0.8
意外轻松地	pos	0.8
意在	pos	0.8
意即	pos	0.8
意志坚定	pos	0.8
意志集中	pos	0.8
意味深长	pos	0.8
意味著	pos	0.8
意指	pos	0.8
意料中	pos	0.8
意料中事	pos	0.8
意欲主宰	pos	0.8
意义非凡	pos	0.8
意义重大	pos	0.8
意谓	pos	0.8
意谓著	pos	0.8
意识到	pos	0.8
慈悲心	pos	0.8
感化	pos	0.8
感到心安	pos	0.8
感到安慰	pos	0.8
感到放心	pos	0.8
感到满足	pos	0.8
感到满意	pos	0.8
感到庆幸	pos	0.8
感性	pos	0.8
感恩	pos	0.8
感动	pos	0.8
感动万分	pos	0.8
感慨万千	pos	0.8
感觉	pos	0.8
感觉真好	pos	0.8
想出办法	pos	0.8
想必	pos	0.8
想见	pos	0.8
想知道	pos	0.8
想看	pos	0.8
想要	pos	0.8
想要看	pos	0.8
想要得到	pos	0.8
想要赢	pos	0.8
想拿下	pos	0.8
想拿到	pos	0.8
想问	pos	0.8
想从	pos	0.8
想符合	pos	0.8
想开一点	pos	0.8
想当	pos	0.8
想当第一	pos	0.8
想过	pos	0.8
想像	pos	0.8
想像力	pos	0.8
想尽办法	pos	0.8
想尽早	pos	0.8
想谋求	pos	0.8
想办法	pos	0.8
想帮助	pos	0.8
想获胜	pos	0.8
想赢得	pos	0.8
爱人如己	pos	0.8
爱上	pos	0.8
爱打趣	pos	0.8
爱好	pos	0.8
爱好和平	pos	0.8
爱和关心	pos	0.8
爱妾	pos	0.8
爱国心	pos	0.8
爱透了	pos	0.8
爱说话	pos	0.8
爱怜	pos	0.8
爱抚	pos	0.8
愈打愈旺	pos	0.8
愈有帮助	pos	0.8
愈快愈好	pos	0.8
愈见增长	pos	0.8
愈来愈多	pos	0.8
愈来愈有	pos	0.8
愈来愈近	pos	0.8
愈来愈长	pos	0.8
愈来愈高	pos	0.8
愈来愈接近	pos	0.8
愈来愈盛	pos	0.8
愈来愈关心	pos	0.8
愈益增加	pos	0.8
愈发	pos	0.8
愈战愈勇	pos	0.8
愈显激烈	pos	0.8
慎重行事	pos	0.8
慎重起见	pos	0.8
慎重应处	pos	0.8
慎审	pos	0.8
慎虑	pos	0.8
慎选	pos	0.8
搭起	pos	0.8
搬出	pos	0.8
搜集	pos	0.8
抢下	pos	0.8
抢手货	pos	0.8
抢在	pos	0.8
抢到	pos	0.8
抢得	pos	0.8
抢得先机	pos	0.8
抢得第一	pos	0.8
抢得领先	pos	0.8
抢救	pos	0.8
抢胜	pos	0.8
抢搭	pos	0.8
抢尽	pos	0.8
抢尽了锋头	pos	0.8
抢尽风采	pos	0.8
抢尽锋头	pos	0.8
抢购一空	pos	0.8
抢购浪潮	pos	0.8
敬畏	pos	0.8
敬畏有加	pos	0.8
敬祝	pos	0.8
敬爱	pos	0.8
敬礼	pos	0.8
新水平	pos	0.8
新世纪	pos	0.8
新出炉	pos	0.8
新成立	pos	0.8
新而多元	pos	0.8
新希望	pos	0.8
新奇	pos	0.8
新的纪元	pos	0.8
新的选择	pos	0.8
新思维	pos	0.8
新纪元	pos	0.8
新纪元来临	pos	0.8
新重心	pos	0.8
新重点	pos	0.8
新面貌	pos	0.8
新页	pos	0.8
新秩序	pos	0.8
新商机	pos	0.8
新统合	pos	0.8
新创	pos	0.8
新尝试	pos	0.8
新缔定	pos	0.8
新诞生	pos	0.8
新选择	pos	0.8
新鲜	pos	0.8
新鲜事	pos	0.8
新宠	pos	0.8
暗助	pos	0.8
暗暗称许	pos	0.8
暖呼呼	pos	0.8
暖和	pos	0.8
暖烘烘	pos	0.8
暖意	pos	0.8
会心一笑	pos	0.8
会以	pos	0.8
会同	pos	0.8
会在	pos	0.8
会有	pos	0.8
会更好	pos	0.8
会见	pos	0.8
会使	pos	0.8
会服从	pos	0.8
会挑战	pos	0.8
会是	pos	0.8
会重视	pos	0.8
会勘	pos	0.8
会参加	pos	0.8
会坚持	pos	0.8
会将	pos	0.8
会谈	pos	0.8
会亲	pos	0.8
会赢	pos	0.8
会顾及	pos	0.8
会让	pos	0.8
业绩最好	pos	0.8
极力	pos	0.8
极力主张	pos	0.8
极力争取	pos	0.8
极力解决	pos	0.8
极力夸奖	pos	0.8
极可能	pos	0.8
极正常	pos	0.8
极好的人	pos	0.8
极有	pos	0.8
极有可能	pos	0.8
极有潜力	pos	0.8
极有机会	pos	0.8
极佳	pos	0.8
极佳耐性	pos	0.8
极具雄心	pos	0.8
极其显著	pos	0.8
极易	pos	0.8
极度高兴	pos	0.8
极为	pos	0.8
极为明显	pos	0.8
极为勇敢	pos	0.8
极为高昂	pos	0.8
极为密切	pos	0.8
极为感动	pos	0.8
极为慎重	pos	0.8
极为熟悉	pos	0.8
极为庞大	pos	0.8
极为稳健	pos	0.8
极为关切	pos	0.8
极重要	pos	0.8
极高	pos	0.8
极强	pos	0.8
极欲	pos	0.8
极富弹性	pos	0.8
极贵重	pos	0.8
极感兴趣	pos	0.8
极需要	pos	0.8
极乐	pos	0.8
极愿	pos	0.8
源源不断	pos	0.8
沟通协调	pos	0.8
温文	pos	0.8
温柔亲切	pos	0.8
温慰	pos	0.8
温蔼	pos	0.8
准备以	pos	0.8
准备充分	pos	0.8
准备好	pos	0.8
准备迎接	pos	0.8
准备参加	pos	0.8
准备开始	pos	0.8
准备达成交易	pos	0.8
烟消云散	pos	0.8
照例	pos	0.8
照常	pos	0.8
照常流通	pos	0.8
照理	pos	0.8
照理说	pos	0.8
照护	pos	0.8
照顾	pos	0.8
当上	pos	0.8
当心	pos	0.8
当世第一	pos	0.8
当以	pos	0.8
当成	pos	0.8
当成英雄	pos	0.8
当作	pos	0.8
当你落后	pos	0.8
当言	pos	0.8
当省则省	pos	0.8
当红	pos	0.8
当红炸子鸡	pos	0.8
当面沟通	pos	0.8
当家	pos	0.8
当做	pos	0.8
当务之急	pos	0.8
当推	pos	0.8
当然	pos	0.8
当然好	pos	0.8
当然更美	pos	0.8
当然是	pos	0.8
当然会	pos	0.8
当然会好	pos	0.8
当然欢迎	pos	0.8
当选	pos	0.8
痴心	pos	0.8
痴狂	pos	0.8
痴情	pos	0.8
痴痴	pos	0.8
盟主	pos	0.8
督促	pos	0.8
督导	pos	0.8
碰上	pos	0.8
万人迷	pos	0.8
万全	pos	0.8
万臣朝服	pos	0.8
万事具备	pos	0.8
万事顺遂	pos	0.8
万能	pos	0.8
万灵仙丹	pos	0.8
稚龄	pos	0.8
节制	pos	0.8
节奏	pos	0.8
节约能源	pos	0.8
节庆	pos	0.8
经典作	pos	0.8
经常想	pos	0.8
经得起检验	pos	0.8
经过	pos	0.8
经过评估	pos	0.8
经过学习	pos	0.8
经调查	pos	0.8
经济成长	pos	0.8
经济复苏	pos	0.8
经济荣面	pos	0.8
经济繁荣	pos	0.8
经营	pos	0.8
经营布置	pos	0.8
经验老到	pos	0.8
经验球	pos	0.8
置喙	pos	0.8
群起仿效	pos	0.8
群起效之	pos	0.8
圣子	pos	0.8
圣河	pos	0.8
圣徒	pos	0.8
圣诞礼物	pos	0.8
脚步再快	pos	0.8
脑力激荡	pos	0.8
落入手中	pos	0.8
落实了	pos	0.8
落实回馈	pos	0.8
落实具现	pos	0.8
落实执行	pos	0.8
落实推动	pos	0.8
落实照顾	pos	0.8
号召	pos	0.8
号称	pos	0.8
蜕变	pos	0.8
蜂涌前来	pos	0.8
蜂拥	pos	0.8
补足	pos	0.8
补强	pos	0.8
补救	pos	0.8
补给	pos	0.8
补进	pos	0.8
补实	pos	0.8
补憾有余	pos	0.8
解危	pos	0.8
解决了	pos	0.8
解决能力	pos	0.8
解冻	pos	0.8
解答	pos	0.8
解开	pos	0.8
解开了	pos	0.8
解读为	pos	0.8
该用则用	pos	0.8
该有	pos	0.8
该言	pos	0.8
该言当言	pos	0.8
该怎么做就怎么做	pos	0.8
该是	pos	0.8
详加说明	pos	0.8
详述	pos	0.8
详尽地	pos	0.8
详尽而合理	pos	0.8
详尽说明	pos	0.8
试探	pos	0.8
试著	pos	0.8
试著实现	pos	0.8
试图利用	pos	0.8
试图说服	pos	0.8
诙谐	pos	0.8
诚心期盼	pos	0.8
诚心诚意	pos	0.8
诚如	pos	0.8
诚盼	pos	0.8
诚然	pos	0.8
诚实以对	pos	0.8
诚挚的希望	pos	0.8
资助	pos	0.8
资深名将	pos	0.8
资源共享	pos	0.8
资源丰富	pos	0.8
资优	pos	0.8
跟得上	pos	0.8
跨出	pos	0.8
跨出一大步	pos	0.8
跨进	pos	0.8
跨过	pos	0.8
跳升	pos	0.8
跳板	pos	0.8
跳起舞来	pos	0.8
跳脱	pos	0.8
跳增	pos	0.8
较大进展	pos	0.8
较划算	pos	0.8
较好	pos	0.8
较好者	pos	0.8
较有利	pos	0.8
较自由	pos	0.8
较快	pos	0.8
较佳	pos	0.8
较具竞争力	pos	0.8
较易	pos	0.8
较易凸显	pos	0.8
较易著手	pos	0.8
较明显	pos	0.8
较长	pos	0.8
较为平坦	pos	0.8
较为宽松	pos	0.8
较高	pos	0.8
较优	pos	0.8
较优者	pos	0.8
较稳定	pos	0.8
运用	pos	0.8
运作顺利	pos	0.8
游览	pos	0.8
道奇队腿五项全能	pos	0.8
道理	pos	0.8
道歉赔偿	pos	0.8
道德坚持	pos	0.8
道德崇高	pos	0.8
道德崇高的人	pos	0.8
遂行	pos	0.8
遂其所愿	pos	0.8
达共识	pos	0.8
达多项共识	pos	0.8
达成了	pos	0.8
达成共识	pos	0.8
达成多项共识	pos	0.8
达成和解	pos	0.8
达成初步共识	pos	0.8
达成突破	pos	0.8
达成高度共识	pos	0.8
达成统一	pos	0.8
达成结论	pos	0.8
达成默契	pos	0.8
达此成就	pos	0.8
达改革协议	pos	0.8
达到一致	pos	0.8
达到了	pos	0.8
达到最高峰	pos	0.8
达协议	pos	0.8
逼出	pos	0.8
逼到	pos	0.8
逼真地	pos	0.8
逼著	pos	0.8
逼著了解	pos	0.8
过人球技	pos	0.8
过招	pos	0.8
过于强大	pos	0.8
过高期望	pos	0.8
过头关	pos	0.8
过关斩将	pos	0.8
过瘾	pos	0.8
巨细靡遗	pos	0.8
隽美	pos	0.8
零缺点	pos	0.8
预示	pos	0.8
预判	pos	0.8
预见	pos	0.8
预言	pos	0.8
预定完成	pos	0.8
预知	pos	0.8
预订一空	pos	0.8
预料	pos	0.8
预留	pos	0.8
预做准备	pos	0.8
预备	pos	0.8
预期扬升	pos	0.8
颁布	pos	0.8
颁发	pos	0.8
颁给	pos	0.8
颁奖	pos	0.8
颂德	pos	0.8
鼎力支持	pos	0.8
鼎足而立	pos	0.8
鼓起勇气	pos	0.8
鼓掌	pos	0.8
鼓掌致敬	pos	0.8
鼓掌欢呼表示通过	pos	0.8
鼓掌欢迎	pos	0.8
鼓舞人心的人	pos	0.8
鼓励作用	pos	0.8
像个	pos	0.8
像神一样	pos	0.8
雇用	pos	0.8
划上等号	pos	0.8
划分	pos	0.8
划定	pos	0.8
尝到	pos	0.8
尝到和平	pos	0.8
啧啧称奇	pos	0.8
嘟嘟	pos	0.8
团结	pos	0.8
团结一致	pos	0.8
团结合作	pos	0.8
团聚	pos	0.8
图强	pos	0.8
尘埃落定	pos	0.8
梦幻	pos	0.8
梦想	pos	0.8
夺三振	pos	0.8
夺下冠军	pos	0.8
夺金	pos	0.8
夺得冠军	pos	0.8
夺得榜首	pos	0.8
夺牌	pos	0.8
夺铜	pos	0.8
夺标有望	pos	0.8
宁可选择	pos	0.8
实力相当	pos	0.8
实力强	pos	0.8
实力过人	pos	0.8
实力证明	pos	0.8
实力证明一切	pos	0.8
实用性	pos	0.8
实地考察	pos	0.8
实在太好	pos	0.8
实在是	pos	0.8
实在论	pos	0.8
实有必要	pos	0.8
实现了	pos	0.8
实现出来	pos	0.8
实话	pos	0.8
实话实说	pos	0.8
实际上	pos	0.8
实际可行	pos	0.8
实际存在	pos	0.8
实际协议	pos	0.8
实质可信	pos	0.8
实质作用	pos	0.8
实质助益	pos	0.8
察觉	pos	0.8
对外散布	pos	0.8
对决胜出	pos	0.8
对味	pos	0.8
对等	pos	0.8
对准	pos	0.8
对照	pos	0.8
屡败屡战	pos	0.8
屡创佳绩	pos	0.8
廓清	pos	0.8
彻厎	pos	0.8
彻底打破	pos	0.8
彻底并快速	pos	0.8
彻底解决	pos	0.8
态度沈著	pos	0.8
态度坚持	pos	0.8
态度强硬	pos	0.8
态度从容	pos	0.8
态度恳切	pos	0.8
慷慨的行为	pos	0.8
截然	pos	0.8
摘下	pos	0.8
摘金	pos	0.8
撤军	pos	0.8
敲出	pos	0.8
斡旋	pos	0.8
旗鼓相当	pos	0.8
畅旺	pos	0.8
荣光	pos	0.8
荣景	pos	0.8
荣登宝座	pos	0.8
荣衔	pos	0.8
荣誉	pos	0.8
演出	pos	0.8
演出完美	pos	0.8
演出逆转	pos	0.8
漂亮地	pos	0.8
漂亮的东西	pos	0.8
漂亮摘下	pos	0.8
满正常	pos	0.8
满健康	pos	0.8
满贯炮	pos	0.8
满贯弹	pos	0.8
满意地说	pos	0.8
满载	pos	0.8
满满信心	pos	0.8
满脸微笑	pos	0.8
满垒全垒打	pos	0.8
满垒炮	pos	0.8
满怀	pos	0.8
满怀希望	pos	0.8
满怀信心	pos	0.8
满怀敬畏	pos	0.8
渐有起色	pos	0.8
渐增	pos	0.8
渐趋一致	pos	0.8
澈底	pos	0.8
渗透率高	pos	0.8
甄选上	pos	0.8
尽力	pos	0.8
尽可能	pos	0.8
尽全力	pos	0.8
尽早	pos	0.8
尽快公布	pos	0.8
尽快平息	pos	0.8
尽快解决	pos	0.8
尽我所能	pos	0.8
尽情地	pos	0.8
尽速	pos	0.8
尽最大努力	pos	0.8
尽最大能力	pos	0.8
尽量	pos	0.8
尽量协助	pos	0.8
尽量规避	pos	0.8
监督自治	pos	0.8
监听	pos	0.8
种族和解	pos	0.8
称心	pos	0.8
称心快意	pos	0.8
称王	pos	0.8
称呼	pos	0.8
称冠	pos	0.8
称为	pos	0.8
称做	pos	0.8
称得上	pos	0.8
称第一	pos	0.8
称颂赞叹	pos	0.8
竭诚欢迎	pos	0.8
竭尽所能	pos	0.8
端正	pos	0.8
算老大	pos	0.8
算是	pos	0.8
算数	pos	0.8
个中翘楚	pos	0.8
精力	pos	0.8
精力充沛	pos	0.8
精力旺盛	pos	0.8
精心规划	pos	0.8
精心设计	pos	0.8
精巧地	pos	0.8
精巧的设计	pos	0.8
精芒闪现	pos	0.8
精于预估	pos	0.8
精明干练	pos	0.8
精采可期	pos	0.8
精采表现	pos	0.8
精采抢下	pos	0.8
精采演出	pos	0.8
精采戏码	pos	0.8
精神大振	pos	0.8
精神支持	pos	0.8
精神百倍	pos	0.8
精彩演出	pos	0.8
精减	pos	0.8
精确	pos	0.8
精确性	pos	0.8
精确度	pos	0.8
精致化	pos	0.8
精简	pos	0.8
精读	pos	0.8
紧守	pos	0.8
紧咬	pos	0.8
紧急处理	pos	0.8
紧要	pos	0.8
紧要关头	pos	0.8
紧追	pos	0.8
紧追不舍	pos	0.8
紧追在后	pos	0.8
紧追其后	pos	0.8
紧密	pos	0.8
紧张刺激	pos	0.8
紧张降低	pos	0.8
紧接	pos	0.8
紧握	pos	0.8
维持了	pos	0.8
维持固定	pos	0.8
维持秩序	pos	0.8
维持现状	pos	0.8
维持稳定	pos	0.8
维特	pos	0.8
维护人类健康	pos	0.8
闻言大笑	pos	0.8
肇于	pos	0.8
台湾省长宋楚瑜	pos	0.8
与之匹敌	pos	0.8
与之争锋	pos	0.8
与日遽增	pos	0.8
与有荣焉	pos	0.8
与时并进	pos	0.8
与时俱转	pos	0.8
与会	pos	0.8
与赛	pos	0.8
蓄势待发	pos	0.8
蒙受利益	pos	0.8
搜集完全	pos	0.8
搜证鉴识	pos	0.8
制造双杀	pos	0.8
认为是	pos	0.8
认为应	pos	0.8
认真追求	pos	0.8
誓师	pos	0.8
誓牵成	pos	0.8
说到做到	pos	0.8
说明了	pos	0.8
说服	pos	0.8
说服力	pos	0.8
说得好	pos	0.8
说得过去	pos	0.8
豪勇	pos	0.8
豪华	pos	0.8
宾主尽欢	pos	0.8
赫然可见	pos	0.8
赶快	pos	0.8
赶到	pos	0.8
辅助	pos	0.8
轻快地	pos	0.8
轻易	pos	0.8
轻易移动	pos	0.8
轻易超过	pos	0.8
轻骑	pos	0.8
轻骑晋级	pos	0.8
轻骑过关	pos	0.8
轻松自在	pos	0.8
轻松改写	pos	0.8
轻松抱走	pos	0.8
轻松封王	pos	0.8
轻松挺进	pos	0.8
轻松晋	pos	0.8
轻松晋级	pos	0.8
轻松捧走	pos	0.8
轻松获胜	pos	0.8
轻松闯关	pos	0.8
辣妹	pos	0.8
远大于	pos	0.8
远大过	pos	0.8
远征	pos	0.8
远景	pos	0.8
远景看好	pos	0.8
远景乐观	pos	0.8
远超过	pos	0.8
远较	pos	0.8
远远甩开	pos	0.8
远远超过	pos	0.8
远观	pos	0.8
遣返	pos	0.8
遣送	pos	0.8
遥遥甩开	pos	0.8
遥遥领先	pos	0.8
递补	pos	0.8
递增	pos	0.8
铭心	pos	0.8
需及早	pos	0.8
需求大增	pos	0.8
需求殷切	pos	0.8
颇力	pos	0.8
颇多	pos	0.8
颇有可为	pos	0.8
颇有好处	pos	0.8
颇有改进	pos	0.8
颇有渊源	pos	0.8
颇佳	pos	0.8
颇具	pos	0.8
颇具吸引力	pos	0.8
颇受重视	pos	0.8
颇为强势	pos	0.8
颇为符合	pos	0.8
颇为热中	pos	0.8
颇值	pos	0.8
颇高	pos	0.8
领出	pos	0.8
领先者	pos	0.8
领先最多	pos	0.8
领先群雄	pos	0.8
领先维特	pos	0.8
领先优势	pos	0.8
领回	pos	0.8
领风骚	pos	0.8
领教	pos	0.8
领奖	pos	0.8
领导	pos	0.8
领导者地位	pos	0.8
鸣金收兵	pos	0.8
齐心面对	pos	0.8
齐扬	pos	0.8
齐聚一堂	pos	0.8
蜚声国际	pos	0.8
仪态高贵	pos	0.8
价廉	pos	0.8
嘻嘻	pos	0.8
增一倍	pos	0.8
增加互信	pos	0.8
增加共识	pos	0.8
增加免疫力	pos	0.8
增列	pos	0.8
增长了	pos	0.8
增建	pos	0.8
增为	pos	0.8
增订	pos	0.8
增修	pos	0.8
增强免疫力	pos	0.8
增添了	pos	0.8
增添更多	pos	0.8
增添许多	pos	0.8
增进互信	pos	0.8
增进友谊	pos	0.8
嬉戏	pos	0.8
宽心	pos	0.8
宽容风度	pos	0.8
宽裕	pos	0.8
宽达	pos	0.8
宽阔	pos	0.8
审查完成	pos	0.8
审查通过	pos	0.8
审查过关	pos	0.8
审慎以对	pos	0.8
审慎密集	pos	0.8
审慎处置	pos	0.8
审阅	pos	0.8
审议完成	pos	0.8
写入历史	pos	0.8
写下	pos	0.8
写定	pos	0.8
写实	pos	0.8
写实地	pos	0.8
广大胸襟	pos	0.8
广受瞩目	pos	0.8
广泛	pos	0.8
广泛采用	pos	0.8
广泛开放	pos	0.8
广为宣传	pos	0.8
广为散布	pos	0.8
广设	pos	0.8
广播	pos	0.8
广邀	pos	0.8
弹性空间	pos	0.8
德高望重的人	pos	0.8
征用	pos	0.8
征询	pos	0.8
征询调查	pos	0.8
慰助	pos	0.8
慰勉	pos	0.8
慰问	pos	0.8
慰问金	pos	0.8
憧憬	pos	0.8
怜恤	pos	0.8
怜惜	pos	0.8
怜悯	pos	0.8
怜悯心	pos	0.8
戮力以赴	pos	0.8
戮力于	pos	0.8
撑下去	pos	0.8
撑完	pos	0.8
撑到	pos	0.8
撑得过去	pos	0.8
撑腰	pos	0.8
撑腰壮声势	pos	0.8
拨给	pos	0.8
拨云见日	pos	0.8
抚平	pos	0.8
数量优势	pos	0.8
暂定	pos	0.8
暂居首席	pos	0.8
暂居领先	pos	0.8
暂时保留	pos	0.8
样样精通	pos	0.8
标识	pos	0.8
模范生	pos	0.8
乐子	pos	0.8
乐乎	pos	0.8
乐此不疲	pos	0.8
乐而忘忧	pos	0.8
乐见	pos	0.8
乐见其成	pos	0.8
乐事	pos	0.8
乐事多	pos	0.8
乐于接受	pos	0.8
乐透	pos	0.8
乐透了	pos	0.8
乐意	pos	0.8
乐意地	pos	0.8
乐意接受	pos	0.8
乐翻	pos	0.8
乐翻了	pos	0.8
乐翻天	pos	0.8
乐坏	pos	0.8
乐观地	pos	0.8
乐观些	pos	0.8
乐观其成	pos	0.8
乐观的预期	pos	0.8
乐观开朗	pos	0.8
潜力大	pos	0.8
潜心于	pos	0.8
潮流所趋	pos	0.8
熟悉	pos	0.8
熟虑	pos	0.8
熟练地	pos	0.8
熟练掌握	pos	0.8
热力	pos	0.8
热中	pos	0.8
热切	pos	0.8
热切地	pos	0.8
热切于	pos	0.8
热切盼望	pos	0.8
热切推动	pos	0.8
热心反烟害	pos	0.8
热心助人	pos	0.8
热门商品	pos	0.8
热门话题	pos	0.8
热烈讨论	pos	0.8
热烈期待	pos	0.8
热烈欢迎	pos	0.8
热衷	pos	0.8
热得发烫	pos	0.8
热情的接待	pos	0.8
热情参与	pos	0.8
热情款待	pos	0.8
热络	pos	0.8
热诚地	pos	0.8
热卖	pos	0.8
热闹滚滚	pos	0.8
热恋	pos	0.8
奖品	pos	0.8
奖章	pos	0.8
磋商和解	pos	0.8
确切	pos	0.8
确可	pos	0.8
确在扩展	pos	0.8
确有	pos	0.8
确有必要	pos	0.8
确有此事	pos	0.8
确有其事	pos	0.8
确定	pos	0.8
确定参赛	pos	0.8
确知	pos	0.8
确信	pos	0.8
确保和平	pos	0.8
确保繁荣	pos	0.8
确是	pos	0.8
确是很棒	pos	0.8
确为	pos	0.8
确曾	pos	0.8
确实有	pos	0.8
确实是	pos	0.8
确实符合	pos	0.8
确认同意	pos	0.8
确属	pos	0.8
穷本究源之道	pos	0.8
范型	pos	0.8
缔交	pos	0.8
缔定	pos	0.8
缔造利多	pos	0.8
缔造者	pos	0.8
缔造历史	pos	0.8
缔创	pos	0.8
练成	pos	0.8
缅怀	pos	0.8
缓升	pos	0.8
缓解	pos	0.8
缓冲期	pos	0.8
膜拜	pos	0.8
蔚为风潮	pos	0.8
卫冕成功	pos	0.8
冲上	pos	0.8
冲上第一	pos	0.8
冲向	pos	0.8
冲到	pos	0.8
冲往	pos	0.8
冲破	pos	0.8
冲锋	pos	0.8
褒多于贬	pos	0.8
谈及	pos	0.8
谈成	pos	0.8
谈妥	pos	0.8
谈笑	pos	0.8
谈笑用兵	pos	0.8
谈恋爱	pos	0.8
请示	pos	0.8
请求支援	pos	0.8
请益	pos	0.8
请托	pos	0.8
请愿	pos	0.8
课征	pos	0.8
调升	pos	0.8
调和	pos	0.8
调查鉴定	pos	0.8
调派	pos	0.8
调停	pos	0.8
调涨	pos	0.8
调剂	pos	0.8
调整支应	pos	0.8
调整完成	pos	0.8
调整修正	pos	0.8
调整划归	pos	0.8
谁与争锋	pos	0.8
论断	pos	0.8
竖白旗	pos	0.8
竖起	pos	0.8
竖起了白旗	pos	0.8
赔到底	pos	0.8
赏对手	pos	0.8
赏识到	pos	0.8
赋予重任	pos	0.8
赋予维持	pos	0.8
贤君	pos	0.8
卖力	pos	0.8
赐予	pos	0.8
趣味	pos	0.8
趣味相同	pos	0.8
踏上	pos	0.8
踏出	pos	0.8
踏出的一大步	pos	0.8
踏出第一步	pos	0.8
踏进	pos	0.8
踏实	pos	0.8
辉煌落幕	pos	0.8
轮回重生	pos	0.8
适才适性	pos	0.8
适切	pos	0.8
适任	pos	0.8
适合	pos	0.8
适性	pos	0.8
适时进场干预	pos	0.8
适得	pos	0.8
适得其所	pos	0.8
适逢	pos	0.8
适量	pos	0.8
适当地	pos	0.8
适当时机	pos	0.8
适应	pos	0.8
适应新挑战	pos	0.8
郑重	pos	0.8
醉人	pos	0.8
销售	pos	0.8
销售极佳	pos	0.8
销售热潮	pos	0.8
震慑	pos	0.8
靠近	pos	0.8
靠著	pos	0.8
靠拢	pos	0.8
养好	pos	0.8
养活	pos	0.8
养颜美容	pos	0.8
余威	pos	0.8
驻足	pos	0.8
熠熠群星	pos	0.8
铺路	pos	0.8
尽快完成	pos	0.8
尽快展开	pos	0.8
尽快推动	pos	0.8
尽快实施	pos	0.8
尽速化解	pos	0.8
尽速完成	pos	0.8
尽速展开	pos	0.8
尽速推动	pos	0.8
尽速通过	pos	0.8
尽速给付	pos	0.8
尽速确定	pos	0.8
尽量加强	pos	0.8
尽量使用	pos	0.8
冀望为	pos	0.8
凝合力	pos	0.8
凝聚共识	pos	0.8
凝聚性	pos	0.8
噪声小	pos	0.8
奋力一击	pos	0.8
奋力挣扎	pos	0.8
奋力演出	pos	0.8
奋争	pos	0.8
奋发	pos	0.8
学以致用	pos	0.8
学成	pos	0.8
学成归国	pos	0.8
学有专精	pos	0.8
学习好	pos	0.8
学进	pos	0.8
学进去	pos	0.8
学会谦卑	pos	0.8
导入	pos	0.8
导正	pos	0.8
导向	pos	0.8
凭著	pos	0.8
战力	pos	0.8
战技精良	pos	0.8
战绩佳	pos	0.8
战绩辉煌	pos	0.8
战绩独走	pos	0.8
擅于	pos	0.8
拥护者	pos	0.8
据以下令	pos	0.8
据以制订	pos	0.8
据以论断	pos	0.8
据以断定	pos	0.8
据以证明	pos	0.8
据此	pos	0.8
据估计	pos	0.8
据信	pos	0.8
据推测	pos	0.8
据实反映	pos	0.8
据实以告	pos	0.8
据称	pos	0.8
据说	pos	0.8
掳获	pos	0.8
择吉	pos	0.8
操作得当	pos	0.8
操控	pos	0.8
操盘	pos	0.8
捡到便宜	pos	0.8
捡便宜	pos	0.8
担任	pos	0.8
担待	pos	0.8
整合成功	pos	0.8
整建	pos	0.8
整理出来	pos	0.8
整齐	pos	0.8
整体而言	pos	0.8
机动性大	pos	0.8
机动性最大	pos	0.8
机敏地	pos	0.8
机率很高	pos	0.8
历史最久	pos	0.8
历史新高	pos	0.8
历来仅见	pos	0.8
历经	pos	0.8
浓厚	pos	0.8
浓情蜜意	pos	0.8
泽及	pos	0.8
泽及后人	pos	0.8
激列	pos	0.8
激发支持	pos	0.8
激励	pos	0.8
激励作用	pos	0.8
激荡	pos	0.8
燃起希望	pos	0.8
独力推动	pos	0.8
独大	pos	0.8
独占第一	pos	0.8
独立	pos	0.8
独步全球	pos	0.8
独享	pos	0.8
独居	pos	0.8
独居首席	pos	0.8
独居领先	pos	0.8
独特魅力	pos	0.8
独强	pos	0.8
独得	pos	0.8
独创	pos	0.8
独创性	pos	0.8
独领	pos	0.8
独领世界风骚	pos	0.8
独赢	pos	0.8
独霸一方	pos	0.8
磨刀霍霍	pos	0.8
磨功	pos	0.8
磨好利爪	pos	0.8
积极支持	pos	0.8
积极支援	pos	0.8
积极主动	pos	0.8
积极任事	pos	0.8
积极因应	pos	0.8
积极回应	pos	0.8
积极要求	pos	0.8
积极革新	pos	0.8
积极务实	pos	0.8
积极参与	pos	0.8
积极推展	pos	0.8
积极推动	pos	0.8
积极寻	pos	0.8
积极寻求	pos	0.8
积极寻求改善	pos	0.8
积极发展	pos	0.8
积极开拓	pos	0.8
积极抢攻	pos	0.8
积极准备	pos	0.8
积极辅导	pos	0.8
积极办理	pos	0.8
积极拟定	pos	0.8
积极扩大	pos	0.8
窥见	pos	0.8
笃定	pos	0.8
笃定加冕	pos	0.8
笃定成为	pos	0.8
翱翔	pos	0.8
兴建	pos	0.8
兴起	pos	0.8
兴高采烈地	pos	0.8
兴奋	pos	0.8
兴奋不已	pos	0.8
兴奋期待	pos	0.8
融入	pos	0.8
融化	pos	0.8
融和	pos	0.8
融洽	pos	0.8
亲自下达	pos	0.8
亲自主持	pos	0.8
亲自出马	pos	0.8
亲自目睹	pos	0.8
亲自迎接	pos	0.8
亲自前往	pos	0.8
亲自陪同	pos	0.8
亲自督军	pos	0.8
亲自欢迎	pos	0.8
亲身指导	pos	0.8
亲迎	pos	0.8
亲信	pos	0.8
亲善	pos	0.8
谋求	pos	0.8
谋求改善	pos	0.8
谋求统一	pos	0.8
谋求解决	pos	0.8
谋定	pos	0.8
诺言	pos	0.8
踊跃加入	pos	0.8
踊跃异常	pos	0.8
辨明	pos	0.8
辨认	pos	0.8
辨识	pos	0.8
办到	pos	0.8
遵行	pos	0.8
遴选	pos	0.8
选用	pos	0.8
选定	pos	0.8
选拔	pos	0.8
选择和平	pos	0.8
选择购买	pos	0.8
遗留	pos	0.8
错不在	pos	0.8
钢人	pos	0.8
录取	pos	0.8
随之改变	pos	0.8
随时可以	pos	0.8
静定	pos	0.8
频传	pos	0.8
频频点头	pos	0.8
头脑清楚	pos	0.8
头号	pos	0.8
鸭霸	pos	0.8
默许	pos	0.8
龙头老大	pos	0.8
优先考量	pos	0.8
优先于	pos	0.8
优先保障	pos	0.8
优先要求	pos	0.8
优秀人才	pos	0.8
优美地	pos	0.8
优异成绩	pos	0.8
优异表现	pos	0.8
优游	pos	0.8
优越感	pos	0.8
偿清	pos	0.8
储备	pos	0.8
励学	pos	0.8
尝到甜头	pos	0.8
压倒性胜利	pos	0.8
帮了	pos	0.8
帮了很大的忙	pos	0.8
帮他	pos	0.8
帮忙很大	pos	0.8
帮助更大	pos	0.8
帮助甚大	pos	0.8
帮助脱离困境	pos	0.8
弥合	pos	0.8
弥足	pos	0.8
弥补了	pos	0.8
应予	pos	0.8
应予肯定	pos	0.8
应予尊重	pos	0.8
应比照	pos	0.8
应以	pos	0.8
应加快	pos	0.8
应加快脚步	pos	0.8
应加强	pos	0.8
应可	pos	0.8
应可以	pos	0.8
应可思考	pos	0.8
应可望	pos	0.8
应用最广	pos	0.8
应由	pos	0.8
应先	pos	0.8
应先解决	pos	0.8
应同	pos	0.8
应向	pos	0.8
应有	pos	0.8
应有权益	pos	0.8
应考虑	pos	0.8
应把	pos	0.8
应把握机会	pos	0.8
应更强硬	pos	0.8
应没有问题	pos	0.8
应享有	pos	0.8
应依	pos	0.8
应协助	pos	0.8
应抛弃	pos	0.8
应于	pos	0.8
应争取	pos	0.8
应肩负	pos	0.8
应保留	pos	0.8
应促	pos	0.8
应思考	pos	0.8
应按	pos	0.8
应持有	pos	0.8
应是	pos	0.8
应是如此	pos	0.8
应是相当明显	pos	0.8
应致力	pos	0.8
应负	pos	0.8
应重视	pos	0.8
应准	pos	0.8
应能	pos	0.8
应配合	pos	0.8
应做	pos	0.8
应做到	pos	0.8
应坚持	pos	0.8
应将	pos	0.8
应得	pos	0.8
应从	pos	0.8
应接不暇	pos	0.8
应采取	pos	0.8
应尊重	pos	0.8
应循	pos	0.8
应提出	pos	0.8
应发挥	pos	0.8
应等于	pos	0.8
应给予	pos	0.8
应善用	pos	0.8
应趁	pos	0.8
应会	pos	0.8
应当	pos	0.8
应当感谢	pos	0.8
应解决	pos	0.8
应该	pos	0.8
应该了解	pos	0.8
应该加速进行	pos	0.8
应该可以	pos	0.8
应该同意	pos	0.8
应该信守	pos	0.8
应该是	pos	0.8
应该相信	pos	0.8
应该要	pos	0.8
应该坚持	pos	0.8
应该会	pos	0.8
应该获得保障	pos	0.8
应构筑	pos	0.8
应尽	pos	0.8
应尽量	pos	0.8
应增加	pos	0.8
应征询	pos	0.8
应调整	pos	0.8
应赔偿	pos	0.8
应尽快取	pos	0.8
应尽速	pos	0.8
应战	pos	0.8
应积极对外宣示	pos	0.8
应遵守	pos	0.8
应遵行	pos	0.8
应遵重	pos	0.8
应优先执行	pos	0.8
应检讨	pos	0.8
应获	pos	0.8
应获得	pos	0.8
应联手	pos	0.8
应避免	pos	0.8
应邀回访	pos	0.8
应邀前往	pos	0.8
应归功	pos	0.8
应藉	pos	0.8
应谨慎行事	pos	0.8
应继续	pos	0.8
应属	pos	0.8
应属合理	pos	0.8
应变	pos	0.8
应验	pos	0.8
懂得	pos	0.8
恳切沟通	pos	0.8
恳求	pos	0.8
恳请	pos	0.8
击出	pos	0.8
击败群雄	pos	0.8
擘画	pos	0.8
挤上	pos	0.8
挤得上	pos	0.8
挤得上榜	pos	0.8
挤满了	pos	0.8
拟出	pos	0.8
拟妥	pos	0.8
拟议	pos	0.8
检视	pos	0.8
营养	pos	0.8
获力	pos	0.8
获任命	pos	0.8
获共识	pos	0.8
获好评	pos	0.8
获此殊荣	pos	0.8
获判	pos	0.8
获利了解	pos	0.8
获批准	pos	0.8
获取	pos	0.8
获取好处	pos	0.8
获知	pos	0.8
获保送	pos	0.8
获冠	pos	0.8
获致	pos	0.8
获致共识	pos	0.8
获致利益	pos	0.8
获致重要共识	pos	0.8
获殊荣	pos	0.8
获益仍是良多	pos	0.8
获得共识	pos	0.8
获得好处	pos	0.8
获得成果	pos	0.8
获得改善	pos	0.8
获得具体共识	pos	0.8
获得承认	pos	0.8
获得肯定	pos	0.8
获得初步共识	pos	0.8
获得保障	pos	0.8
获得冠军	pos	0.8
获得突破	pos	0.8
获得重视	pos	0.8
获得胜利	pos	0.8
获得胜选	pos	0.8
获得喘息	pos	0.8
获得援助	pos	0.8
获得解决	pos	0.8
获得满足	pos	0.8
获得澄清	pos	0.8
获得遵行	pos	0.8
获得证明	pos	0.8
获得证实	pos	0.8
获悉	pos	0.8
获胜投	pos	0.8
获提名	pos	0.8
获过	pos	0.8
获颁	pos	0.8
获奖金	pos	0.8
获赔	pos	0.8
获赔偿	pos	0.8
获选	pos	0.8
获选为	pos	0.8
获偿	pos	0.8
获邀	pos	0.8
获邀参赛	pos	0.8
获邀请	pos	0.8
获释	pos	0.8
环境保护	pos	0.8
疗伤	pos	0.8
了解	pos	0.8
矫正	pos	0.8
矫治	pos	0.8
绩效	pos	0.8
绩效良好	pos	0.8
总冠军	pos	0.8
总是	pos	0.8
总该	pos	0.8
纵横	pos	0.8
繁荣	pos	0.8
繁荣发展	pos	0.8
繁荣进步	pos	0.8
繁荣兴盛	pos	0.8
声名大噪	pos	0.8
声明	pos	0.8
声浪鼎沸	pos	0.8
声势	pos	0.8
声势浩大	pos	0.8
声请	pos	0.8
声誉好	pos	0.8
声誉良好	pos	0.8
联手	pos	0.8
联手出击	pos	0.8
联手修正	pos	0.8
联手赢得	pos	0.8
联合	pos	0.8
联合主办	pos	0.8
联合拓展	pos	0.8
联合服务	pos	0.8
联合宣言	pos	0.8
联合起来	pos	0.8
联合提议	pos	0.8
联络	pos	0.8
联盟第一	pos	0.8
膺殊荣	pos	0.8
膺选	pos	0.8
胆量	pos	0.8
脸红	pos	0.8
临危不乱	pos	0.8
临门一脚	pos	0.8
举世所瞩目	pos	0.8
举世赞誉	pos	0.8
举行凯旋式	pos	0.8
举国欢腾	pos	0.8
举双手赞成	pos	0.8
举证	pos	0.8
襄佐	pos	0.8
襄助	pos	0.8
襄理	pos	0.8
谦卑	pos	0.8
谦恭有礼	pos	0.8
谦恭有礼的言辞	pos	0.8
谦虚为怀	pos	0.8
谦逊地	pos	0.8
讲义气	pos	0.8
豁免	pos	0.8
豁然开朗	pos	0.8
赚了	pos	0.8
赚入甚多	pos	0.8
赚到	pos	0.8
赚进	pos	0.8
赛史最多	pos	0.8
赛史新猷	pos	0.8
购并	pos	0.8
购并风潮	pos	0.8
购买	pos	0.8
趋向	pos	0.8
趋于走缓	pos	0.8
趋于缓和	pos	0.8
趋近	pos	0.8
趋坚	pos	0.8
趋强	pos	0.8
舆薪	pos	0.8
避免伤及	pos	0.8
避风港	pos	0.8
避战	pos	0.8
避险功效	pos	0.8
遽下判断	pos	0.8
还可	pos	0.8
还可以	pos	0.8
还好	pos	0.8
还有可能	pos	0.8
还是	pos	0.8
还是需要	pos	0.8
还要	pos	0.8
还能	pos	0.8
还高	pos	0.8
还将	pos	0.8
还须	pos	0.8
还会	pos	0.8
还会再出现	pos	0.8
还会有	pos	0.8
还算	pos	0.8
还算是	pos	0.8
还需	pos	0.8
迈出	pos	0.8
迈出一步	pos	0.8
迈向目标	pos	0.8
迈向和平	pos	0.8
迈向和解	pos	0.8
迈向展开	pos	0.8
迈向新的纪元	pos	0.8
迈向新高	pos	0.8
迈步	pos	0.8
迈进一大步	pos	0.8
迈开	pos	0.8
迈开大步	pos	0.8
邀约	pos	0.8
邀集	pos	0.8
锻炼	pos	0.8
隐约露出	pos	0.8
虽败犹荣	pos	0.8
鲜明	pos	0.8
鲜明印象	pos	0.8
鲜明展现	pos	0.8
鸿通	pos	0.8
点明灯	pos	0.8
点头	pos	0.8
向往	pos	0.8
扩大共识	pos	0.8
扩大吸引外资	pos	0.8
扩大适用	pos	0.8
扩大办理	pos	0.8
扩增	pos	0.8
扩权	pos	0.8
摆好定石	pos	0.8
摆明	pos	0.8
摆脱低潮	pos	0.8
摆脱长期联招梦魇	pos	0.8
断言	pos	0.8
断定	pos	0.8
归功	pos	0.8
归功于	pos	0.8
归于	pos	0.8
归纳	pos	0.8
归责	pos	0.8
归诸	pos	0.8
归属	pos	0.8
猎下	pos	0.8
猎获	pos	0.8
礼盒	pos	0.8
礼貌	pos	0.8
礼仪	pos	0.8
窜升	pos	0.8
简易	pos	0.8
简明	pos	0.8
简便	pos	0.8
简单	pos	0.8
织补	pos	0.8
翘首以盼	pos	0.8
职责	pos	0.8
职业精	pos	0.8
蓝天	pos	0.8
藉以	pos	0.8
藉以加速	pos	0.8
借由	pos	0.8
蝉连	pos	0.8
谨记	pos	0.8
谨记在心	pos	0.8
谨慎行事	pos	0.8
丰实	pos	0.8
转化人心	pos	0.8
转好	pos	0.8
转捩点	pos	0.8
转机	pos	0.8
转圜	pos	0.8
转圜的余地	pos	0.8
转圜余地	pos	0.8
转趋热络	pos	0.8
镇镇定定	pos	0.8
闯一关	pos	0.8
闯出一片天	pos	0.8
闯越过	pos	0.8
闯过一关	pos	0.8
闯过这关	pos	0.8
闯过头关	pos	0.8
闯荡	pos	0.8
闯头关	pos	0.8
闯关	pos	0.8
双强	pos	0.8
双杀打	pos	0.8
双管齐下	pos	0.8
双蒙其利	pos	0.8
双响炮	pos	0.8
额度大	pos	0.8
松一口气	pos	0.8
宠幸	pos	0.8
宠爱	pos	0.8
怀有	pos	0.8
怀有憧憬	pos	0.8
怀念	pos	0.8
怀抱信心	pos	0.8
怀著	pos	0.8
怀著希望	pos	0.8
攀上	pos	0.8
攀高	pos	0.8
爆升	pos	0.8
爆发力	pos	0.8
稳住了	pos	0.8
稳住江山	pos	0.8
稳住阵脚	pos	0.8
稳占上风	pos	0.8
稳坐	pos	0.8
稳妥地	pos	0.8
稳步上扬	pos	0.8
稳定地	pos	0.8
稳定货币	pos	0.8
稳定发展	pos	0.8
稳定经济	pos	0.8
稳健冷静	pos	0.8
稳当	pos	0.8
签定	pos	0.8
签准	pos	0.8
签署定案	pos	0.8
签署誓约	pos	0.8
系于	pos	0.8
缴交	pos	0.8
证言	pos	0.8
证明了	pos	0.8
证实无误	pos	0.8
证诸	pos	0.8
证据显示	pos	0.8
赞同	pos	0.8
赞同之意	pos	0.8
赞成的一方	pos	0.8
赞成的论点	pos	0.8
赞成者	pos	0.8
赞成票	pos	0.8
关系密切	pos	0.8
关连	pos	0.8
关进	pos	0.8
关爱参与	pos	0.8
关键因素	pos	0.8
关键角色	pos	0.8
关键性	pos	0.8
关怀	pos	0.8
难以侦知	pos	0.8
难以胜数	pos	0.8
难忘	pos	0.8
难怪	pos	0.8
难得一见	pos	0.8
难得机会	pos	0.8
类似	pos	0.8
愿予	pos	0.8
愿支援	pos	0.8
愿提供	pos	0.8
愿景	pos	0.8
愿意合作	pos	0.8
愿意配合	pos	0.8
愿意参加	pos	0.8
愿意接受	pos	0.8
劝进	pos	0.8
劝说	pos	0.8
劝慰	pos	0.8
劝导	pos	0.8
严正立场	pos	0.8
严格把关	pos	0.8
严格要求	pos	0.8
严格遵守	pos	0.8
严密掌控	pos	0.8
严肃认真	pos	0.8
严谨把关	pos	0.8
宝刀磨利	pos	0.8
拦截到	pos	0.8
献上	pos	0.8
竞合产生	pos	0.8
竞争力强	pos	0.8
竞争加大	pos	0.8
竞争能力	pos	0.8
竞争优势	pos	0.8
竞争压力	pos	0.8
竞相持有	pos	0.8
竞逐殊荣	pos	0.8
筹设	pos	0.8
筹画	pos	0.8
继承	pos	0.8
继起	pos	0.8
继绩	pos	0.8
继续	pos	0.8
继续交涉	pos	0.8
继续存在	pos	0.8
继续努力	pos	0.8
继续依照	pos	0.8
继续协商	pos	0.8
继续保持	pos	0.8
继续留用	pos	0.8
继续坚持	pos	0.8
继续执行	pos	0.8
继续强调	pos	0.8
继续推动	pos	0.8
继续处理	pos	0.8
继续贯彻	pos	0.8
继续发生	pos	0.8
继续发挥	pos	0.8
继续发酵	pos	0.8
继续进行	pos	0.8
继续开放	pos	0.8
继续维持	pos	0.8
继续增强	pos	0.8
继续调查	pos	0.8
继续适用	pos	0.8
继续担任	pos	0.8
继续攀升	pos	0.8
觉悟	pos	0.8
觉察	pos	0.8
觉醒	pos	0.8
触角	pos	0.8
触底反弹	pos	0.8
议决	pos	0.8
警戒心	pos	0.8
警钟	pos	0.8
赢了	pos	0.8
赢了面子	pos	0.8
赢回	pos	0.8
赢足	pos	0.8
赢来	pos	0.8
赢取	pos	0.8
赢定	pos	0.8
赢定了	pos	0.8
赢面	pos	0.8
赢得好彩头	pos	0.8
赢得冠军	pos	0.8
赢得殊荣	pos	0.8
赢得胜利	pos	0.8
赢得轻松	pos	0.8
赢得惊险	pos	0.8
赢球	pos	0.8
赢过	pos	0.8
赢过球	pos	0.8
赢钱	pos	0.8
释出	pos	0.8
阐明	pos	0.8
阐述	pos	0.8
飘扬	pos	0.8
饶富意义	pos	0.8
腾跃	pos	0.8
携手打拼	pos	0.8
携手共策	pos	0.8
携手合作	pos	0.8
携回	pos	0.8
携带	pos	0.8
灌进	pos	0.8
续向	pos	0.8
续有进展	pos	0.8
续居	pos	0.8
续聘	pos	0.8
续写	pos	0.8
护主	pos	0.8
护主力辩	pos	0.8
护持	pos	0.8
护送	pos	0.8
护卫	pos	0.8
跃入	pos	0.8
跃上	pos	0.8
跃上首席	pos	0.8
跃升为	pos	0.8
跃居	pos	0.8
跃居领先	pos	0.8
跃居枢纽	pos	0.8
跃进	pos	0.8
跻身逐冠	pos	0.8
轰出安打	pos	0.8
轰到	pos	0.8
轰动	pos	0.8
铁了心	pos	0.8
铁血三娘子	pos	0.8
铁定	pos	0.8
铁定是	pos	0.8
铁律	pos	0.8
铁娘子	pos	0.8
铁证如山	pos	0.8
辟出	pos	0.8
霸天	pos	0.8
霸业	pos	0.8
霸赏	pos	0.8
露出	pos	0.8
露出微笑	pos	0.8
露出端倪	pos	0.8
露脸	pos	0.8
顾及	pos	0.8
顾虑周到	pos	0.8
驱力	pos	0.8
驱策	pos	0.8
魔法	pos	0.8
礭实	pos	0.8
飙出	pos	0.8
巅峰	pos	0.8
懿美	pos	0.8
权力	pos	0.8
权力平衡	pos	0.8
权大势大	pos	0.8
权威性	pos	0.8
权倾天下	pos	0.8
欢迎参加	pos	0.8
欢迎进行	pos	0.8
欢迎调查	pos	0.8
欢喜	pos	0.8
欢愉地	pos	0.8
欢庆胜利	pos	0.8
欢跃	pos	0.8
欢欢喜喜	pos	0.8
听取	pos	0.8
听命行事	pos	0.8
听从	pos	0.8
听话	pos	0.8
听说	pos	0.8
读出	pos	0.8
赎罪	pos	0.8
鉴别力	pos	0.8
鉴于	pos	0.8
骄傲于	pos	0.8
恋爱	pos	0.8
恋恋	pos	0.8
变大	pos	0.8
变平静	pos	0.8
变好	pos	0.8
变更	pos	0.8
变乖	pos	0.8
变法图强	pos	0.8
变得较好	pos	0.8
变清	pos	0.8
变新	pos	0.8
显示出	pos	0.8
显而易见	pos	0.8
显见	pos	0.8
显得	pos	0.8
显得容易	pos	0.8
显现	pos	0.8
显现了	pos	0.8
显然是	pos	0.8
显著地	pos	0.8
显著提升	pos	0.8
显著提高	pos	0.8
显著增加	pos	0.8
显著激增	pos	0.8
显著优于	pos	0.8
显赫	pos	0.8
显属	pos	0.8
惊人气势	pos	0.8
惊人潜力	pos	0.8
惊人魅力	pos	0.8
惊奇	pos	0.8
惊为神童	pos	0.8
惊险晋级	pos	0.8
惊险过关	pos	0.8
惊险摘冠	pos	0.8
惊险获胜	pos	0.8
惊赞	pos	0.8
体壮	pos	0.8
体格壮硕	pos	0.8
体贴	pos	0.8
体会	pos	0.8
体认	pos	0.8
体认到	pos	0.8
体谅	pos	0.8
体质不错	pos	0.8
体质健康	pos	0.8
体质强健	pos	0.8
体坛巨星	pos	0.8
体积大为缩减	pos	0.8
让人印象深刻	pos	0.8
让人信服	pos	0.8
让人动容	pos	0.8
让人感动	pos	0.8
让人难忘	pos	0.8
让出	pos	0.8
灵巧地	pos	0.8
灵光	pos	0.8
灵妙	pos	0.8
灵活运用	pos	0.8
灵敏性	pos	0.8
灵魂人物	pos	0.8
骤升	pos	0.8
骤得盛名	pos	0.8
蛮干到底	pos	0.8
观念	pos	0.8
观察	pos	0.8
赞好	pos	0.8
赞许有加	pos	0.8
赞赏有加	pos	0.8
赞誉有加	pos	0.8
吁求	pos	0.8
吁请	pos	0.8
一下子爆发	neg	0.8
一大打击	neg	0.8
一大问题	neg	0.8
一大障碍	neg	0.8
一反	neg	0.8
一反前态	neg	0.8
一巴掌	neg	0.8
一手造成	neg	0.8
一片哗然	neg	0.8
一再叮嘱	neg	0.8
一再受挫	neg	0.8
一死	neg	0.8
一屁股	neg	0.8
一肚子气	neg	0.8
一肚子坏水	neg	0.8
一味反对	neg	0.8
一味讨好	neg	0.8
一命呜呼	neg	0.8
一雨成灾	neg	0.8
一昧	neg	0.8
一昧要求	neg	0.8
一个屁	neg	0.8
一个头两个大	neg	0.8
一个愿打一个愿挨	neg	0.8
一哭二闹三上吊	neg	0.8
一拳	neg	0.8
一时大意	neg	0.8
一气	neg	0.8
一气之下	neg	0.8
一般杀人罪	neg	0.8
一阵狂风	neg	0.8
一阵紧张	neg	0.8
一张臭脸	neg	0.8
一迳	neg	0.8
一胜难求	neg	0.8
一胜难求郎	neg	0.8
一掌	neg	0.8
一减再减	neg	0.8
一无所悉	neg	0.8
一番波折	neg	0.8
一番苦战	neg	0.8
一发不可收拾	neg	0.8
一笔带过	neg	0.8
一脚踹开	neg	0.8
一团混乱	neg	0.8
一掴	neg	0.8
一枪毙了你	neg	0.8
一种威胁	neg	0.8
一语带过	neg	0.8
一箭之仇	neg	0.8
一错再错	neg	0.8
一点也没有帮	neg	0.8
一点用都没有	neg	0.8
一点点	neg	0.8
一筹未展	neg	0.8
七窍生烟	neg	0.8
了事	neg	0.8
了结生命	neg	0.8
二百五	neg	0.8
二度伤害	neg	0.8
二等会员	neg	0.8
人不如狗	neg	0.8
人民不安	neg	0.8
人生不就是如此	neg	0.8
人吃人	neg	0.8
人身伤害	neg	0.8
人事不省	neg	0.8
人为失当	neg	0.8
人为疏失	neg	0.8
人单势孤	neg	0.8
人间蒸发	neg	0.8
人微言轻	neg	0.8
入迷的人	neg	0.8
刀刃	neg	0.8
刀割	neg	0.8
刁难	neg	0.8
刁钻狡猾	neg	0.8
力抗	neg	0.8
力尽	neg	0.8
十分渺茫	neg	0.8
十分复杂	neg	0.8
十分担心	neg	0.8
十分艰辛	neg	0.8
十分难闻	neg	0.8
十分惊讶	neg	0.8
十预	neg	0.8
又不是	neg	0.8
又非	neg	0.8
又气	neg	0.8
三八	neg	0.8
三流	neg	0.8
下不了台	neg	0.8
下手	neg	0.8
下令停止	neg	0.8
下半身思考	neg	0.8
下台一鞠躬	neg	0.8
下地狱	neg	0.8
下沈	neg	0.8
下垂	neg	0.8
下垂度	neg	0.8
下毒	neg	0.8
下重手	neg	0.8
下杀	neg	0.8
下陷	neg	0.8
下落不明	neg	0.8
下狱	neg	0.8
下坠	neg	0.8
下层社会	neg	0.8
下暴雨	neg	0.8
下战书	neg	0.8
下错药	neg	0.8
上当	neg	0.8
上瘾	neg	0.8
上瘾者	neg	0.8
久久难以平复	neg	0.8
久坐	neg	0.8
久拖不决	neg	0.8
久经	neg	0.8
久经世故	neg	0.8
久战兵疲	neg	0.8
也不	neg	0.8
也不会	neg	0.8
也未	neg	0.8
也有限	neg	0.8
也没有	neg	0.8
也非	neg	0.8
也难	neg	0.8
乞丐	neg	0.8
乞求	neg	0.8
乞讨	neg	0.8
乞得	neg	0.8
乞怜	neg	0.8
亡走	neg	0.8
亡命者	neg	0.8
亡命海外	neg	0.8
千斤重担	neg	0.8
千万不要	neg	0.8
口水	neg	0.8
口吃	neg	0.8
口舌之争	neg	0.8
口渴	neg	0.8
口齿不清	neg	0.8
土匪手段	neg	0.8
士气低落	neg	0.8
大力鞑伐	neg	0.8
大小姐脾气	neg	0.8
大小便	neg	0.8
大毛病	neg	0.8
大加批评	neg	0.8
大加挞伐	neg	0.8
大叫	neg	0.8
大叫大嚷著要求	neg	0.8
大失	neg	0.8
大失败	neg	0.8
大打折扣	neg	0.8
大打官司	neg	0.8
大光头	neg	0.8
大吃一惊	neg	0.8
大有问题	neg	0.8
大冷门	neg	0.8
大吵大闹	neg	0.8
大吼	neg	0.8
大忌	neg	0.8
大批出没	neg	0.8
大灾难	neg	0.8
大受打击	neg	0.8
大受伤害	neg	0.8
大受影响	neg	0.8
大怪兽	neg	0.8
大雨	neg	0.8
大便	neg	0.8
大怒	neg	0.8
大洪水	neg	0.8
大为不满	neg	0.8
大相扞格	neg	0.8
大相迳庭	neg	0.8
大胖子	neg	0.8
大军压境	neg	0.8
大降	neg	0.8
大倒退	neg	0.8
大哭	neg	0.8
大恐慌	neg	0.8
大浪	neg	0.8
大浩劫	neg	0.8
大乌龙	neg	0.8
大破坏	neg	0.8
大起大落	neg	0.8
大问题	neg	0.8
大屠杀	neg	0.8
大张旗鼓	neg	0.8
大患	neg	0.8
大败	neg	0.8
大众反弹	neg	0.8
大笨蛋	neg	0.8
大喝倒采	neg	0.8
大幅下降	neg	0.8
大幅受损	neg	0.8
大幅削弱	neg	0.8
大幅倒退	neg	0.8
大幅衰退	neg	0.8
大幅推翻	neg	0.8
大幅减少	neg	0.8
大幅滑落	neg	0.8
大惑	neg	0.8
大悲	neg	0.8
大减	neg	0.8
大发雷霆	neg	0.8
大费周章	neg	0.8
大贬	neg	0.8
大量流失	neg	0.8
大量杀戮	neg	0.8
大量喷出	neg	0.8
大开杀戒	neg	0.8
大乱	neg	0.8
大乱流	neg	0.8
大伤	neg	0.8
大伤脑筋	neg	0.8
大势已去	neg	0.8
大块呆	neg	0.8
大感不安	neg	0.8
大感不悦	neg	0.8
大感失望	neg	0.8
大感吃惊	neg	0.8
大感意外	neg	0.8
大损	neg	0.8
大毁灭	neg	0.8
大烦恼	neg	0.8
大落	neg	0.8
大夸	neg	0.8
大叹	neg	0.8
大敌	neg	0.8
大浇冷水	neg	0.8
大冲击	neg	0.8
大闹	neg	0.8
大噪	neg	0.8
大战	neg	0.8
大萧条	neg	0.8
大错	neg	0.8
大声的要求	neg	0.8
大声要求	neg	0.8
大举入侵	neg	0.8
大嚷	neg	0.8
大烂人	neg	0.8
大变革	neg	0.8
大变动	neg	0.8
大惊	neg	0.8
大惊小怪	neg	0.8
大惊失色	neg	0.8
子弹	neg	0.8
小人得志	neg	0.8
小人得势	neg	0.8
小手段	neg	0.8
小毛病	neg	0.8
小事	neg	0.8
小便	neg	0.8
小孩没屁眼	neg	0.8
小降	neg	0.8
小时了了	neg	0.8
小偷	neg	0.8
小得多	neg	0.8
小眼睛	neg	0.8
小规模战斗	neg	0.8
小家伙	neg	0.8
小幅下挫	neg	0.8
小幅走低	neg	0.8
小提大做	neg	0.8
小跌	neg	0.8
小捣蛋	neg	0.8
小鼻子	neg	0.8
小冲突	neg	0.8
小器	neg	0.8
工作危机	neg	0.8
工作过度	neg	0.8
己见	neg	0.8
已不能	neg	0.8
已失去	neg	0.8
已生龃龉	neg	0.8
已面临停摆	neg	0.8
已无可能	neg	0.8
已过盛年	neg	0.8
已影响	neg	0.8
干戈	neg	0.8
干休	neg	0.8
干政	neg	0.8
干涉证人	neg	0.8
干扰波段	neg	0.8
干扰者	neg	0.8
才怪	neg	0.8
才能指望	neg	0.8
不一定	neg	0.8
不一定最好	neg	0.8
不一致	neg	0.8
不一样	neg	0.8
不了解	neg	0.8
不下	neg	0.8
不大	neg	0.8
不大可能	neg	0.8
不大可能之事	neg	0.8
不小心	neg	0.8
不干涉	neg	0.8
不予	neg	0.8
不予理会	neg	0.8
不予著墨	neg	0.8
不予置评	neg	0.8
不介入	neg	0.8
不允许	neg	0.8
不公平	neg	0.8
不公平歧视待遇	neg	0.8
不公正	neg	0.8
不公正判决	neg	0.8
不切	neg	0.8
不友好	neg	0.8
不友善	neg	0.8
不及格	neg	0.8
不太	neg	0.8
不太相信	neg	0.8
不太能	neg	0.8
不太讨人喜欢	neg	0.8
不太精准	neg	0.8
不引人注意	neg	0.8
不支持	neg	0.8
不文明	neg	0.8
不方便	neg	0.8
不毛	neg	0.8
不主张	neg	0.8
不以	neg	0.8
不代表	neg	0.8
不充分	neg	0.8
不充足	neg	0.8
不出	neg	0.8
不出场	neg	0.8
不加入	neg	0.8
不加思考	neg	0.8
不去	neg	0.8
不去投票	neg	0.8
不可分割	neg	0.8
不可以	neg	0.8
不可收拾	neg	0.8
不可行	neg	0.8
不可取	neg	0.8
不可抵抗	neg	0.8
不可信	neg	0.8
不可信的事物	neg	0.8
不可信赖	neg	0.8
不可原谅	neg	0.8
不可能	neg	0.8
不可能之事	neg	0.8
不可能任务	neg	0.8
不可能成功	neg	0.8
不可沦为	neg	0.8
不可测	neg	0.8
不可爱	neg	0.8
不可预知	neg	0.8
不可预测	neg	0.8
不可靠	neg	0.8
不可讳言	neg	0.8
不可谓	neg	0.8
不可避免	neg	0.8
不可避免地	neg	0.8
不叫做	neg	0.8
不只是	neg	0.8
不巧	neg	0.8
不平	neg	0.8
不平均	neg	0.8
不平坦	neg	0.8
不平常	neg	0.8
不平等	neg	0.8
不平整	neg	0.8
不平衡	neg	0.8
不平静	neg	0.8
不必	neg	0.8
不必要	neg	0.8
不必当真	neg	0.8
不打	neg	0.8
不打算	neg	0.8
不正	neg	0.8
不正直	neg	0.8
不正常	neg	0.8
不正常的兴奋	neg	0.8
不正当	neg	0.8
不正义	neg	0.8
不正确	neg	0.8
不甘	neg	0.8
不甘不愿	neg	0.8
不甘心	neg	0.8
不甘示弱	neg	0.8
不甘寂寞	neg	0.8
不甘愿	neg	0.8
不生育	neg	0.8
不用	neg	0.8
不用投票	neg	0.8
不甩	neg	0.8
不示弱	neg	0.8
不交代	neg	0.8
不光明正大	neg	0.8
不全	neg	0.8
不全然	neg	0.8
不全然相同	neg	0.8
不再是	neg	0.8
不再适用	neg	0.8
不吉利	neg	0.8
不同之处	neg	0.8
不同意	neg	0.8
不合	neg	0.8
不合乎	neg	0.8
不合宜	neg	0.8
不合法	neg	0.8
不合格	neg	0.8
不合情理	neg	0.8
不合情理之事	neg	0.8
不合理待遇	neg	0.8
不合规定	neg	0.8
不合规格之物	neg	0.8
不合意	neg	0.8
不合群	neg	0.8
不合群的动物	neg	0.8
不合标准	neg	0.8
不合适	neg	0.8
不合适地代表	neg	0.8
不合逻辑	neg	0.8
不在	neg	0.8
不在乎	neg	0.8
不在场	neg	0.8
不在意	neg	0.8
不多	neg	0.8
不多见	neg	0.8
不好好	neg	0.8
不好意思	neg	0.8
不如人	neg	0.8
不如人意	neg	0.8
不如前两年亮丽	neg	0.8
不如意	neg	0.8
不如预期	neg	0.8
不存	neg	0.8
不存在	neg	0.8
不守	neg	0.8
不守规矩	neg	0.8
不安全	neg	0.8
不安定	neg	0.8
不安的状态	neg	0.8
不安宁	neg	0.8
不安稳	neg	0.8
不成	neg	0.8
不成比例	neg	0.8
不成功	neg	0.8
不成立	neg	0.8
不成理由	neg	0.8
不成熟	neg	0.8
不自在	neg	0.8
不自然	neg	0.8
不住	neg	0.8
不似	neg	0.8
不免	neg	0.8
不利于	neg	0.8
不告而别	neg	0.8
不均	neg	0.8
不均匀	neg	0.8
不均等	neg	0.8
不妊	neg	0.8
不妥协	neg	0.8
不妥当	neg	0.8
不完	neg	0.8
不完全	neg	0.8
不完美	neg	0.8
不希望	neg	0.8
不忍卒睹	neg	0.8
不快乐	neg	0.8
不把	neg	0.8
不牢固	neg	0.8
不牢靠	neg	0.8
不良产品	neg	0.8
不见	neg	0.8
不见外客	neg	0.8
不足之处	neg	0.8
不足以	neg	0.8
不足以抵御	neg	0.8
不足为奇	neg	0.8
不足为虑	neg	0.8
不足采信	neg	0.8
不足维生	neg	0.8
不足额	neg	0.8
不依	neg	0.8
不依法	neg	0.8
不两立	neg	0.8
不具	neg	0.8
不具有	neg	0.8
不具备	neg	0.8
不到案	neg	0.8
不协调	neg	0.8
不受重视	neg	0.8
不受尊重	neg	0.8
不受感动	neg	0.8
不受鼓励	neg	0.8
不受欢迎	neg	0.8
不和	neg	0.8
不和谐	neg	0.8
不周到	neg	0.8
不坦率	neg	0.8
不定	neg	0.8
不幸之事	neg	0.8
不幸事件	neg	0.8
不幸的人	neg	0.8
不幸的是	neg	0.8
不幸丧生	neg	0.8
不幸罹难	neg	0.8
不忠	neg	0.8
不忠实	neg	0.8
不忿	neg	0.8
不怕死	neg	0.8
不承认	neg	0.8
不承诺	neg	0.8
不抱	neg	0.8
不易	neg	0.8
不易突破	neg	0.8
不易了解	neg	0.8
不易弯曲	neg	0.8
不明了	neg	0.8
不明白	neg	0.8
不明原因	neg	0.8
不明确	neg	0.8
不服	neg	0.8
不服气	neg	0.8
不服从	neg	0.8
不果	neg	0.8
不注重	neg	0.8
不注意	neg	0.8
不法分子	neg	0.8
不法行为	neg	0.8
不法行径	neg	0.8
不法活动	neg	0.8
不法情事	neg	0.8
不治	neg	0.8
不直截了当	neg	0.8
不知	neg	0.8
不知不觉	neg	0.8
不知去向	neg	0.8
不知所措	neg	0.8
不知为何	neg	0.8
不知恩	neg	0.8
不知道	neg	0.8
不知检点	neg	0.8
不肯	neg	0.8
不肯投诚	neg	0.8
不肯坦承	neg	0.8
不肯定	neg	0.8
不肯接受	neg	0.8
不肯越过障碍物	neg	0.8
不肯让步	neg	0.8
不表示	neg	0.8
不近	neg	0.8
不长	neg	0.8
不长果实	neg	0.8
不长眼睛	neg	0.8
不长进	neg	0.8
不信	neg	0.8
不信任	neg	0.8
不信任案	neg	0.8
不信实	neg	0.8
不便	neg	0.8
不便之处	neg	0.8
不便透露	neg	0.8
不保	neg	0.8
不保留	neg	0.8
不保障	neg	0.8
不保证	neg	0.8
不厚道	neg	0.8
不客气	neg	0.8
不建	neg	0.8
不很乐观	neg	0.8
不恰当	neg	0.8
不恰当地	neg	0.8
不挑衅	neg	0.8
不是人	neg	0.8
不是很好	neg	0.8
不是很高	neg	0.8
不是这么回事	neg	0.8
不是最好	neg	0.8
不是滋味	neg	0.8
不是办法	neg	0.8
不流行	neg	0.8
不流动	neg	0.8
不活泼	neg	0.8
不为	neg	0.8
不为人喜	neg	0.8
不为接受	neg	0.8
不甚	neg	0.8
不甚了解	neg	0.8
不甚积极	neg	0.8
不省	neg	0.8
不省人事	neg	0.8
不相同	neg	0.8
不相来往	neg	0.8
不相宜	neg	0.8
不相信	neg	0.8
不相容	neg	0.8
不相配合	neg	0.8
不看好	neg	0.8
不美	neg	0.8
不美满	neg	0.8
不耐	neg	0.8
不耐烦	neg	0.8
不要命	neg	0.8
不负责	neg	0.8
不负责任	neg	0.8
不重要	neg	0.8
不重要之人	neg	0.8
不重视	neg	0.8
不值	neg	0.8
不值一评	neg	0.8
不值得	neg	0.8
不值钱	neg	0.8
不值钱的东西	neg	0.8
不准	neg	0.8
不容	neg	0.8
不容易	neg	0.8
不容许	neg	0.8
不屑	neg	0.8
不屑做	neg	0.8
不耻	neg	0.8
不悦	neg	0.8
不悦之色	neg	0.8
不悦耳	neg	0.8
不振	neg	0.8
不核准	neg	0.8
不涉及	neg	0.8
不留心	neg	0.8
不留神	neg	0.8
不真实	neg	0.8
不眠	neg	0.8
不纯	neg	0.8
不纯洁	neg	0.8
不能失信	neg	0.8
不能再推卸	neg	0.8
不能安定	neg	0.8
不能吻合	neg	0.8
不能忘记	neg	0.8
不能决定	neg	0.8
不能两全	neg	0.8
不能征服	neg	0.8
不能肯定	neg	0.8
不能信赖	neg	0.8
不能幸免	neg	0.8
不能容忍	neg	0.8
不能区别	neg	0.8
不能够	neg	0.8
不能寄望	neg	0.8
不能得兼	neg	0.8
不能理解	neg	0.8
不能透露	neg	0.8
不能胜任	neg	0.8
不能想像	neg	0.8
不能解决	neg	0.8
不能解决问题	neg	0.8
不能解释	neg	0.8
不能认同	neg	0.8
不能说没有	neg	0.8
不能说明	neg	0.8
不能辨别	neg	0.8
不能压制	neg	0.8
不能矫正	neg	0.8
不能医治	neg	0.8
不能驱逐	neg	0.8
不记得	neg	0.8
不讨喜	neg	0.8
不起作用	neg	0.8
不配	neg	0.8
不配合	neg	0.8
不高	neg	0.8
不高兴	neg	0.8
不停叫骂	neg	0.8
不健全	neg	0.8
不健康	neg	0.8
不务	neg	0.8
不参加	neg	0.8
不问	neg	0.8
不坚固	neg	0.8
不够公平	neg	0.8
不够好	neg	0.8
不够格	neg	0.8
不够深广	neg	0.8
不将	neg	0.8
不强	neg	0.8
不强迫	neg	0.8
不得	neg	0.8
不得力	neg	0.8
不得不如此	neg	0.8
不得交保	neg	0.8
不得志	neg	0.8
不得超过	neg	0.8
不得养老	neg	0.8
不得检查	neg	0.8
不从	neg	0.8
不情愿	neg	0.8
不接受	neg	0.8
不舍	neg	0.8
不清	neg	0.8
不清楚	neg	0.8
不淑	neg	0.8
不爽	neg	0.8
不理	neg	0.8
不理想	neg	0.8
不理会	neg	0.8
不理解	neg	0.8
不符合	neg	0.8
不细密	neg	0.8
不习惯	neg	0.8
不庄重	neg	0.8
不被	neg	0.8
不被承认	neg	0.8
不规则的事物	neg	0.8
不许	neg	0.8
不这么想	neg	0.8
不这么认为	neg	0.8
不速之客	neg	0.8
不劳	neg	0.8
不胜	neg	0.8
不胜任	neg	0.8
不啻变天	neg	0.8
不喜欢	neg	0.8
不单单是	neg	0.8
不堪负荷	neg	0.8
不堪过往	neg	0.8
不堪捡视	neg	0.8
不报	neg	0.8
不尊重	neg	0.8
不寻常	neg	0.8
不就	neg	0.8
不复	neg	0.8
不复之境地	neg	0.8
不复见	neg	0.8
不愉快	neg	0.8
不愉快的事	neg	0.8
不提	neg	0.8
不敢	neg	0.8
不敢同	neg	0.8
不敢抱怨	neg	0.8
不敢保证	neg	0.8
不敢苟同	neg	0.8
不敢置信	neg	0.8
不普遍	neg	0.8
不智	neg	0.8
不智之举	neg	0.8
不曾	neg	0.8
不然	neg	0.8
不发	neg	0.8
不发达	neg	0.8
不结果	neg	0.8
不结果实	neg	0.8
不善	neg	0.8
不舒服	neg	0.8
不舒适	neg	0.8
不著	neg	0.8
不开放	neg	0.8
不雅观	neg	0.8
不顺利	neg	0.8
不顺眼	neg	0.8
不顺当	neg	0.8
不顺当地	neg	0.8
不须要	neg	0.8
不仅	neg	0.8
不仅疏忽	neg	0.8
不仅仅是	neg	0.8
不意味	neg	0.8
不感到	neg	0.8
不想	neg	0.8
不想成为	neg	0.8
不想要	neg	0.8
不爱	neg	0.8
不慎	neg	0.8
不搞	neg	0.8
不新鲜	neg	0.8
不会再相信	neg	0.8
不会同意	neg	0.8
不会有好结果	neg	0.8
不会改变	neg	0.8
不会期待	neg	0.8
不会无限期拖延	neg	0.8
不会碰到	neg	0.8
不会辞职	neg	0.8
不准备	neg	0.8
不照顾	neg	0.8
不当行为	neg	0.8
不当的责难	neg	0.8
不当处理	neg	0.8
不当奖励	neg	0.8
不睦	neg	0.8
不经	neg	0.8
不经心	neg	0.8
不经意说出	neg	0.8
不经济	neg	0.8
不置可否	neg	0.8
不解决	neg	0.8
不该	neg	0.8
不诚实	neg	0.8
不像	neg	0.8
不像真实	neg	0.8
不宁	neg	0.8
不实在	neg	0.8
不对等	neg	0.8
不对称	neg	0.8
不对头	neg	0.8
不对头地	neg	0.8
不彰	neg	0.8
不满足	neg	0.8
不满意	neg	0.8
不尽	neg	0.8
不尽合理	neg	0.8
不尽快	neg	0.8
不尽相同	neg	0.8
不称心	neg	0.8
不称心地	neg	0.8
不管	neg	0.8
不管怎样	neg	0.8
不管怎样地	neg	0.8
不算	neg	0.8
不精密	neg	0.8
不精确	neg	0.8
不与	neg	0.8
不认为	neg	0.8
不认罪	neg	0.8
不认识	neg	0.8
不说话	neg	0.8
不说实话	neg	0.8
不轻松	neg	0.8
不需	neg	0.8
不需要	neg	0.8
不履行	neg	0.8
不乐	neg	0.8
不乐于	neg	0.8
不乐意	neg	0.8
不洁净	neg	0.8
不熟悉	neg	0.8
不确	neg	0.8
不确定	neg	0.8
不确信	neg	0.8
不确实	neg	0.8
不卫生	neg	0.8
不谈	neg	0.8
不课	neg	0.8
不调和	neg	0.8
不论	neg	0.8
不适用	neg	0.8
不适任	neg	0.8
不适合	neg	0.8
不适时	neg	0.8
不适格	neg	0.8
不适当	neg	0.8
不适应环境	neg	0.8
不遭合	neg	0.8
不择	neg	0.8
不亲切	neg	0.8
不讳	neg	0.8
不遵守	neg	0.8
不遵循	neg	0.8
不应	neg	0.8
不应该	neg	0.8
不应构成	neg	0.8
不懂	neg	0.8
不懂人情世故	neg	0.8
不懂事	neg	0.8
不拟	neg	0.8
不检	neg	0.8
不讲信用	neg	0.8
不讲话	neg	0.8
不讲道理	neg	0.8
不赚钱	neg	0.8
不断下跌	neg	0.8
不断引起苦恼	neg	0.8
不断唠叨	neg	0.8
不断骚扰	neg	0.8
不归路	neg	0.8
不礼貌	neg	0.8
不谨慎	neg	0.8
不怀	neg	0.8
不稳	neg	0.8
不稳固	neg	0.8
不稳定	neg	0.8
不识	neg	0.8
不识字	neg	0.8
不赞同	neg	0.8
不赞成	neg	0.8
不关	neg	0.8
不关心	neg	0.8
不关紧要之事	neg	0.8
不愿支持	neg	0.8
不愿透露	neg	0.8
不愿意	neg	0.8
不严密	neg	0.8
不觉	neg	0.8
不惧	neg	0.8
不续聘	neg	0.8
不顾一切地	neg	0.8
不顾事实	neg	0.8
不顾后果	neg	0.8
不欢而散	neg	0.8
不欢迎	neg	0.8
不听话	neg	0.8
不显著	neg	0.8
不体面	neg	0.8
不羁	neg	0.8
不让	neg	0.8
中下	neg	0.8
中止谈判	neg	0.8
中指	neg	0.8
中毒	neg	0.8
中挫	neg	0.8
中伤性	neg	0.8
中伤者	neg	0.8
中箭	neg	0.8
中箭落马	neg	0.8
之仇	neg	0.8
之恨	neg	0.8
之苦	neg	0.8
之耻	neg	0.8
之深	neg	0.8
之嫌	neg	0.8
井蛙	neg	0.8
互不	neg	0.8
互不相让	neg	0.8
互斥	neg	0.8
互吵	neg	0.8
互相伤害	neg	0.8
互责过失	neg	0.8
互撞	neg	0.8
互殴	neg	0.8
互骂	neg	0.8
五味杂陈	neg	0.8
什么世界	neg	0.8
什么东西	neg	0.8
什么态度	neg	0.8
什么德性	neg	0.8
仇外情节	neg	0.8
仇佛蔑僧	neg	0.8
仇恨	neg	0.8
仍不	neg	0.8
仍不一致	neg	0.8
仍不满意	neg	0.8
仍未	neg	0.8
仍未结案	neg	0.8
仍有困难	neg	0.8
仍有歧见	neg	0.8
仍有争议	neg	0.8
仍有缺失	neg	0.8
仍没有	neg	0.8
仍无	neg	0.8
仍嫌	neg	0.8
元气大伤	neg	0.8
元气大损	neg	0.8
内疚	neg	0.8
内阻	neg	0.8
内侵	neg	0.8
内斗	neg	0.8
内斗内行外斗	neg	0.8
内情	neg	0.8
内部分歧	neg	0.8
内部问题	neg	0.8
内部紧张	neg	0.8
内哄	neg	0.8
内哄闹剧	neg	0.8
六神无主	neg	0.8
公然反对	neg	0.8
公然挑衅	neg	0.8
公开惩诫	neg	0.8
冗长乏味	neg	0.8
冗长繁复	neg	0.8
冗语	neg	0.8
冗余	neg	0.8
凶什么	neg	0.8
凶事	neg	0.8
凶猛	neg	0.8
分心	neg	0.8
分心的事物	neg	0.8
分手	neg	0.8
分立	neg	0.8
分身乏术	neg	0.8
分歧点	neg	0.8
分泌毒液	neg	0.8
分青红皂白	neg	0.8
分崩	neg	0.8
分割	neg	0.8
分散	neg	0.8
分散延伸	neg	0.8
分裂	neg	0.8
分裂局面	neg	0.8
分隔	neg	0.8
分离	neg	0.8
切勿	neg	0.8
切断	neg	0.8
勾引到	neg	0.8
勿作	neg	0.8
勿损	neg	0.8
化为一场悲剧	neg	0.8
化为灰烬	neg	0.8
升高紧张	neg	0.8
厄难	neg	0.8
反日	neg	0.8
反正	neg	0.8
反目成仇	neg	0.8
反托拉斯	neg	0.8
反作用	neg	0.8
反冲	neg	0.8
反其道	neg	0.8
反其道而行	neg	0.8
反叛	neg	0.8
反叛者	neg	0.8
反美	neg	0.8
反倒	neg	0.8
反效果	neg	0.8
反核	neg	0.8
反核大游行	neg	0.8
反核废	neg	0.8
反动分子	neg	0.8
反动主义	neg	0.8
反动主义者	neg	0.8
反动派	neg	0.8
反动傀儡	neg	0.8
反常现象	neg	0.8
反控	neg	0.8
反复	neg	0.8
反复告诉	neg	0.8
反话	neg	0.8
反对他	neg	0.8
反对立场	neg	0.8
反对改革	neg	0.8
反对者	neg	0.8
反对声浪	neg	0.8
反讽	neg	0.8
反应不及	neg	0.8
反转下跌	neg	0.8
反证	neg	0.8
反观	neg	0.8
天人永隔	neg	0.8
天地之差	neg	0.8
天伦破碎	neg	0.8
天杀	neg	0.8
天罗地网	neg	0.8
天壤之别	neg	0.8
天谴	neg	0.8
太久	neg	0.8
太大压力	neg	0.8
太少	neg	0.8
太可怕	neg	0.8
太低	neg	0.8
太低级	neg	0.8
太苛	neg	0.8
太差	neg	0.8
太弱	neg	0.8
太荒谬	neg	0.8
太累	neg	0.8
太短视	neg	0.8
太费精力	neg	0.8
太闲	neg	0.8
太过	neg	0.8
太过分	neg	0.8
太过自信	neg	0.8
太过昂贵	neg	0.8
太过粗糙	neg	0.8
太过残酷	neg	0.8
太过肤浅	neg	0.8
太过激烈	neg	0.8
太慢	neg	0.8
太迟	neg	0.8
太离谱	neg	0.8
太坏	neg	0.8
夭折	neg	0.8
夭寿	neg	0.8
少一点	neg	0.8
少了	neg	0.8
少了看头	neg	0.8
少之又少	neg	0.8
少打	neg	0.8
少年暴力	neg	0.8
少有人	neg	0.8
少于	neg	0.8
少给	neg	0.8
少惹	neg	0.8
少惹我	neg	0.8
少烦	neg	0.8
少烦我	neg	0.8
少数	neg	0.8
巴掌	neg	0.8
幻想	neg	0.8
吊诡	neg	0.8
引人非议	neg	0.8
引人疑窦	neg	0.8
引人担心	neg	0.8
引以为忧	neg	0.8
引以为鉴	neg	0.8
引起不舒服	neg	0.8
引起死亡	neg	0.8
引起争议	neg	0.8
引起浪费和贪	neg	0.8
引起疼痛	neg	0.8
引起紧张	neg	0.8
引起嘲笑	neg	0.8
引起震惊	neg	0.8
引起震惊的事件	neg	0.8
引起爆炸	neg	0.8
引退	neg	0.8
引发迫害	neg	0.8
引发风暴	neg	0.8
引发暴乱	neg	0.8
心力交疲	neg	0.8
心下一惊	neg	0.8
心不甘情不愿	neg	0.8
心中之痛	neg	0.8
心生畏惧	neg	0.8
心地不好	neg	0.8
心如刀割	neg	0.8
心存怨怼	neg	0.8
心存疑虑	neg	0.8
心有不甘	neg	0.8
心有未甘	neg	0.8
心死	neg	0.8
心灰意冷	neg	0.8
心急	neg	0.8
心急如焚	neg	0.8
心浮气躁	neg	0.8
心疼	neg	0.8
心神不安	neg	0.8
心情不好	neg	0.8
心情不稳	neg	0.8
心情浮动	neg	0.8
心情恶劣	neg	0.8
心理伤害	neg	0.8
心理障碍	neg	0.8
心眼坏	neg	0.8
心软	neg	0.8
心智衰弱	neg	0.8
心智丧失	neg	0.8
心痛	neg	0.8
心结	neg	0.8
心机	neg	0.8
心机很重	neg	0.8
心脏受不了	neg	0.8
心惊	neg	0.8
心惊害怕	neg	0.8
心灵匮乏	neg	0.8
户斥	neg	0.8
手下败将	neg	0.8
手刃	neg	0.8
手段凶残	neg	0.8
手背	neg	0.8
手风欠顺	neg	0.8
手软	neg	0.8
手弑	neg	0.8
手让出	neg	0.8
支付利息	neg	0.8
支吾	neg	0.8
文攻批判	neg	0.8
文攻武吓	neg	0.8
文明病	neg	0.8
文盲	neg	0.8
日本鬼子	neg	0.8
日益险恶	neg	0.8
日渐不利	neg	0.8
日渐冷却	neg	0.8
日渐淡薄	neg	0.8
日趋恶化	neg	0.8
日趋艰困	neg	0.8
日锤山	neg	0.8
木已成舟	neg	0.8
木棍	neg	0.8
欠打	neg	0.8
欠扁	neg	0.8
欠缺	neg	0.8
欠缺效率	neg	0.8
欠揍	neg	0.8
欠顺	neg	0.8
欠干	neg	0.8
欠骂	neg	0.8
欠钱	neg	0.8
止步	neg	0.8
歹戏拖棚	neg	0.8
毋须	neg	0.8
毋需	neg	0.8
毋需撤离	neg	0.8
比下去	neg	0.8
比不上	neg	0.8
比以前大	neg	0.8
比较少	neg	0.8
比较低	neg	0.8
比较困难	neg	0.8
比较委婉	neg	0.8
比较慢	neg	0.8
比较难	neg	0.8
毛坑	neg	0.8
毛病丛生	neg	0.8
水火不容	neg	0.8
水妖	neg	0.8
水性杨花的女人	neg	0.8
水深火热	neg	0.8
水雷	neg	0.8
火了	neg	0.8
火并	neg	0.8
片面之词	neg	0.8
牙痒痒	neg	0.8
牛皮吹破	neg	0.8
牛步化	neg	0.8
犬儒主义	neg	0.8
王八羔子	neg	0.8
世仇	neg	0.8
世代结仇	neg	0.8
世界末日	neg	0.8
世界的末日	neg	0.8
世侩	neg	0.8
丕必	neg	0.8
主要难题	neg	0.8
主战派	neg	0.8
乏人	neg	0.8
乏人问津	neg	0.8
乏人关注	neg	0.8
乏善	neg	0.8
乏善可陈	neg	0.8
以牙还牙	neg	0.8
以死抗议	neg	0.8
以免	neg	0.8
以免损害	neg	0.8
以呻吟声说出	neg	0.8
以怨	neg	0.8
以怨报怨	neg	0.8
以为不可	neg	0.8
以炮相向	neg	0.8
以退为进	neg	0.8
以商逼政	neg	0.8
以喧闹声扰	neg	0.8
以债养债	neg	0.8
以诱饵吸引	neg	0.8
以饵引诱	neg	0.8
付之一炬	neg	0.8
付出极大的代	neg	0.8
付出惨痛代价	neg	0.8
付得更多	neg	0.8
他奶奶	neg	0.8
他马	neg	0.8
他妈妈	neg	0.8
仗著	neg	0.8
代沟	neg	0.8
代罪羔羊	neg	0.8
代志大条	neg	0.8
令人不堪	neg	0.8
令人不愉快	neg	0.8
令人不解	neg	0.8
令人不满意	neg	0.8
令人心痛	neg	0.8
令人失望	neg	0.8
令人失望的人	neg	0.8
令人生畏	neg	0.8
令人吃惊	neg	0.8
令人扼腕	neg	0.8
令人沮丧	neg	0.8
令人恐惧	neg	0.8
令人讨厌的人	neg	0.8
令人讨厌的事物	neg	0.8
令人窒息的浓烟	neg	0.8
令人丧胆	neg	0.8
令人悲痛	neg	0.8
令人无法忍受	neg	0.8
令人伤心	neg	0.8
令人意外的低	neg	0.8
令人烦恼	neg	0.8
令人烦忧	neg	0.8
令人诟病	neg	0.8
令人疑虑	neg	0.8
令人愤慨	neg	0.8
令人担心	neg	0.8
令人头痛	neg	0.8
令人头痛之事	neg	0.8
令人怀疑	neg	0.8
令人难过	neg	0.8
令退役	neg	0.8
充公	neg	0.8
充斥	neg	0.8
充其量	neg	0.8
充满危险	neg	0.8
充满敌意	neg	0.8
凹下	neg	0.8
凹痕	neg	0.8
凹陷	neg	0.8
凹种	neg	0.8
出了毛病	neg	0.8
出了问题	neg	0.8
出入	neg	0.8
出亡	neg	0.8
出乎	neg	0.8
出乎意料地	neg	0.8
出没	neg	0.8
出没于	neg	0.8
出走	neg	0.8
出状况	neg	0.8
出拳打	neg	0.8
出气	neg	0.8
出气筒	neg	0.8
出问题	neg	0.8
出现问题	neg	0.8
出尽	neg	0.8
出卖	neg	0.8
出卖了	neg	0.8
出卖身体	neg	0.8
出卖灵肉	neg	0.8
出糗	neg	0.8
凸槌	neg	0.8
凸锤	neg	0.8
加油添醋	neg	0.8
加负荷于	neg	0.8
加负担于	neg	0.8
加重课税	neg	0.8
加重压于	neg	0.8
加害	neg	0.8
加害人	neg	0.8
加害者	neg	0.8
加罪	neg	0.8
加罪于	neg	0.8
加障碍于	neg	0.8
功利	neg	0.8
功利主义	neg	0.8
功利主义者	neg	0.8
功利论者	neg	0.8
功败垂成	neg	0.8
包围	neg	0.8
匆匆忙忙	neg	0.8
匆匆结婚	neg	0.8
匆忙地走	neg	0.8
匆忙地做	neg	0.8
匆忙咽下	neg	0.8
半途收兵	neg	0.8
半毁	neg	0.8
卡在	neg	0.8
卡掉	neg	0.8
占去	neg	0.8
去去去	neg	0.8
去死吧	neg	0.8
去死啦	neg	0.8
去你	neg	0.8
去你妈	neg	0.8
去搞	neg	0.8
可行性等于没有	neg	0.8
可作两种解释	neg	0.8
可怕的人	neg	0.8
可怕的事	neg	0.8
可怕的事物	neg	0.8
可争论	neg	0.8
可是	neg	0.8
可容忍	neg	0.8
可耻的人	neg	0.8
可耻计谋	neg	0.8
可能性低	neg	0.8
可能结束	neg	0.8
可惜	neg	0.8
可惜挨轰	neg	0.8
可厌	neg	0.8
可厌恶	neg	0.8
可叹	neg	0.8
可疑	neg	0.8
可疑之处	neg	0.8
可疑分子	neg	0.8
可怜的人	neg	0.8
可憎可恶	neg	0.8
可议	neg	0.8
可议心态	neg	0.8
古老	neg	0.8
古怪的人	neg	0.8
古为今用	neg	0.8
叨念	neg	0.8
司空见惯	neg	0.8
叫化子	neg	0.8
叫吠	neg	0.8
叫屁	neg	0.8
叫屈	neg	0.8
叫苦	neg	0.8
叫喊	neg	0.8
叫喊著说	neg	0.8
叫喊声	neg	0.8
叫骂	neg	0.8
叫嚷	neg	0.8
只好	neg	0.8
只见其乱	neg	0.8
只知	neg	0.8
只是表面工夫	neg	0.8
只调查	neg	0.8
叱责	neg	0.8
台币贬值	neg	0.8
台独	neg	0.8
台湾之耻	neg	0.8
台湾政治的索	neg	0.8
句点	neg	0.8
四处觅食	neg	0.8
四散	neg	0.8
囚禁	neg	0.8
外力干扰	neg	0.8
外交孤立	neg	0.8
外交对抗	neg	0.8
外行	neg	0.8
外来	neg	0.8
外泄	neg	0.8
外斗	neg	0.8
外债	neg	0.8
外伤	neg	0.8
外伤用	neg	0.8
失一分	neg	0.8
失之毫厘	neg	0.8
失之严苛	neg	0.8
失分	neg	0.8
失手自杀	neg	0.8
失去了	neg	0.8
失去了意义	neg	0.8
失去母兽	neg	0.8
失去母兽的小动物	neg	0.8
失去生命	neg	0.8
失去光泽	neg	0.8
失去法律保护	neg	0.8
失去知觉	neg	0.8
失去勇气	neg	0.8
失去能力	neg	0.8
失去意义	neg	0.8
失去感觉	neg	0.8
失去联络	neg	0.8
失去竞争力	neg	0.8
失去竞争力失业	neg	0.8
失色	neg	0.8
失志	neg	0.8
失身	neg	0.8
失事坠海	neg	0.8
失和	neg	0.8
失法	neg	0.8
失盲	neg	0.8
失怙	neg	0.8
失信于	neg	0.8
失信于民	neg	0.8
失查	neg	0.8
失原意	neg	0.8
失真	neg	0.8
失笑	neg	0.8
失能	neg	0.8
失常	neg	0.8
失控地	neg	0.8
失措	neg	0.8
失败者	neg	0.8
失速坠地	neg	0.8
失散	neg	0.8
失散多年	neg	0.8
失焦	neg	0.8
失意	neg	0.8
失业人数	neg	0.8
失业者	neg	0.8
失业率上升	neg	0.8
失业率升高	neg	0.8
失落	neg	0.8
失过手	neg	0.8
失误太多	neg	0.8
失误多	neg	0.8
失误连连	neg	0.8
失误过多	neg	0.8
失误渐多	neg	0.8
失误频频	neg	0.8
失魂落魄	neg	0.8
失调	neg	0.8
失据	neg	0.8
奴隶	neg	0.8
巨大冲击	neg	0.8
巨大压力	neg	0.8
巨物	neg	0.8
巨澜	neg	0.8
巧取	neg	0.8
左道	neg	0.8
市场垄断	neg	0.8
平白放弃	neg	0.8
幼稚无知	neg	0.8
幼齿	neg	0.8
必死	neg	0.8
必死无疑	neg	0.8
必须改善	neg	0.8
必须等待	neg	0.8
必须赔偿	neg	0.8
必输	neg	0.8
打一打	neg	0.8
打了折扣	neg	0.8
打人	neg	0.8
打人喊救人	neg	0.8
打入地狱	neg	0.8
打入冷宫	neg	0.8
打不出	neg	0.8
打不进	neg	0.8
打太太	neg	0.8
打仗	neg	0.8
打出	neg	0.8
打包	neg	0.8
打耳光	neg	0.8
打屁股	neg	0.8
打折扣	neg	0.8
打哈欠	neg	0.8
打架闹事	neg	0.8
打倒	neg	0.8
打消	neg	0.8
打高空	neg	0.8
打偏	neg	0.8
打得太差	neg	0.8
打掉	neg	0.8
打混	neg	0.8
打著哈欠说	neg	0.8
打碎	neg	0.8
打道回府	neg	0.8
打滚	neg	0.8
打赌	neg	0.8
打错算盘	neg	0.8
打断	neg	0.8
打烂	neg	0.8
打颤	neg	0.8
打搅	neg	0.8
扒出	neg	0.8
斥之	neg	0.8
斥为	neg	0.8
未了	neg	0.8
未下定义	neg	0.8
未上班者	neg	0.8
未中	neg	0.8
未予	neg	0.8
未公布	neg	0.8
未及时	neg	0.8
未反映	neg	0.8
未以	neg	0.8
未付给	neg	0.8
未出席	neg	0.8
未出现	neg	0.8
未出场	neg	0.8
未加	neg	0.8
未加入	neg	0.8
未加抑制	neg	0.8
未包括	neg	0.8
未平	neg	0.8
未平衡	neg	0.8
未必	neg	0.8
未必划算	neg	0.8
未必能	neg	0.8
未必就是	neg	0.8
未打入	neg	0.8
未打完	neg	0.8
未再	neg	0.8
未列	neg	0.8
未列入	neg	0.8
未向	neg	0.8
未在	neg	0.8
未如	neg	0.8
未成	neg	0.8
未成功	neg	0.8
未成年	neg	0.8
未有	neg	0.8
未有人报告	neg	0.8
未有共识	neg	0.8
未至	neg	0.8
未克返	neg	0.8
未克竟全功	neg	0.8
未免	neg	0.8
未妥善	neg	0.8
未完	neg	0.8
未完全	neg	0.8
未完全发展	neg	0.8
未完全落实	neg	0.8
未完成	neg	0.8
未完成体	neg	0.8
未投票	neg	0.8
未改善	neg	0.8
未改变	neg	0.8
未攻下	neg	0.8
未决	neg	0.8
未决定	neg	0.8
未见到	neg	0.8
未见突出	neg	0.8
未见效	neg	0.8
未见起色	neg	0.8
未享受	neg	0.8
未依	neg	0.8
未依约	neg	0.8
未依照	neg	0.8
未具备	neg	0.8
未到	neg	0.8
未取得	neg	0.8
未受制止	neg	0.8
未定	neg	0.8
未定界	neg	0.8
未定论	neg	0.8
未征服	neg	0.8
未承诺	neg	0.8
未明定	neg	0.8
未明订	neg	0.8
未注意	neg	0.8
未知	neg	0.8
未知的东西	neg	0.8
未知数	neg	0.8
未建立	neg	0.8
未建议	neg	0.8
未持续	neg	0.8
未指明	neg	0.8
未派人	neg	0.8
未若	neg	0.8
未要求	neg	0.8
未展开	neg	0.8
未拿出	neg	0.8
未料	neg	0.8
未料到	neg	0.8
未能比拟	neg	0.8
未能如愿	neg	0.8
未能取得	neg	0.8
未能得逞	neg	0.8
未能涵盖	neg	0.8
未能掌握	neg	0.8
未能达到	neg	0.8
未能影响	neg	0.8
未能卫冕	neg	0.8
未能辨认	neg	0.8
未能获得	neg	0.8
未能证实	neg	0.8
未做	neg	0.8
未参与	neg	0.8
未坚持	neg	0.8
未将	neg	0.8
未得	neg	0.8
未得分	neg	0.8
未得到	neg	0.8
未得奖	neg	0.8
未悉	neg	0.8
未接受	neg	0.8
未接获	neg	0.8
未采取	neg	0.8
未采信	neg	0.8
未采纳	neg	0.8
未清	neg	0.8
未理会	neg	0.8
未符合	neg	0.8
未被	neg	0.8
未被北韩同意	neg	0.8
未被接受	neg	0.8
未被通知	neg	0.8
未被证明为正当	neg	0.8
未设防	neg	0.8
未透露	neg	0.8
未就此停歇	neg	0.8
未掌握	neg	0.8
未提	neg	0.8
未提到	neg	0.8
未曾	neg	0.8
未曾做到	neg	0.8
未减轻	neg	0.8
未发表	neg	0.8
未发觉	neg	0.8
未答应	neg	0.8
未给付	neg	0.8
未善尽	neg	0.8
未翔实交代	neg	0.8
未进	neg	0.8
未进行	neg	0.8
未开化	neg	0.8
未开始	neg	0.8
未感受	neg	0.8
未歇	neg	0.8
未经训练	neg	0.8
未经通知	neg	0.8
未经澄清	neg	0.8
未经检查	neg	0.8
未落实	neg	0.8
未落实监督	neg	0.8
未解	neg	0.8
未解决	neg	0.8
未解散	neg	0.8
未详细说明	neg	0.8
未达成	neg	0.8
未达成协议	neg	0.8
未达到	neg	0.8
未过关	neg	0.8
未划归	neg	0.8
未夺取	neg	0.8
未对	neg	0.8
未与	neg	0.8
未蒙其利先受其害	neg	0.8
未认真检讨	neg	0.8
未说明	neg	0.8
未审议完成	neg	0.8
未确定	neg	0.8
未缓和	neg	0.8
未谈到	neg	0.8
未适时	neg	0.8
未适时获告知	neg	0.8
未积极	neg	0.8
未臻	neg	0.8
未臻成熟	neg	0.8
未遵守	neg	0.8
未优于	neg	0.8
未击中	neg	0.8
未检讨	neg	0.8
未获具体结论	neg	0.8
未获致	neg	0.8
未获得	neg	0.8
未获情报	neg	0.8
未邀请	neg	0.8
未曝光	neg	0.8
未签署	neg	0.8
未继续	neg	0.8
未触及	neg	0.8
未露面	neg	0.8
未让	neg	0.8
末日审判	neg	0.8
正式放弃	neg	0.8
正式脱离或退出	neg	0.8
正步上轨道	neg	0.8
永久污染	neg	0.8
永诀	neg	0.8
永远的痛	neg	0.8
永远消失	neg	0.8
永远都不要看到你	neg	0.8
永远无法	neg	0.8
泛滥成祸	neg	0.8
犯了大错	neg	0.8
犯了罪	neg	0.8
犯了错	neg	0.8
犯人	neg	0.8
犯下	neg	0.8
犯下谬误	neg	0.8
犯不著	neg	0.8
犯台	neg	0.8
犯台企图	neg	0.8
犯台决心	neg	0.8
犯台的企图	neg	0.8
犯有前科	neg	0.8
犯重案	neg	0.8
犯案	neg	0.8
犯杀人罪	neg	0.8
犯愁	neg	0.8
犯罪者	neg	0.8
犯罪恶化	neg	0.8
犯罪感	neg	0.8
犯罪暴力	neg	0.8
犯过失	neg	0.8
犯过错	neg	0.8
犯错	neg	0.8
瓜分	neg	0.8
瓜田李下	neg	0.8
瓜田李下之嫌	neg	0.8
甘你屁事	neg	0.8
生了病	neg	0.8
生不逢辰	neg	0.8
生恨	neg	0.8
生活失序	neg	0.8
生活放荡	neg	0.8
生活放荡的人	neg	0.8
生活奢靡	neg	0.8
生活艰苦	neg	0.8
生洽序	neg	0.8
生畏	neg	0.8
生恐	neg	0.8
生气摔杆	neg	0.8
生病	neg	0.8
生理伤害	neg	0.8
生产过剩	neg	0.8
生裂缝	neg	0.8
生厌	neg	0.8
生态破坏	neg	0.8
生疑	neg	0.8
生锈	neg	0.8
生惧	neg	0.8
用力不当	neg	0.8
用力按	neg	0.8
用力过猛	neg	0.8
用力击	neg	0.8
用不著	neg	0.8
用手掌打	neg	0.8
用皮带抽打	neg	0.8
用矛刺	neg	0.8
用尖锐	neg	0.8
用尖锐的声音说	neg	0.8
用沸水烫	neg	0.8
用拳猛击	neg	0.8
用臭气赶出	neg	0.8
用带捆住	neg	0.8
用欺骗致使	neg	0.8
用碎纸机撕毁	neg	0.8
用话刺痛	neg	0.8
用诡计取得	neg	0.8
用枪射击	neg	0.8
用尽	neg	0.8
用嘶哑	neg	0.8
用嘶哑的声音说	neg	0.8
用愤怒	neg	0.8
用愤怒的目光表示	neg	0.8
用树篱围	neg	0.8
用滥	neg	0.8
用旧	neg	0.8
甩了	neg	0.8
甩不甩	neg	0.8
甩不掉	neg	0.8
甩得	neg	0.8
甩得一干二净	neg	0.8
甩都不甩	neg	0.8
甩都甩不掉	neg	0.8
甩开	neg	0.8
由不得	neg	0.8
由他去	neg	0.8
由爱生恨	neg	0.8
申斥	neg	0.8
申明	neg	0.8
申诫	neg	0.8
白日梦	neg	0.8
白白	neg	0.8
白目	neg	0.8
白吃	neg	0.8
白老鼠	neg	0.8
白受气	neg	0.8
白做	neg	0.8
白搞	neg	0.8
白烂	neg	0.8
皮条客	neg	0.8
皮开肉绽	neg	0.8
目光狭隘	neg	0.8
矛盾情	neg	0.8
矛头锁定	neg	0.8
石头	neg	0.8
示威	neg	0.8
示威抗议	neg	0.8
示威警告	neg	0.8
示警	neg	0.8
立即取消	neg	0.8
丢掉	neg	0.8
丢弃	neg	0.8
丢脸的人	neg	0.8
丢脸的事	neg	0.8
丢丑的人	neg	0.8
交代不清	neg	0.8
交白卷	neg	0.8
交疲	neg	0.8
交恶运	neg	0.8
交媾	neg	0.8
交战	neg	0.8
交战国	neg	0.8
交还	neg	0.8
亦非	neg	0.8
亦难	neg	0.8
仿冒品	neg	0.8
仿造	neg	0.8
仿造品	neg	0.8
仿制品	neg	0.8
休止	neg	0.8
休兵	neg	0.8
伏兵	neg	0.8
任其鱼肉	neg	0.8
任性的举动	neg	0.8
任意非为	neg	0.8
仰天长叹	neg	0.8
企业倒闭率	neg	0.8
光怪陆离	neg	0.8
凶巴巴	neg	0.8
凶残地	neg	0.8
先斩后奏	neg	0.8
先盛后衰	neg	0.8
全民公敌	neg	0.8
全面失败	neg	0.8
全面瓦解	neg	0.8
全面杯葛	neg	0.8
全面禁止	neg	0.8
全球笑柄	neg	0.8
全部罹难	neg	0.8
全无	neg	0.8
全然未提	neg	0.8
全盘否定	neg	0.8
全盘皆输	neg	0.8
全盘毁弃	neg	0.8
共犯	neg	0.8
再也无法	neg	0.8
再犯罪	neg	0.8
再生枝节	neg	0.8
再生波澜	neg	0.8
再次失守	neg	0.8
再次威胁	neg	0.8
再见暴传	neg	0.8
再度紧张	neg	0.8
再差	neg	0.8
再败给	neg	0.8
再难	neg	0.8
冰冻	neg	0.8
刑事被告	neg	0.8
刑案	neg	0.8
刑罚	neg	0.8
劣根	neg	0.8
劣习	neg	0.8
劣币	neg	0.8
劣学生	neg	0.8
危地	neg	0.8
危困	neg	0.8
危急	neg	0.8
危害物	neg	0.8
危害健康	neg	0.8
危害道德	neg	0.8
危境	neg	0.8
危机打击	neg	0.8
危机来临	neg	0.8
危机感染	neg	0.8
危险之源	neg	0.8
危险性高	neg	0.8
危险物	neg	0.8
危险状态	neg	0.8
危险动作	neg	0.8
危险期	neg	0.8
危险游戏	neg	0.8
同命鸳鸯	neg	0.8
同性恋者	neg	0.8
同感愤慨	neg	0.8
同蒙其羞	neg	0.8
吊车尾	neg	0.8
吊儿郎当的人	neg	0.8
吐一口痰	neg	0.8
吐痰	neg	0.8
各异	neg	0.8
各蒿话	neg	0.8
各说各话	neg	0.8
向下修正压力	neg	0.8
向下调整	neg	0.8
名声臭	neg	0.8
吃了一惊	neg	0.8
吃力	neg	0.8
吃大亏	neg	0.8
吃不了苦	neg	0.8
吃不下	neg	0.8
吃不好	neg	0.8
吃同类	neg	0.8
吃同类的动物	neg	0.8
吃屎	neg	0.8
吃重	neg	0.8
吃得过饱	neg	0.8
吃败仗	neg	0.8
吃饱太闲	neg	0.8
吃饱闲闲	neg	0.8
吃饱撑著	neg	0.8
吃惊	neg	0.8
因疏漏所致	neg	0.8
因循	neg	0.8
因循之风	neg	0.8
因魂不散	neg	0.8
因难	neg	0.8
回软	neg	0.8
回贬	neg	0.8
回跌	neg	0.8
回头路	neg	0.8
回避	neg	0.8
地牢	neg	0.8
地雷	neg	0.8
在那边混	neg	0.8
多舛	neg	0.8
多些失误	neg	0.8
多刺	neg	0.8
多风暴	neg	0.8
多阴雨	neg	0.8
多余物	neg	0.8
多头格局	neg	0.8
妄加猜测	neg	0.8
妄顾	neg	0.8
妄顾事实	neg	0.8
奸男女	neg	0.8
奸伪	neg	0.8
奸情	neg	0.8
好不	neg	0.8
好不应该	neg	0.8
好死不死	neg	0.8
好事的人	neg	0.8
好争论	neg	0.8
好恨	neg	0.8
好挖苦人	neg	0.8
好屌	neg	0.8
好斗	neg	0.8
好假	neg	0.8
好责骂	neg	0.8
好责骂的人	neg	0.8
好呕	neg	0.8
好唠叨	neg	0.8
好唠叨的人	neg	0.8
好战者	neg	0.8
如此	neg	0.8
如死一般	neg	0.8
如死一般地	neg	0.8
如敝屣	neg	0.8
如野兽般	neg	0.8
如临大敌	neg	0.8
如兽	neg	0.8
存在很多困难	neg	0.8
存有偏见	neg	0.8
存有疑虑	neg	0.8
存偏见	neg	0.8
安慰安慰	neg	0.8
安静下来	neg	0.8
尖叫	neg	0.8
尖叫著说	neg	0.8
尖叫声	neg	0.8
尖著	neg	0.8
尖著声音讲	neg	0.8
尖啸	neg	0.8
尖声	neg	0.8
尖声喊叫	neg	0.8
尖声发出	neg	0.8
年少轻狂	neg	0.8
忙不过来	neg	0.8
成了各国的箭	neg	0.8
成功率也很低	neg	0.8
成空	neg	0.8
成长缓慢	neg	0.8
成长迟缓	neg	0.8
成为空	neg	0.8
成为零	neg	0.8
成为障碍	neg	0.8
成效不彰	neg	0.8
成碎片	neg	0.8
成零	neg	0.8
成废物	neg	0.8
成箭靶	neg	0.8
扣抵	neg	0.8
扣留	neg	0.8
扣除掉	neg	0.8
扣掉	neg	0.8
托辞	neg	0.8
收入低	neg	0.8
收押	neg	0.8
收贿案	neg	0.8
收敛	neg	0.8
早一步溜走	neg	0.8
早泄	neg	0.8
曲折	neg	0.8
有什么了不起	neg	0.8
有仇	neg	0.8
有反感	neg	0.8
有出入	neg	0.8
有可议	neg	0.8
有失	neg	0.8
有失公允	neg	0.8
有失公道	neg	0.8
有失立场	neg	0.8
有矛盾情绪	neg	0.8
有危险	neg	0.8
有好有坏	neg	0.8
有如一个医生	neg	0.8
有成见	neg	0.8
有何作用	neg	0.8
有困难	neg	0.8
有屁用	neg	0.8
有些吃惊	neg	0.8
有些起伏	neg	0.8
有所困难	neg	0.8
有所限	neg	0.8
有所影响	neg	0.8
有所怀疑	neg	0.8
有歧见	neg	0.8
有争议	neg	0.8
有待加强	neg	0.8
有待努力	neg	0.8
有待改进	neg	0.8
有染	neg	0.8
有毒腺	neg	0.8
有限度	neg	0.8
有风险	neg	0.8
有个屁用	neg	0.8
有害的动物	neg	0.8
有害的植物	neg	0.8
有差别	neg	0.8
有差别地对待	neg	0.8
有差异	neg	0.8
有悖	neg	0.8
有悖伦常	neg	0.8
有气	neg	0.8
有特权	neg	0.8
有病	neg	0.8
有缺陷	neg	0.8
有缺点	neg	0.8
有问题	neg	0.8
有够累	neg	0.8
有够蠢	neg	0.8
有得瞧	neg	0.8
有条件投降	neg	0.8
有异	neg	0.8
有疏失	neg	0.8
有疏失之处	neg	0.8
有啥	neg	0.8
有啥了不起	neg	0.8
有恶意	neg	0.8
有嫌疑	neg	0.8
有愧	neg	0.8
有愧职守	neg	0.8
有损	neg	0.8
有瑕疵	neg	0.8
有落差	neg	0.8
有诡计	neg	0.8
有违	neg	0.8
有过失	neg	0.8
有疑虑	neg	0.8
有种	neg	0.8
有错	neg	0.8
有亏	neg	0.8
有点火	neg	0.8
有点儿	neg	0.8
有点保守	neg	0.8
有点差距	neg	0.8
有点累	neg	0.8
有点离谱	neg	0.8
有碍	neg	0.8
有碍观瞻	neg	0.8
有顾忌	neg	0.8
有顾虑	neg	0.8
有瘾	neg	0.8
有瘾的人	neg	0.8
次级	neg	0.8
死了	neg	0.8
死了算了	neg	0.8
死三八	neg	0.8
死亡之神	neg	0.8
死亡状态	neg	0.8
死亡率高	neg	0.8
死小鬼	neg	0.8
死不	neg	0.8
死不认帐	neg	0.8
死心	neg	0.8
死去	neg	0.8
死光	neg	0.8
死光光	neg	0.8
死老太婆	neg	0.8
死老百姓	neg	0.8
死老头	neg	0.8
死色呸	neg	0.8
死囡仔	neg	0.8
死命	neg	0.8
死定了	neg	0.8
死于非命	neg	0.8
死东西	neg	0.8
死狗	neg	0.8
死肥猪	neg	0.8
死后	neg	0.8
死活	neg	0.8
死玻璃	neg	0.8
死胖女	neg	0.8
死胖子	neg	0.8
死胡同	neg	0.8
死要面子	neg	0.8
死屌	neg	0.8
死气	neg	0.8
死气沈沈	neg	0.8
死臭酸	neg	0.8
死蚊子	neg	0.8
死记硬背功课	neg	0.8
死鬼	neg	0.8
死寂	neg	0.8
死得	neg	0.8
死得很难看	neg	0.8
死得难看	neg	0.8
死掉	neg	0.8
死鱼	neg	0.8
死鱼脸	neg	0.8
死家伙	neg	0.8
死期	neg	0.8
死黑店	neg	0.8
死伤	neg	0.8
死伤惨重	neg	0.8
死爱	neg	0.8
死爱面子	neg	0.8
死爱滋	neg	0.8
死当	neg	0.8
死里逃生	neg	0.8
死德性	neg	0.8
死样子	neg	0.8
死猪头	neg	0.8
死澳门仔	neg	0.8
死猫	neg	0.8
死赖	neg	0.8
死薪水	neg	0.8
死蟑螂	neg	0.8
死缠	neg	0.8
死缠活缠	neg	0.8
汗如雨下	neg	0.8
污及	neg	0.8
污名	neg	0.8
污名化	neg	0.8
污损	neg	0.8
污蔑	neg	0.8
池鱼之殃	neg	0.8
污物	neg	0.8
污渍	neg	0.8
灰心	neg	0.8
灰头土脸	neg	0.8
老二	neg	0.8
老千	neg	0.8
老大	neg	0.8
老不休	neg	0.8
老年	neg	0.8
老死	neg	0.8
老到	neg	0.8
老油条	neg	0.8
老娘	neg	0.8
老弱	neg	0.8
老马	neg	0.8
老处女	neg	0.8
老猴	neg	0.8
老糊涂	neg	0.8
老糊涂了	neg	0.8
老旧	neg	0.8
考倒	neg	0.8
考倒学生为乐	neg	0.8
而已	neg	0.8
而不是	neg	0.8
而不答	neg	0.8
而未	neg	0.8
而非	neg	0.8
肉麻	neg	0.8
肉脚	neg	0.8
自以为了不起	neg	0.8
自以为耻	neg	0.8
自以为清高	neg	0.8
自甘堕落	neg	0.8
自由心证	neg	0.8
自任	neg	0.8
自任不凡	neg	0.8
自危	neg	0.8
自作	neg	0.8
自作多情	neg	0.8
自吹	neg	0.8
自吹自擂说	neg	0.8
自我	neg	0.8
自我中心	neg	0.8
自我本位	neg	0.8
自我设限	neg	0.8
自我罢黜	neg	0.8
自我膨胀	neg	0.8
自投罗网	neg	0.8
自私到极点	neg	0.8
自身难保	neg	0.8
自卑情绪	neg	0.8
自卑感	neg	0.8
自命	neg	0.8
自命为	neg	0.8
自封	neg	0.8
自怨	neg	0.8
自负的地方	neg	0.8
自食恶果	neg	0.8
自动下台	neg	0.8
自动消音	neg	0.8
自扫门前雪	neg	0.8
自弃	neg	0.8
自杀死亡	neg	0.8
自责	neg	0.8
自闭	neg	0.8
自欺	neg	0.8
自欺欺人口舌	neg	0.8
自愚愚人	neg	0.8
自毁	neg	0.8
自毁长城	neg	0.8
自毁声名	neg	0.8
自灭	neg	0.8
自夸说	neg	0.8
自诩为	neg	0.8
自惭形秽	neg	0.8
自慰	neg	0.8
自怜	neg	0.8
自缚	neg	0.8
自扰	neg	0.8
自顾不暇	neg	0.8
舌头断掉	neg	0.8
色狼	neg	0.8
色情书刊	neg	0.8
色情陷阱	neg	0.8
色望易	neg	0.8
色望业	neg	0.8
色欲	neg	0.8
血刃	neg	0.8
血本无归	neg	0.8
血光	neg	0.8
血汗	neg	0.8
血海怨尤	neg	0.8
血海深仇	neg	0.8
血淋淋地	neg	0.8
血泪教训	neg	0.8
血泪斑斑	neg	0.8
血迹斑斑	neg	0.8
行不通	neg	0.8
行方不明	neg	0.8
行方不明地	neg	0.8
行使武力	neg	0.8
行刺	neg	0.8
行政疏失	neg	0.8
行为不良	neg	0.8
行为不良的人	neg	0.8
行为不礼貌	neg	0.8
行为偏差	neg	0.8
行贿买票	neg	0.8
行赂	neg	0.8
行难	neg	0.8
行骗	neg	0.8
行窃	neg	0.8
串谋	neg	0.8
住监狱	neg	0.8
何必	neg	0.8
何妨	neg	0.8
何来	neg	0.8
何来立场	neg	0.8
何其多	neg	0.8
何况	neg	0.8
何苦	neg	0.8
何苦来哉	neg	0.8
何尝	neg	0.8
占便宜	neg	0.8
占著	neg	0.8
占著毛坑不拉屎	neg	0.8
但非	neg	0.8
但却只是	neg	0.8
但若认为	neg	0.8
作犯规动作	neg	0.8
作低沈声	neg	0.8
作弄	neg	0.8
作秀	neg	0.8
作祟	neg	0.8
作伪证	neg	0.8
作崇	neg	0.8
作掉	neg	0.8
作票	neg	0.8
作贼	neg	0.8
作贼喊捉贼	neg	0.8
作梦	neg	0.8
作废	neg	0.8
作乐	neg	0.8
作罢	neg	0.8
作战	neg	0.8
作孽	neg	0.8
作惊人表演	neg	0.8
你以为自己	neg	0.8
你以为你是谁	neg	0.8
你他妈	neg	0.8
你去死	neg	0.8
你死我活	neg	0.8
你完了	neg	0.8
你来我往	neg	0.8
你是怎样	neg	0.8
你是怎样啊	neg	0.8
你就完了	neg	0.8
你妈	neg	0.8
你管我	neg	0.8
低水准	neg	0.8
低成就	neg	0.8
低自尊	neg	0.8
低吼	neg	0.8
低沈	neg	0.8
低于他人者	neg	0.8
低姿态	neg	0.8
低哼	neg	0.8
低哦	neg	0.8
低弱	neg	0.8
低级庸俗	neg	0.8
低迷不振	neg	0.8
低等	neg	0.8
低阶	neg	0.8
低经济成长	neg	0.8
低层次	neg	0.8
低声	neg	0.8
低声下气	neg	0.8
低声地	neg	0.8
低声含糊	neg	0.8
低声含糊地说	neg	0.8
低靡	neg	0.8
布杀阵	neg	0.8
布置地雷或水雷	neg	0.8
免谈	neg	0.8
兵败	neg	0.8
冷血	neg	0.8
冷然	neg	0.8
冷感	neg	0.8
冷暖在心头	neg	0.8
冷酷地	neg	0.8
冷战	neg	0.8
冷战对立	neg	0.8
冷静下来	neg	0.8
别小看	neg	0.8
别来惹我	neg	0.8
别来烦我	neg	0.8
别谈	neg	0.8
别闹	neg	0.8
别离	neg	0.8
判刑	neg	0.8
判若两	neg	0.8
判若两人	neg	0.8
利用人	neg	0.8
利用别人	neg	0.8
利用我们	neg	0.8
删去	neg	0.8
删除	neg	0.8
删掉	neg	0.8
删减	neg	0.8
劫贫济富	neg	0.8
劫机	neg	0.8
即将失衡	neg	0.8
吞下	neg	0.8
吞吃	neg	0.8
否决	neg	0.8
否决权	neg	0.8
否定	neg	0.8
否认了	neg	0.8
呆人	neg	0.8
呆呆	neg	0.8
呆滞	neg	0.8
呈现偏差	neg	0.8
告到公堂	neg	0.8
告密者	neg	0.8
告发	neg	0.8
告诉错误	neg	0.8
告诉错误的消息	neg	0.8
告诚	neg	0.8
告诫	neg	0.8
吹牛皮	neg	0.8
吹嘘说	neg	0.8
吸毒又偷窃	neg	0.8
吸毒者	neg	0.8
吸毒问题	neg	0.8
吵一架	neg	0.8
吵死	neg	0.8
吵别人	neg	0.8
吵吵闹闹	neg	0.8
吵吵闹闹的要求	neg	0.8
吵到	neg	0.8
吵的像什么鬼一样	neg	0.8
吵起来	neg	0.8
吵闹声	neg	0.8
吵翻天	neg	0.8
呐喊	neg	0.8
吠尽	neg	0.8
吼叫	neg	0.8
吼叫著表达	neg	0.8
吼道	neg	0.8
含有特定意味	neg	0.8
含恨	neg	0.8
含恨在心	neg	0.8
含糊	neg	0.8
含糊地说	neg	0.8
含糊地说话	neg	0.8
含糊话	neg	0.8
困乏	neg	0.8
困死	neg	0.8
困住	neg	0.8
困于	neg	0.8
困窘	neg	0.8
困顿	neg	0.8
困穷	neg	0.8
困扰不已	neg	0.8
困扰不安	neg	0.8
困兽之斗	neg	0.8
困兽斗	neg	0.8
困难度	neg	0.8
困难度增高	neg	0.8
困难重重	neg	0.8
均未	neg	0.8
均属空谈	neg	0.8
坎坷	neg	0.8
夹杀	neg	0.8
夹痛	neg	0.8
妒心	neg	0.8
妒恨	neg	0.8
妨害司法	neg	0.8
妨害物	neg	0.8
妨碍司法	neg	0.8
妨碍者	neg	0.8
妖魔化	neg	0.8
妓女	neg	0.8
完了	neg	0.8
完全不可	neg	0.8
完全瓦解	neg	0.8
完全没	neg	0.8
完全没有	neg	0.8
完全忽略	neg	0.8
完全排除	neg	0.8
完全丧失	neg	0.8
完全丧失者	neg	0.8
完全无关	neg	0.8
完全禁止	neg	0.8
完全违反	neg	0.8
局促	neg	0.8
局促不安	neg	0.8
局限	neg	0.8
局限于狭小空间	neg	0.8
屁用	neg	0.8
屁事	neg	0.8
屁啦	neg	0.8
屁眼	neg	0.8
岐见	neg	0.8
巫婆	neg	0.8
巫术	neg	0.8
弄不清楚	neg	0.8
弄凹	neg	0.8
弄死	neg	0.8
弄污	neg	0.8
弄歪	neg	0.8
弄混	neg	0.8
弄跛	neg	0.8
弄乱	neg	0.8
弄碎	neg	0.8
弄皱	neg	0.8
弄复杂	neg	0.8
弄错	neg	0.8
弄糟	neg	0.8
弄翻	neg	0.8
弄坏	neg	0.8
弄脏	neg	0.8
形同废纸	neg	0.8
形成重压	neg	0.8
形容枯槁	neg	0.8
形单力薄	neg	0.8
形象受损	neg	0.8
形象尽失	neg	0.8
忘了	neg	0.8
忘恩	neg	0.8
忘记	neg	0.8
忌妒	neg	0.8
忌惮	neg	0.8
忌讳	neg	0.8
忍下来	neg	0.8
忍受不了	neg	0.8
忍耐力低	neg	0.8
忍气吞声	neg	0.8
快枯竭	neg	0.8
快滚	neg	0.8
戒备	neg	0.8
戒备森严	neg	0.8
戒慎小心	neg	0.8
戒严	neg	0.8
戒惧	neg	0.8
我好恨	neg	0.8
我咧	neg	0.8
我咧看	neg	0.8
我恨你	neg	0.8
我操你妈	neg	0.8
抄你爸	neg	0.8
抗拒	neg	0.8
抗争	neg	0.8
抗战	neg	0.8
抗议行动	neg	0.8
抗议者	neg	0.8
抗辩	neg	0.8
抗变	neg	0.8
抖颤	neg	0.8
技不如人	neg	0.8
扭打	neg	0.8
扭曲史实	neg	0.8
扭曲事实	neg	0.8
扭曲夸大	neg	0.8
扭曲丑化	neg	0.8
扭曲证据	neg	0.8
扭歪	neg	0.8
扭捏作态	neg	0.8
扭斗	neg	0.8
把工作搞糟	neg	0.8
把你打死	neg	0.8
把关在栏内	neg	0.8
扼死	neg	0.8
扼制	neg	0.8
扼腕	neg	0.8
找不到	neg	0.8
找麻烦	neg	0.8
找碴	neg	0.8
找谁干啊	neg	0.8
找机会	neg	0.8
找错	neg	0.8
找借口	neg	0.8
批判	neg	0.8
批臭	neg	0.8
批斗	neg	0.8
批评别人	neg	0.8
批评者	neg	0.8
批评为	neg	0.8
批评家	neg	0.8
批驳	neg	0.8
扯出	neg	0.8
扯破	neg	0.8
扯破的洞	neg	0.8
扯进丑闻	neg	0.8
扯碎	neg	0.8
扯懒蛋	neg	0.8
折扣	neg	0.8
折损	neg	0.8
折冲	neg	0.8
折翼	neg	0.8
折断	neg	0.8
折腾	neg	0.8
投入深渊	neg	0.8
投下重大变数	neg	0.8
投书	neg	0.8
投资环境恶化	neg	0.8
投弹	neg	0.8
投弹于	neg	0.8
投机	neg	0.8
投机行为	neg	0.8
投机性	neg	0.8
投机炒作	neg	0.8
投机炒作者	neg	0.8
投机客	neg	0.8
抓来	neg	0.8
抓来打一打	neg	0.8
抓取	neg	0.8
抓得之物	neg	0.8
抓错	neg	0.8
抑止	neg	0.8
抑低	neg	0.8
抑郁	neg	0.8
改口辩称	neg	0.8
改掉	neg	0.8
改变不了	neg	0.8
改变成	neg	0.8
改变改变	neg	0.8
攻打	neg	0.8
攻讦抹黑	neg	0.8
攻击性	neg	0.8
攻击者	neg	0.8
更大的困难	neg	0.8
更不用提	neg	0.8
更不妥协地	neg	0.8
更内向	neg	0.8
更加恶化	neg	0.8
更加复杂	neg	0.8
更低	neg	0.8
更别说	neg	0.8
更没有	neg	0.8
更为不智	neg	0.8
更恶劣	neg	0.8
更恶劣地	neg	0.8
更恶劣的事	neg	0.8
更乱	neg	0.8
更呕	neg	0.8
更贱	neg	0.8
更糟	neg	0.8
更糟的是	neg	0.8
更糟糕	neg	0.8
更趋式微	neg	0.8
更坏	neg	0.8
更坏地	neg	0.8
更坏的事	neg	0.8
更严重	neg	0.8
更严重的威胁	neg	0.8
束手	neg	0.8
束手无策	neg	0.8
束缚物	neg	0.8
步入歧途	neg	0.8
步上	neg	0.8
求助无门	neg	0.8
求情	neg	0.8
沈下	neg	0.8
沈下脸	neg	0.8
沈沈	neg	0.8
沈沈不乐	neg	0.8
沉重	neg	0.8
沉重地走	neg	0.8
沉重的步伐	neg	0.8
沉重的责任	neg	0.8
沉重的脚步声	neg	0.8
沉重缓慢	neg	0.8
沉重缓慢地走	neg	0.8
沈浸	neg	0.8
沈迷	neg	0.8
沈寂	neg	0.8
沈闷	neg	0.8
沈痛	neg	0.8
沉默不语	neg	0.8
沉默以对	neg	0.8
沈郁	neg	0.8
沉寂	neg	0.8
沉闷	neg	0.8
沉痛	neg	0.8
沉郁	neg	0.8
决不允许	neg	0.8
决不会	neg	0.8
决策层僵化	neg	0.8
冲打	neg	0.8
冲蚀	neg	0.8
没了	neg	0.8
没人	neg	0.8
没人性	neg	0.8
没人要买	neg	0.8
没人想到	neg	0.8
没大没小	neg	0.8
没才华	neg	0.8
没什么	neg	0.8
没什么水准	neg	0.8
没天理	neg	0.8
没手	neg	0.8
没手没脚	neg	0.8
没水准	neg	0.8
没去	neg	0.8
没去理会	neg	0.8
没用的家伙	neg	0.8
没再向	neg	0.8
没在	neg	0.8
没收	neg	0.8
没收物	neg	0.8
没有人	neg	0.8
没有人相信	neg	0.8
没有反省	neg	0.8
没有方法	neg	0.8
没有出面	neg	0.8
没有出路	neg	0.8
没有必要	neg	0.8
没有打算	neg	0.8
没有本钱	neg	0.8
没有民主	neg	0.8
没有用	neg	0.8
没有目标	neg	0.8
没有共识	neg	0.8
没有考虑	neg	0.8
没有自信	neg	0.8
没有把握	neg	0.8
没有改善	neg	0.8
没有足够	neg	0.8
没有防备	neg	0.8
没有信心	neg	0.8
没有保留	neg	0.8
没有时间	neg	0.8
没有根据	neg	0.8
没有笑容	neg	0.8
没有能力	neg	0.8
没有坚持	neg	0.8
没有理由	neg	0.8
没有规则	neg	0.8
没有通过	neg	0.8
没有透露	neg	0.8
没有提及	neg	0.8
没有发现	neg	0.8
没有给钱	neg	0.8
没有进展	neg	0.8
没有开成	neg	0.8
没有意思	neg	0.8
没有经验	neg	0.8
没有诚信	neg	0.8
没有诚意	neg	0.8
没有资格	neg	0.8
没有迹象	neg	0.8
没有预期到	neg	0.8
没有实质效益	neg	0.8
没有缔造	neg	0.8
没有机会	neg	0.8
没有积极	neg	0.8
没有办法	neg	0.8
没有阖眼	neg	0.8
没有证据	neg	0.8
没有竞争力	neg	0.8
没有顾忌	neg	0.8
没有观察到	neg	0.8
没屁眼	neg	0.8
没希望	neg	0.8
没把握	neg	0.8
没那么	neg	0.8
没事做	neg	0.8
没来由	neg	0.8
没到	neg	0.8
没受	neg	0.8
没受教育	neg	0.8
没注意到	neg	0.8
没法	neg	0.8
没法子	neg	0.8
没法子赢	neg	0.8
没信心	neg	0.8
没品	neg	0.8
没品德	neg	0.8
没建立	neg	0.8
没为	neg	0.8
没看到	neg	0.8
没看过	neg	0.8
没面子	neg	0.8
没风度	neg	0.8
没效	neg	0.8
没料到	neg	0.8
没能	neg	0.8
没能力	neg	0.8
没能力做	neg	0.8
没做到	neg	0.8
没动逃	neg	0.8
没参加	neg	0.8
没参赛	neg	0.8
没带给	neg	0.8
没得	neg	0.8
没得说	neg	0.8
没救	neg	0.8
没救了	neg	0.8
没规矩	neg	0.8
没结果	neg	0.8
没进步	neg	0.8
没意思	neg	0.8
没意义	neg	0.8
没想	neg	0.8
没想到	neg	0.8
没脚	neg	0.8
没脑袋	neg	0.8
没落	neg	0.8
没资格	neg	0.8
没道理	neg	0.8
没达到	neg	0.8
没尽到	neg	0.8
没睡好	neg	0.8
没种	neg	0.8
没精	neg	0.8
没说实话	neg	0.8
没辄	neg	0.8
没卫生	neg	0.8
没谈妥	neg	0.8
没机会	neg	0.8
没办法	neg	0.8
没钱	neg	0.8
没离成	neg	0.8
没觉察到	neg	0.8
没赢过	neg	0.8
没赢过球	neg	0.8
没轰出	neg	0.8
没听过	neg	0.8
没让	neg	0.8
汽车扣押场	neg	0.8
灼枯	neg	0.8
灼痛	neg	0.8
灼痛感	neg	0.8
灼伤	neg	0.8
灾变	neg	0.8
牢骚	neg	0.8
狂叫	neg	0.8
狂奔	neg	0.8
狂放	neg	0.8
狂怒	neg	0.8
狂怒的人	neg	0.8
狂泄	neg	0.8
狂风	neg	0.8
狂风大浪	neg	0.8
狂跌	neg	0.8
狂乱地说	neg	0.8
狂暴地	neg	0.8
狂热地	neg	0.8
狂热者	neg	0.8
狂骂	neg	0.8
狂飙期	neg	0.8
私生	neg	0.8
私运	neg	0.8
秀一场戏	neg	0.8
秀逗	neg	0.8
秃头	neg	0.8
肘掖生变	neg	0.8
肚量小	neg	0.8
肚烂	neg	0.8
良心不安	neg	0.8
良心被狗吃	neg	0.8
见血封喉	neg	0.8
见鬼	neg	0.8
角力竞	neg	0.8
言之过早	neg	0.8
言行矛盾	neg	0.8
言词闪烁	neg	0.8
贝戈戈	neg	0.8
贝戈哥	neg	0.8
贝哥哥	neg	0.8
赤字扩大	neg	0.8
赤贫者	neg	0.8
走入歧途	neg	0.8
走下坡	neg	0.8
走上歧路	neg	0.8
走上绝路	neg	0.8
走火入魔	neg	0.8
走失	neg	0.8
走失的家畜	neg	0.8
走失动物认领栏	neg	0.8
走回路	neg	0.8
走后门关说	neg	0.8
走降	neg	0.8
走音	neg	0.8
走疲	neg	0.8
走得慢	neg	0.8
走散	neg	0.8
走散的人	neg	0.8
走著瞧	neg	0.8
走贬	neg	0.8
走开	neg	0.8
走开啦	neg	0.8
走漏	neg	0.8
走缓	neg	0.8
走错了	neg	0.8
身亡	neg	0.8
身分不明	neg	0.8
身心创伤	neg	0.8
身心煎熬	neg	0.8
身受其害	neg	0.8
身受烟害	neg	0.8
身陷危境	neg	0.8
身陷险境	neg	0.8
身无分文	neg	0.8
身体虐待	neg	0.8
身体暴力	neg	0.8
辛苦地	neg	0.8
辛辣	neg	0.8
辛酸	neg	0.8
辛酸谁人知	neg	0.8
迂回	neg	0.8
迂回说法	neg	0.8
迂回起伏	neg	0.8
迅速下降	neg	0.8
迄未	neg	0.8
迄未见效	neg	0.8
迄无	neg	0.8
邪神	neg	0.8
邪说	neg	0.8
那敢	neg	0.8
那里惹到你	neg	0.8
那么没用	neg	0.8
那么干	neg	0.8
那么烂	neg	0.8
防守状态	neg	0.8
防杜	neg	0.8
防治	neg	0.8
防堵	neg	0.8
防御力很低	neg	0.8
扺触	neg	0.8
并不	neg	0.8
并不代表	neg	0.8
并不多	neg	0.8
并不多见	neg	0.8
并不局限于	neg	0.8
并不希望	neg	0.8
并不表示	neg	0.8
并不急于	neg	0.8
并不恰当	neg	0.8
并不是	neg	0.8
并不负责	neg	0.8
并不重要	neg	0.8
并不能	neg	0.8
并不符合	neg	0.8
并不会	neg	0.8
并不像	neg	0.8
并不满足	neg	0.8
并不轻松	neg	0.8
并不乐于	neg	0.8
并不乐意	neg	0.8
并不适格	neg	0.8
并不赞成	neg	0.8
并未用	neg	0.8
并未同意	neg	0.8
并未成功	neg	0.8
并未承诺	neg	0.8
并未注意	neg	0.8
并未消失	neg	0.8
并未能	neg	0.8
并未脱离	neg	0.8
并未解决	neg	0.8
并未尽力	neg	0.8
并未确立	neg	0.8
并未确实遵守	neg	0.8
并未拥有	neg	0.8
并未扩大	neg	0.8
并未赢得	neg	0.8
并没有	neg	0.8
并非好事	neg	0.8
并非事实	neg	0.8
并非偶然	neg	0.8
并无	neg	0.8
并无共识	neg	0.8
乖舛	neg	0.8
事后诸葛	neg	0.8
事态严重	neg	0.8
事与愿违	neg	0.8
事变	neg	0.8
亚于	neg	0.8
佯装	neg	0.8
依赖心	neg	0.8
依赖他人者	neg	0.8
使一团糟	neg	0.8
使一蹶不振	neg	0.8
使人上瘾	neg	0.8
使人不高兴	neg	0.8
使人不愉快	neg	0.8
使人反感	neg	0.8
使人生气	neg	0.8
使人产生不愉快	neg	0.8
使人痛苦	neg	0.8
使人厌恶	neg	0.8
使人厌烦	neg	0.8
使下垂	neg	0.8
使上瘾	neg	0.8
使士气低落	neg	0.8
使大伤元气	neg	0.8
使不平	neg	0.8
使不正常	neg	0.8
使不合格	neg	0.8
使不安	neg	0.8
使不足	neg	0.8
使不知所措	neg	0.8
使不相宜	neg	0.8
使不能	neg	0.8
使不高兴	neg	0.8
使不舒服	neg	0.8
使不适	neg	0.8
使不关心	neg	0.8
使中断	neg	0.8
使分心	neg	0.8
使分裂	neg	0.8
使分隔	neg	0.8
使分离	neg	0.8
使反感	neg	0.8
使心智衰弱	neg	0.8
使心慌	neg	0.8
使充满臭气	neg	0.8
使凹下	neg	0.8
使凹陷	neg	0.8
使加深	neg	0.8
使失去	neg	0.8
使失去光泽	neg	0.8
使失去勇气	neg	0.8
使失去能力	neg	0.8
使失去感觉	neg	0.8
使失事	neg	0.8
使失明	neg	0.8
使失效	neg	0.8
使失常	neg	0.8
使失败	neg	0.8
使失望	neg	0.8
使失调	neg	0.8
使失宠	neg	0.8
使瓦解	neg	0.8
使生气	neg	0.8
使用武力	neg	0.8
使用计谋	neg	0.8
使丢脸	neg	0.8
使休克	neg	0.8
使存偏见	neg	0.8
使成孤儿	neg	0.8
使成残废	neg	0.8
使成废墟	neg	0.8
使有危险	neg	0.8
使有成见	neg	0.8
使有缺陷	neg	0.8
使污浊	neg	0.8
使灰心	neg	0.8
使行为不端	neg	0.8
使作呕	neg	0.8
使含糊	neg	0.8
使困惑	neg	0.8
使困窘	neg	0.8
使局促不安	neg	0.8
使局限于狭小空间	neg	0.8
使折断	neg	0.8
使更坏	neg	0.8
使束手无策	neg	0.8
使沉没	neg	0.8
使沈溺	neg	0.8
使狂热	neg	0.8
使赤贫	neg	0.8
使身心交疲	neg	0.8
使受人轻视	neg	0.8
使受危困	neg	0.8
使受到伤害	neg	0.8
使受毒气影响	neg	0.8
使受伤	neg	0.8
使受电击	neg	0.8
使受严重损伤	neg	0.8
使委屈	neg	0.8
使孤立	neg	0.8
使孤寂	neg	0.8
使延期	neg	0.8
使抽动	neg	0.8
使放纵	neg	0.8
使昏乱	neg	0.8
使服从	neg	0.8
使沾上泥污	neg	0.8
使沮丧	neg	0.8
使泛滥	neg	0.8
使空转	neg	0.8
使纠缠	neg	0.8
使便宜	neg	0.8
使咬字不清晰	neg	0.8
使后退	neg	0.8
使枯萎	neg	0.8
使枯竭	neg	0.8
使苦恼	neg	0.8
使负重担	neg	0.8
使降级	neg	0.8
使降级品格	neg	0.8
使倒塌	neg	0.8
使凌乱	neg	0.8
使恐怖	neg	0.8
使恐慌	neg	0.8
使恐惧	neg	0.8
使挫折	neg	0.8
使挨饿	neg	0.8
使气馁	neg	0.8
使消沈	neg	0.8
使消散	neg	0.8
使狼狈	neg	0.8
使疾走	neg	0.8
使病弱	neg	0.8
使疲倦	neg	0.8
使疲劳	neg	0.8
使疼痛	neg	0.8
使破产	neg	0.8
使破裂	neg	0.8
使破烂	neg	0.8
使紊乱	neg	0.8
使纯	neg	0.8
使茫然	neg	0.8
使荒芜	neg	0.8
使衰竭	neg	0.8
使讨厌	neg	0.8
使起纠纷	neg	0.8
使起皱纹	neg	0.8
使逆行	neg	0.8
使迷惑	neg	0.8
使退却	neg	0.8
使骨折	neg	0.8
使干枯	neg	0.8
使停顿	neg	0.8
使堵塞	neg	0.8
使得灾祸	neg	0.8
使情况更糟糕	neg	0.8
使混淆	neg	0.8
使混乱	neg	0.8
使沦为乞丐	neg	0.8
使产生纹裂	neg	0.8
使疏远	neg	0.8
使窒息	neg	0.8
使粗糙	neg	0.8
使羞愧	neg	0.8
使脱轨	neg	0.8
使处于不利	neg	0.8
使处于不利地位	neg	0.8
使蛀坏	neg	0.8
使贫困	neg	0.8
使贫穷	neg	0.8
使透不过气来	neg	0.8
使阴暗	neg	0.8
使陷入	neg	0.8
使陷入困境	neg	0.8
使陷危	neg	0.8
使陷危地	neg	0.8
使陷于	neg	0.8
使麻木	neg	0.8
使丧失	neg	0.8
使恶化	neg	0.8
使悲痛	neg	0.8
使悲伤	neg	0.8
使恼火	neg	0.8
使恼怒	neg	0.8
使散落	neg	0.8
使减少	neg	0.8
使焦虑	neg	0.8
使无法动棋子	neg	0.8
使无效	neg	0.8
使无能为力	neg	0.8
使无资格	neg	0.8
使痛苦	neg	0.8
使痉挛	neg	0.8
使发出撞击声	neg	0.8
使发狂	neg	0.8
使发怒	neg	0.8
使发愣	neg	0.8
使发愁	neg	0.8
使发烧	neg	0.8
使短路	neg	0.8
使稀薄	neg	0.8
使窘迫不安	neg	0.8
使费解	neg	0.8
使跛	neg	0.8
使跛行	neg	0.8
使钝	neg	0.8
使黑暗	neg	0.8
使倾侧	neg	0.8
使倾覆	neg	0.8
使伤残	neg	0.8
使感觉不满	neg	0.8
使晕眩	neg	0.8
使极	neg	0.8
使极度痛苦	neg	0.8
使极度激动	neg	0.8
使极苦闷	neg	0.8
使极痛苦	neg	0.8
使毁灭	neg	0.8
使烦恼	neg	0.8
使烦乱	neg	0.8
使烦燥	neg	0.8
使烦躁	neg	0.8
使碎裂	neg	0.8
使落入圈套	neg	0.8
使落空	neg	0.8
使载重	neg	0.8
使道德败坏	neg	0.8
使过早硫化	neg	0.8
使隔绝	neg	0.8
使隔离	neg	0.8
使厌倦	neg	0.8
使厌恶	neg	0.8
使厌烦	neg	0.8
使对立	neg	0.8
使对抗	neg	0.8
使惨败	neg	0.8
使摔倒	neg	0.8
使渗漏	neg	0.8
使紧张	neg	0.8
使腐朽	neg	0.8
使腐败	neg	0.8
使腐蚀	neg	0.8
使腐烂	neg	0.8
使蒙受耻辱	neg	0.8
使蒙羞	neg	0.8
使僵持	neg	0.8
使堕落	neg	0.8
使忧伤	neg	0.8
使忧郁	neg	0.8
使愤怒	neg	0.8
使敌对	neg	0.8
使暴露	neg	0.8
使模糊	neg	0.8
使潜入	neg	0.8
使皱缩	neg	0.8
使糊涂	neg	0.8
使蓬乱	neg	0.8
使复杂	neg	0.8
使复杂化	neg	0.8
使复杂的因素	neg	0.8
使遭危险	neg	0.8
使遭受	neg	0.8
使遭受海难	neg	0.8
使震动	neg	0.8
使饿死	neg	0.8
使恶心	neg	0.8
使激动	neg	0.8
使磨损	neg	0.8
使迟钝	neg	0.8
使错综	neg	0.8
使头晕眼花	neg	0.8
使绷紧	neg	0.8
使胆寒	neg	0.8
使临险境	neg	0.8
使举止失礼	neg	0.8
使隐退	neg	0.8
使摆脱	neg	0.8
使断念	neg	0.8
使断裂	neg	0.8
使朦胧	neg	0.8
使离婚	neg	0.8
使离乡背井	neg	0.8
使爆炸	neg	0.8
使难办	neg	0.8
使竞争	neg	0.8
使缠结	neg	0.8
使变空	neg	0.8
使变得不愉快	neg	0.8
使变得低劣	neg	0.8
使变得无耻	neg	0.8
使变陈腐	neg	0.8
使变黑	neg	0.8
使变暗	neg	0.8
使变暗淡	neg	0.8
使变酸	neg	0.8
使变模糊	neg	0.8
使变丑	neg	0.8
使惊呆	neg	0.8
使惊恐	neg	0.8
使惊讶	neg	0.8
使惊愕	neg	0.8
使惊惶失措	neg	0.8
使惊慌	neg	0.8
使惊惧	neg	0.8
供认	neg	0.8
例外	neg	0.8
来不及	neg	0.8
来犯	neg	0.8
来得太迟	neg	0.8
来得少	neg	0.8
来得低	neg	0.8
来迟了些	neg	0.8
来袭	neg	0.8
儿虐	neg	0.8
儿虐事件	neg	0.8
儿虐问题	neg	0.8
儿童受虐	neg	0.8
两岸兑出可观	neg	0.8
两错	neg	0.8
具侵略性	neg	0.8
具退却效用	neg	0.8
具国际竞争力	neg	0.8
其反	neg	0.8
刻板印象	neg	0.8
刻意漂白	neg	0.8
刺入	neg	0.8
刺死	neg	0.8
刺耳声	neg	0.8
刺客	neg	0.8
刺针	neg	0.8
刺骨	neg	0.8
刺探	neg	0.8
刺眼的强光	neg	0.8
刺棒	neg	0.8
刺痛	neg	0.8
刺痛人	neg	0.8
刺伤	neg	0.8
刺激物	neg	0.8
刮出刺耳声	neg	0.8
刮走	neg	0.8
刮风下雨	neg	0.8
刮掉	neg	0.8
刮落	neg	0.8
制止物	neg	0.8
制伏	neg	0.8
制式	neg	0.8
卒仔	neg	0.8
卒仔脸	neg	0.8
卑屈	neg	0.8
卑鄙小人	neg	0.8
卑鄙地	neg	0.8
卑鄙的人	neg	0.8
卸责之词	neg	0.8
取下	neg	0.8
取缔	neg	0.8
受有损害	neg	0.8
受污染	neg	0.8
受抑止	neg	0.8
受攻击	neg	0.8
受灾户	neg	0.8
受到反对	neg	0.8
受到打击	neg	0.8
受到折磨	neg	0.8
受到拖累	neg	0.8
受到阻滞	neg	0.8
受到威胁	neg	0.8
受到虐待	neg	0.8
受到限制	neg	0.8
受到贬损	neg	0.8
受到影响	neg	0.8
受到冲击	neg	0.8
受到怀疑	neg	0.8
受制于	neg	0.8
受阻止	neg	0.8
受苦	neg	0.8
受虐	neg	0.8
受虐儿	neg	0.8
受虐儿童	neg	0.8
受虐待	neg	0.8
受虐致死	neg	0.8
受虐案例	neg	0.8
受虐妇	neg	0.8
受迫	neg	0.8
受重创	neg	0.8
受害人	neg	0.8
受害国	neg	0.8
受害妇女	neg	0.8
受挫折	neg	0.8
受够	neg	0.8
受够了	neg	0.8
受责罚	neg	0.8
受责难	neg	0.8
受创	neg	0.8
受创伤	neg	0.8
受闷	neg	0.8
受痛苦	neg	0.8
受诅咒	neg	0.8
受伤害	neg	0.8
受感情驱使	neg	0.8
受损失	neg	0.8
受损害	neg	0.8
受损变形	neg	0.8
受毁	neg	0.8
受贿案	neg	0.8
受贿黑洞	neg	0.8
受贿丑闻	neg	0.8
受尽	neg	0.8
受腐蚀	neg	0.8
受影响	neg	0.8
受暴	neg	0.8
受冲击	neg	0.8
受难	neg	0.8
受难者	neg	0.8
受骗者	neg	0.8
受谴责	neg	0.8
受惊	neg	0.8
受惊吓	neg	0.8
呵欠	neg	0.8
咕哝	neg	0.8
咕哝著说	neg	0.8
呻吟	neg	0.8
咄咄逼问	neg	0.8
咒死	neg	0.8
咆哮	neg	0.8
咆哮得使	neg	0.8
咆哮著说	neg	0.8
呼啸	neg	0.8
和稀泥	neg	0.8
和解性	neg	0.8
命中克星	neg	0.8
命中率不是很高	neg	0.8
命中率不高	neg	0.8
命中率极低	neg	0.8
命运注定	neg	0.8
固票	neg	0.8
垃圾场	neg	0.8
夜盗	neg	0.8
奇怪的是	neg	0.8
奈何	neg	0.8
奄奄一息	neg	0.8
委曲	neg	0.8
委屈	neg	0.8
委顿	neg	0.8
始作蛹者	neg	0.8
始料未及	neg	0.8
始终未将	neg	0.8
始终没有	neg	0.8
你她妈	neg	0.8
孤儿	neg	0.8
孤军奋战	neg	0.8
孤岛	neg	0.8
孤寂	neg	0.8
孤单	neg	0.8
孤绝	neg	0.8
孤零	neg	0.8
孤独	neg	0.8
孤独的人	neg	0.8
定位不清	neg	0.8
定罪	neg	0.8
官司缠身	neg	0.8
官僚腐败	neg	0.8
尚不	neg	0.8
尚未加入	neg	0.8
尚未召开	neg	0.8
尚未立法通过	neg	0.8
尚未同意	neg	0.8
尚未成熟	neg	0.8
尚未有	neg	0.8
尚未完成	neg	0.8
尚未建立	neg	0.8
尚未能	neg	0.8
尚未排除	neg	0.8
尚未准备好	neg	0.8
尚未确定	neg	0.8
尚未证实	neg	0.8
尚武	neg	0.8
尚无人	neg	0.8
尚难	neg	0.8
尚难拿	neg	0.8
屈服于	neg	0.8
屈指可数	neg	0.8
屈辱感	neg	0.8
居末	neg	0.8
居于下风	neg	0.8
延长太久	neg	0.8
延阻	neg	0.8
延宕	neg	0.8
延后	neg	0.8
延滞	neg	0.8
延迟	neg	0.8
延搁	neg	0.8
往往使矛盾激	neg	0.8
往后倒退	neg	0.8
忽略	neg	0.8
忽略了	neg	0.8
忽视了	neg	0.8
忿怒	neg	0.8
忿恨	neg	0.8
忿恨不平	neg	0.8
怯于	neg	0.8
怵目惊心	neg	0.8
怵然	neg	0.8
怪人	neg	0.8
怪力乱神	neg	0.8
怪我	neg	0.8
怪怪	neg	0.8
怪物	neg	0.8
怪胎	neg	0.8
怪异的东西	neg	0.8
怪异风格	neg	0.8
怪罪	neg	0.8
怪诞的行动	neg	0.8
怪诞的事物	neg	0.8
怪诞的图样	neg	0.8
怕生	neg	0.8
怕死	neg	0.8
怕的是	neg	0.8
怕得罪	neg	0.8
性犯罪	neg	0.8
性交易	neg	0.8
性侵犯	neg	0.8
性侵害	neg	0.8
性急	neg	0.8
性情大变	neg	0.8
性恶	neg	0.8
性戏谑	neg	0.8
性丑闻	neg	0.8
性骚扰	neg	0.8
所犯罪责	neg	0.8
所受苦难	neg	0.8
所知不多	neg	0.8
所苦	neg	0.8
所嫁非人	neg	0.8
所骗	neg	0.8
承受不住	neg	0.8
承受双重负担	neg	0.8
拉下	neg	0.8
拉出来	neg	0.8
拉回	neg	0.8
拉屎	neg	0.8
拉起警报	neg	0.8
拉伤	neg	0.8
拉紧	neg	0.8
拉挤	neg	0.8
抹去	neg	0.8
抹掉	neg	0.8
抹黑中伤	neg	0.8
抹黑他	neg	0.8
抹黑活动	neg	0.8
抹灭	neg	0.8
抹灭事实	neg	0.8
抹煞	neg	0.8
拒不	neg	0.8
拒不交代	neg	0.8
拒付	neg	0.8
拒斥	neg	0.8
拒我于千里之外	neg	0.8
拒改	neg	0.8
拒见	neg	0.8
拒受	neg	0.8
拒访	neg	0.8
拒发	neg	0.8
拒绝	neg	0.8
拒绝承兑	neg	0.8
拒绝承认	neg	0.8
拒绝接受	neg	0.8
拒绝透露	neg	0.8
拒绝给予	neg	0.8
拒绝说明	neg	0.8
拒给	neg	0.8
拒买	neg	0.8
拒搭	neg	0.8
拒签	neg	0.8
招非议	neg	0.8
招架不住	neg	0.8
招致毁灭	neg	0.8
抛下	neg	0.8
抛到脑后	neg	0.8
抛空	neg	0.8
抨评	neg	0.8
抽筋	neg	0.8
抽搐	neg	0.8
抽噎地哭	neg	0.8
押往	neg	0.8
押往监狱	neg	0.8
押错宝	neg	0.8
拍打	neg	0.8
拍拍屁股找不著人	neg	0.8
拍拍屁股走人	neg	0.8
拍桌大骂	neg	0.8
拍掉	neg	0.8
拍落	neg	0.8
拍击	neg	0.8
抵充	neg	0.8
抵死反对	neg	0.8
抵押	neg	0.8
抵挡	neg	0.8
抵挡不住	neg	0.8
抵触法规	neg	0.8
拼不上	neg	0.8
抱怨地说	neg	0.8
抱怨连连	neg	0.8
抱蛋而归	neg	0.8
拘束	neg	0.8
拘留所	neg	0.8
拘留处	neg	0.8
拘禁	neg	0.8
拘谨	neg	0.8
拖上	neg	0.8
拖沓	neg	0.8
拖沓地进行	neg	0.8
拖垮	neg	0.8
拖得	neg	0.8
拖得太久	neg	0.8
拖著	neg	0.8
拖著行进	neg	0.8
拖著脚走	neg	0.8
拖过	neg	0.8
拖慢	neg	0.8
拖紧	neg	0.8
拗客	neg	0.8
拆斥	neg	0.8
拆掉	neg	0.8
拆毁	neg	0.8
拆桥	neg	0.8
抬不起头	neg	0.8
拎背	neg	0.8
放一个屁	neg	0.8
放下	neg	0.8
放不下心	neg	0.8
放不开	neg	0.8
放低	neg	0.8
放屁	neg	0.8
放狗	neg	0.8
放狗咬我啊	neg	0.8
放射	neg	0.8
放炮	neg	0.8
放弃权利	neg	0.8
放逐	neg	0.8
放慢	neg	0.8
放纵了	neg	0.8
放声哀哭	neg	0.8
于己不利	neg	0.8
于不顾	neg	0.8
易主	neg	0.8
易生气	neg	0.8
易受	neg	0.8
易受骗	neg	0.8
易被瞒	neg	0.8
易损坏	neg	0.8
易烦恼	neg	0.8
易碎	neg	0.8
易瞒	neg	0.8
易坏	neg	0.8
易爆发	neg	0.8
易变	neg	0.8
昂贵	neg	0.8
昂贵地	neg	0.8
明令禁止	neg	0.8
明显衰退	neg	0.8
昏了头	neg	0.8
昏昏欲睡	neg	0.8
昏倒	neg	0.8
昏迷	neg	0.8
昏厥	neg	0.8
昏暗	neg	0.8
昏晕	neg	0.8
服刑	neg	0.8
服麻醉品	neg	0.8
东洋鬼子	neg	0.8
东骂西骂	neg	0.8
杯葛	neg	0.8
板著脸孔	neg	0.8
板脸	neg	0.8
武力	neg	0.8
武力犯台	neg	0.8
武装部队	neg	0.8
武装冲突	neg	0.8
武器扩散	neg	0.8
歧见	neg	0.8
歧见仍深	neg	0.8
歧异	neg	0.8
歧路	neg	0.8
泥污	neg	0.8
泥坑	neg	0.8
泥沼化	neg	0.8
泥菩萨过河	neg	0.8
泥泞	neg	0.8
泥鳅功	neg	0.8
沾污	neg	0.8
波动较大	neg	0.8
法令漏洞	neg	0.8
法西斯主义者	neg	0.8
法西斯党员	neg	0.8
法律制裁	neg	0.8
治标	neg	0.8
泠汗直流	neg	0.8
炒了鱿鱼	neg	0.8
炒地皮	neg	0.8
炒作派	neg	0.8
炒作家	neg	0.8
争不过	neg	0.8
争功诿过	neg	0.8
争吵的原因	neg	0.8
争事	neg	0.8
争气点	neg	0.8
争斗者	neg	0.8
争执不休	neg	0.8
争执激烈	neg	0.8
争夺	neg	0.8
争钱	neg	0.8
争议性	neg	0.8
争议侵略	neg	0.8
争辩	neg	0.8
争霸对抗	neg	0.8
争权	neg	0.8
物欲高张	neg	0.8
物质崇拜	neg	0.8
状告	neg	0.8
狙杀	neg	0.8
狙击	neg	0.8
狗男女	neg	0.8
狗眼看人低	neg	0.8
狗嘴	neg	0.8
狗嘴吐不出象牙	neg	0.8
狗杂碎	neg	0.8
玩人家	neg	0.8
玩完	neg	0.8
玩弄权谋	neg	0.8
玩忽行为	neg	0.8
玩法弄法	neg	0.8
玩笑	neg	0.8
玩得过火	neg	0.8
疝气	neg	0.8
疙瘩	neg	0.8
的确具有威胁	neg	0.8
盲信	neg	0.8
盲点	neg	0.8
直斥	neg	0.8
直冒冷汗	neg	0.8
直接拒绝	neg	0.8
直接冲击	neg	0.8
直撞	neg	0.8
知识不足	neg	0.8
社会不安	neg	0.8
社会问题	neg	0.8
社会边缘人物	neg	0.8
空手而回	neg	0.8
空手而返	neg	0.8
空手而归	neg	0.8
空有	neg	0.8
空洞化	neg	0.8
空茫	neg	0.8
空窗	neg	0.8
空虚	neg	0.8
空想家	neg	0.8
空腹	neg	0.8
空闺	neg	0.8
空头格局	neg	0.8
空转	neg	0.8
空难	neg	0.8
空难失事	neg	0.8
空响炮	neg	0.8
纠葛	neg	0.8
纠弹	neg	0.8
纠举	neg	0.8
纠缠不休	neg	0.8
纠缠不清	neg	0.8
罔视	neg	0.8
罔顾	neg	0.8
肥肉	neg	0.8
肥胖	neg	0.8
肢体暴力	neg	0.8
股市狂跌	neg	0.8
芭乐问题	neg	0.8
花容失色	neg	0.8
花痴	neg	0.8
花边丑闻	neg	0.8
初生之犊	neg	0.8
表示抗议	neg	0.8
表示忿恨	neg	0.8
表示极大的忧心	neg	0.8
表示轻蔑	neg	0.8
表示鄙视	neg	0.8
表示谢绝	neg	0.8
表示谢绝的短柬	neg	0.8
表面上	neg	0.8
表面工夫	neg	0.8
表面性的事物	neg	0.8
表面粗糙	neg	0.8
表现平平	neg	0.8
表现过差	neg	0.8
表里不一	neg	0.8
表达不满	neg	0.8
轧轧	neg	0.8
轧轧地作响	neg	0.8
迎面攻来	neg	0.8
近视	neg	0.8
近忧	neg	0.8
金玉其外败絮其中	neg	0.8
金融灾害	neg	0.8
金融波动	neg	0.8
金融风暴	neg	0.8
金钱交易	neg	0.8
金钱游戏	neg	0.8
金权勾结	neg	0.8
长的丑	neg	0.8
长肥	neg	0.8
长痔疮	neg	0.8
长期不和	neg	0.8
长期折磨	neg	0.8
长期争斗	neg	0.8
长期动荡之源	neg	0.8
门槛	neg	0.8
阿谀示好	neg	0.8
阻力横生	neg	0.8
阻止工会发展	neg	0.8
阻逆	neg	0.8
阻挠到底	neg	0.8
阻吓	neg	0.8
阻扰	neg	0.8
阻断	neg	0.8
阻碍物	neg	0.8
阻碍重重	neg	0.8
阻碍著	neg	0.8
雨打	neg	0.8
青少年问题	neg	0.8
青蛙	neg	0.8
非可	neg	0.8
非正式	neg	0.8
非份	neg	0.8
非同小可	neg	0.8
非自愿	neg	0.8
非但	neg	0.8
非但不能	neg	0.8
非事实	neg	0.8
非法活动	neg	0.8
非法阴谋	neg	0.8
非要	neg	0.8
非真心相对	neg	0.8
非真正	neg	0.8
非健全	neg	0.8
非问题核心	neg	0.8
非婚生子	neg	0.8
非婚生子女	neg	0.8
非常不满	neg	0.8
非常反对	neg	0.8
非常少见	neg	0.8
非常失望	neg	0.8
非常生气	neg	0.8
非常危险	neg	0.8
非常有限	neg	0.8
非常低	neg	0.8
非常困难	neg	0.8
非常恐怖	neg	0.8
非常紧张	neg	0.8
非常愤怒	neg	0.8
非常担心	neg	0.8
非常难打	neg	0.8
非常严重	neg	0.8
非常饥饿	neg	0.8
非理性的传染	neg	0.8
非战之罪	neg	0.8
非难的理由	neg	0.8
非属	neg	0.8
咂嘴	neg	0.8
肏你	neg	0.8
信心出现动摇	neg	0.8
信心丧失	neg	0.8
信用紧缩	neg	0.8
侵入者	neg	0.8
侵入校园	neg	0.8
侵犯人身	neg	0.8
侵占罪	neg	0.8
侵害了	neg	0.8
侵略性	neg	0.8
侵略者	neg	0.8
侵略国	neg	0.8
侵略罪行	neg	0.8
保持疑心	neg	0.8
保养欠佳	neg	0.8
保护主义压力	neg	0.8
俗辣	neg	0.8
俗丽	neg	0.8
侮辱	neg	0.8
侮辱行为	neg	0.8
局限于	neg	0.8
冒充者	neg	0.8
冒失女孩	neg	0.8
冒犯	neg	0.8
冒冷汗	neg	0.8
冒牌货	neg	0.8
冒著货币危机	neg	0.8
冒险假设	neg	0.8
削去	neg	0.8
削掉	neg	0.8
前后矛盾	neg	0.8
前后颠倒	neg	0.8
克星	neg	0.8
勉强	neg	0.8
南侵	neg	0.8
却只	neg	0.8
却只是	neg	0.8
却未	neg	0.8
却未减少	neg	0.8
却有	neg	0.8
却没有	neg	0.8
却忽略	neg	0.8
却忽略了	neg	0.8
却忽视	neg	0.8
却非	neg	0.8
却要	neg	0.8
却掐死了	neg	0.8
却无法复制	neg	0.8
却视	neg	0.8
却说	neg	0.8
厚利可图	neg	0.8
厚著脸皮做	neg	0.8
厚脸	neg	0.8
厚颜薄耻	neg	0.8
叛臣	neg	0.8
叛国者	neg	0.8
叛党	neg	0.8
咬牙切齿	neg	0.8
咬字不清晰	neg	0.8
咬住	neg	0.8
咬伤	neg	0.8
哀求	neg	0.8
哀泣	neg	0.8
哀凄	neg	0.8
哀惜	neg	0.8
哀悼者	neg	0.8
哀戚	neg	0.8
哀痛	neg	0.8
哀诉	neg	0.8
哀伤	neg	0.8
哀号	neg	0.8
哀叹	neg	0.8
哀怜	neg	0.8
哎呀	neg	0.8
哇咧	neg	0.8
哇哩	neg	0.8
哇哩咧	neg	0.8
哇勒塞你娘	neg	0.8
哇靠	neg	0.8
品行不端	neg	0.8
品性不端	neg	0.8
品质也降低	neg	0.8
哄诱	neg	0.8
哄骗做	neg	0.8
哈欠	neg	0.8
咯咯	neg	0.8
咯咯声	neg	0.8
垂头丧气	neg	0.8
垮台	neg	0.8
垮掉	neg	0.8
姿态	neg	0.8
奸淫	neg	0.8
奸淫掳掠	neg	0.8
威胁之严重	neg	0.8
威胁更大	neg	0.8
威胁杯葛	neg	0.8
威吓意味	neg	0.8
威压	neg	0.8
威慑	neg	0.8
威慑力量	neg	0.8
威权管教	neg	0.8
孩子气	neg	0.8
宣布放弃	neg	0.8
宣布中止	neg	0.8
宣布脱离关系	neg	0.8
宣告失败	neg	0.8
宣告有罪	neg	0.8
宣告放弃	neg	0.8
宣告非法	neg	0.8
宣告无效	neg	0.8
宣泄	neg	0.8
封闭	neg	0.8
封闭已久	neg	0.8
封闭市场	neg	0.8
尸块	neg	0.8
尸块遍地	neg	0.8
尸体	neg	0.8
屋漏偏逢连夜	neg	0.8
幽怨	neg	0.8
幽黯	neg	0.8
幽灵再现	neg	0.8
度烂	neg	0.8
建树少	neg	0.8
很大压力	neg	0.8
很不快乐	neg	0.8
很不高兴	neg	0.8
很不喜欢	neg	0.8
很不开心	neg	0.8
很少人	neg	0.8
很少有	neg	0.8
很可怕	neg	0.8
很危险	neg	0.8
很多问题	neg	0.8
很忙	neg	0.8
很低	neg	0.8
很没面子	neg	0.8
很怕	neg	0.8
很后悔	neg	0.8
很屌	neg	0.8
很差	neg	0.8
很弱	neg	0.8
很气	neg	0.8
很臭	neg	0.8
很混	neg	0.8
很深的裂缝	neg	0.8
很感冒	neg	0.8
很惨	neg	0.8
很满	neg	0.8
很紧张	neg	0.8
很担心	neg	0.8
很遗憾	neg	0.8
很丑	neg	0.8
很难不做退让	neg	0.8
很难打	neg	0.8
很难有	neg	0.8
很难为情	neg	0.8
很难相信	neg	0.8
很难逃过	neg	0.8
很难证明	neg	0.8
很难想像	neg	0.8
很难预料	neg	0.8
很难实现	neg	0.8
很难说	neg	0.8
很难办了	neg	0.8
很难避免	neg	0.8
很难听	neg	0.8
很烂	neg	0.8
很蠢	neg	0.8
后座力	neg	0.8
后悔已晚	neg	0.8
后退	neg	0.8
后尘	neg	0.8
怒斥	neg	0.8
怒目	neg	0.8
怒目注视	neg	0.8
怒目相向	neg	0.8
怒吼	neg	0.8
怒指	neg	0.8
怒容	neg	0.8
怒捶	neg	0.8
怒视	neg	0.8
怒潮	neg	0.8
怒发冲冠	neg	0.8
怠惰地	neg	0.8
急切地要求得到	neg	0.8
急忙	neg	0.8
急忙地讲	neg	0.8
急扯	neg	0.8
急走	neg	0.8
急促	neg	0.8
急促地说	neg	0.8
急急忙忙	neg	0.8
急流	neg	0.8
急迫	neg	0.8
急冻人	neg	0.8
急著	neg	0.8
急著跳脚	neg	0.8
急煞车声	neg	0.8
急语	neg	0.8
急剧恶化	neg	0.8
急遽下挫	neg	0.8
急遽萎缩	neg	0.8
怎免	neg	0.8
怎么了	neg	0.8
怎么可以	neg	0.8
怎么混	neg	0.8
怎么这样	neg	0.8
怎么搞	neg	0.8
怎么会	neg	0.8
怎样	neg	0.8
怨别	neg	0.8
怨命	neg	0.8
怨恨	neg	0.8
怨恨引起	neg	0.8
怨气	neg	0.8
怨气深	neg	0.8
怨叹	neg	0.8
怨愤	neg	0.8
怨怼	neg	0.8
恍惚	neg	0.8
恰恰相反	neg	0.8
恨死你	neg	0.8
恨你	neg	0.8
恨的牙痒痒	neg	0.8
恨得牙痒痒	neg	0.8
恨意	neg	0.8
恨极	neg	0.8
扁一扁	neg	0.8
扁你	neg	0.8
扁到你说不出话	neg	0.8
拜托	neg	0.8
拜金主义	neg	0.8
挖空	neg	0.8
挖掘地基	neg	0.8
挖掉	neg	0.8
持异议	neg	0.8
持疑	neg	0.8
持续的叫喊	neg	0.8
持续虐待	neg	0.8
持续恶化	neg	0.8
指正	neg	0.8
指责不断	neg	0.8
指摘	neg	0.8
拱手	neg	0.8
挑逗	neg	0.8
挑拨是非	neg	0.8
挑衅式	neg	0.8
挑衅性	neg	0.8
政治化	neg	0.8
政治危机	neg	0.8
政治角力	neg	0.8
政治性阴谋	neg	0.8
政治动荡	neg	0.8
政治冲击	neg	0.8
政经危机	neg	0.8
政变	neg	0.8
故意刁难	neg	0.8
故意少给	neg	0.8
故意违悖	neg	0.8
故意违宪	neg	0.8
故意误导	neg	0.8
施加压力	neg	0.8
施虐	neg	0.8
施虐者	neg	0.8
既非	neg	0.8
既无助于	neg	0.8
昧于	neg	0.8
是一发不可收拾	neg	0.8
是我的错吗	neg	0.8
是非不分	neg	0.8
是怎样	neg	0.8
是畜牲	neg	0.8
染上	neg	0.8
染上毒瘾	neg	0.8
染指	neg	0.8
染黑	neg	0.8
某校系寄给同	neg	0.8
枯萎	neg	0.8
枯黄	neg	0.8
枯槁	neg	0.8
枯瘦	neg	0.8
查不出	neg	0.8
查无实据	neg	0.8
查禁	neg	0.8
查贿	neg	0.8
歪曲史实	neg	0.8
歪脑筋	neg	0.8
殆尽	neg	0.8
毒打一顿	neg	0.8
毒气影响	neg	0.8
毒杀	neg	0.8
毒蛇	neg	0.8
毒蛇一样	neg	0.8
毒蛇一样的家伙	neg	0.8
毒腺	neg	0.8
毒药	neg	0.8
流亡	neg	0.8
流亡者	neg	0.8
流行病	neg	0.8
流言四起	neg	0.8
流放	neg	0.8
流空	neg	0.8
流浪	neg	0.8
流浪人	neg	0.8
流浪乞丐	neg	0.8
流浪者	neg	0.8
流浪汉	neg	0.8
流泪	neg	0.8
流眼泪	neg	0.8
流连	neg	0.8
流逝	neg	0.8
流离	neg	0.8
活不过	neg	0.8
派系	neg	0.8
泄忿	neg	0.8
泄恨	neg	0.8
为人误解	neg	0.8
为小	neg	0.8
为什么还	neg	0.8
为低	neg	0.8
为抗议	neg	0.8
为耻	neg	0.8
为时过早	neg	0.8
为患	neg	0.8
为情所困	neg	0.8
为恶	neg	0.8
为罪魁祸	neg	0.8
为祸	neg	0.8
炸射	neg	0.8
炸毁	neg	0.8
炸药	neg	0.8
炮火	neg	0.8
炮打	neg	0.8
炮灰者	neg	0.8
炮击	neg	0.8
牲畜	neg	0.8
牲畜栏	neg	0.8
抵触无效	neg	0.8
狩猎	neg	0.8
狠打	neg	0.8
狠很	neg	0.8
狠狠抨击	neg	0.8
狠狠修理	neg	0.8
狠狠训了	neg	0.8
狠话	neg	0.8
狠骂	neg	0.8
狡诘	neg	0.8
甚至	neg	0.8
甚为严重	neg	0.8
畏怯	neg	0.8
畏缩	neg	0.8
畏惧	neg	0.8
疫区	neg	0.8
疤痕	neg	0.8
皆未	neg	0.8
皆非	neg	0.8
皆非易事	neg	0.8
皆输	neg	0.8
省思	neg	0.8
省略	neg	0.8
相互叫阵	neg	0.8
相互指责	neg	0.8
相互对骂	neg	0.8
相反	neg	0.8
相反地	neg	0.8
相去甚远	neg	0.8
相形黯然	neg	0.8
相忌	neg	0.8
相克	neg	0.8
相奸	neg	0.8
相奸罪	neg	0.8
相约自杀	neg	0.8
相背而驰	neg	0.8
相当反感	neg	0.8
相当失望	neg	0.8
相当有限	neg	0.8
相当低	neg	0.8
相当疼痛	neg	0.8
相当艰苦	neg	0.8
相当艰难	neg	0.8
相违背	neg	0.8
相对	neg	0.8
相对降低	neg	0.8
相对贬值	neg	0.8
相对滑落	neg	0.8
看了就有气	neg	0.8
看不出	neg	0.8
看不出来	neg	0.8
看不见	neg	0.8
看不到	neg	0.8
看不起	neg	0.8
看不过去	neg	0.8
看不懂	neg	0.8
看你娘卡好	neg	0.8
看贬	neg	0.8
看腻	neg	0.8
看腻了	neg	0.8
研碎	neg	0.8
砍一下	neg	0.8
砍人	neg	0.8
砍下	neg	0.8
砍死	neg	0.8
砍倒	neg	0.8
砍得	neg	0.8
砍得很深	neg	0.8
砍得很深的伤口	neg	0.8
砍掉	neg	0.8
砍痕	neg	0.8
砍伤	neg	0.8
砍落	neg	0.8
砍头	neg	0.8
砍击	neg	0.8
砍断	neg	0.8
科以	neg	0.8
科以罚款	neg	0.8
秋毫之末	neg	0.8
突然不见	neg	0.8
突然止步不前	neg	0.8
突然地	neg	0.8
突然查抄	neg	0.8
突然丧失	neg	0.8
突遭变故	neg	0.8
突变	neg	0.8
纪录不佳	neg	0.8
约束物	neg	0.8
耍小姐脾气	neg	0.8
耍什么狠	neg	0.8
耍太保	neg	0.8
耍心机	neg	0.8
耍色	neg	0.8
耍我	neg	0.8
耍狠	neg	0.8
耍起狠	neg	0.8
耍脾气	neg	0.8
耍贱	neg	0.8
耍贱招	neg	0.8
胃痛	neg	0.8
背井	neg	0.8
背信弃义的人	neg	0.8
背叛者	neg	0.8
背伤	neg	0.8
胡打乱撞	neg	0.8
胡吹	neg	0.8
胡思	neg	0.8
胡乱地涂	neg	0.8
胡乱搞	neg	0.8
胡乱对付	neg	0.8
胡干	neg	0.8
胡搞	neg	0.8
胡话	neg	0.8
胎儿畸形	neg	0.8
致人死命	neg	0.8
致污物	neg	0.8
致命一击	neg	0.8
致命之物	neg	0.8
致哀	neg	0.8
致癌	neg	0.8
苦大仇深	neg	0.8
苦工	neg	0.8
苦不堪言	neg	0.8
苦主	neg	0.8
苦吞	neg	0.8
苦役	neg	0.8
苦旱期	neg	0.8
苦事	neg	0.8
苦味	neg	0.8
苦果	neg	0.8
苦的东西	neg	0.8
苦哈哈	neg	0.8
苦苦纠缠	neg	0.8
苦笑	neg	0.8
苦闷	neg	0.8
苦恼	neg	0.8
苦痛	neg	0.8
苦干	neg	0.8
苦尝	neg	0.8
苦战	neg	0.8
苦头	neg	0.8
苦脸	neg	0.8
苦难	neg	0.8
若非	neg	0.8
虐儿	neg	0.8
虐待而死	neg	0.8
虐待儿童	neg	0.8
要加把劲	neg	0.8
要吐	neg	0.8
要死	neg	0.8
要被当了	neg	0.8
要饭	neg	0.8
计较	neg	0.8
计谋	neg	0.8
负成长	neg	0.8
负面方向	neg	0.8
负面因素	neg	0.8
负面效果	neg	0.8
负起政治责任	neg	0.8
负债	neg	0.8
负债累累	neg	0.8
负数	neg	0.8
负担加重	neg	0.8
负担重	neg	0.8
军事大国	neg	0.8
军事打压	neg	0.8
军事挑衅	neg	0.8
军事政变	neg	0.8
军事压力	neg	0.8
军备竞赛	neg	0.8
军阀	neg	0.8
迢遥长路	neg	0.8
迥异	neg	0.8
迫不	neg	0.8
迫不得已	neg	0.8
迫切反对	neg	0.8
迫切需要	neg	0.8
迫于形势	neg	0.8
重大代价	neg	0.8
重大事故	neg	0.8
重大争议	neg	0.8
重大的损失	neg	0.8
重大空难	neg	0.8
重大挫折	neg	0.8
重大恶行	neg	0.8
重大伤亡	neg	0.8
重大意外	neg	0.8
重大疑虑	neg	0.8
重大影响	neg	0.8
重大隐忧	neg	0.8
重打	neg	0.8
重负	neg	0.8
重重障碍	neg	0.8
重病	neg	0.8
重围	neg	0.8
重跌	neg	0.8
重伤之际	neg	0.8
重伤害	neg	0.8
重新来过	neg	0.8
重新陷入	neg	0.8
重罪	neg	0.8
重担	neg	0.8
重整失败	neg	0.8
重压	neg	0.8
重击	neg	0.8
重击声	neg	0.8
重蹈	neg	0.8
限止	neg	0.8
限死	neg	0.8
限制因素	neg	0.8
限定	neg	0.8
限于	neg	0.8
陋俗	neg	0.8
陌生	neg	0.8
降至六千	neg	0.8
降低风险	neg	0.8
降到	neg	0.8
降为	neg	0.8
降税	neg	0.8
降祸	neg	0.8
面色凝重	neg	0.8
面临很多难题	neg	0.8
面临重大困难	neg	0.8
面临严重挑战	neg	0.8
革职	neg	0.8
风吹	neg	0.8
风流	neg	0.8
风流韵事	neg	0.8
风暴期	neg	0.8
风险打击	neg	0.8
风险却特别高	neg	0.8
风险很大	neg	0.8
风声鹤唳	neg	0.8
风爆	neg	0.8
风骚	neg	0.8
飞走	neg	0.8
飞弹攻击	neg	0.8
飞溅	neg	0.8
飞溅出	neg	0.8
食人	neg	0.8
食人者	neg	0.8
食恶果	neg	0.8
食髓知味	neg	0.8
锉小	neg	0.8
屌什么	neg	0.8
屌屁	neg	0.8
屌儿啷当	neg	0.8
屌啥	neg	0.8
屌琅当	neg	0.8
亳不	neg	0.8
亳不留情	neg	0.8
俯身痛哭	neg	0.8
俯首称臣	neg	0.8
倦怠感	neg	0.8
值得商榷	neg	0.8
倒下	neg	0.8
倒大楣	neg	0.8
倒不如	neg	0.8
倒坍	neg	0.8
倒垃圾	neg	0.8
倒底要怎样	neg	0.8
倒退	neg	0.8
倒闭	neg	0.8
倒闭风	neg	0.8
倒闭风恶化	neg	0.8
倒楣	neg	0.8
倒尽	neg	0.8
倒输	neg	0.8
倒错	neg	0.8
倔强	neg	0.8
倔强地	neg	0.8
俱焚	neg	0.8
个性倔强	neg	0.8
修正压力	neg	0.8
俾防	neg	0.8
伦理病变	neg	0.8
伦理荡然	neg	0.8
仓卒	neg	0.8
冤家	neg	0.8
冤案	neg	0.8
冻疮	neg	0.8
凌虐他人	neg	0.8
凌虐致死	neg	0.8
凋萎	neg	0.8
凋谢	neg	0.8
剥落	neg	0.8
匪夷所思	neg	0.8
匪谍	neg	0.8
匪类	neg	0.8
原子尘	neg	0.8
原子尘的降下	neg	0.8
原罪	neg	0.8
哭了	neg	0.8
哭么	neg	0.8
哭夭	neg	0.8
哭夭个屁	neg	0.8
哭妖	neg	0.8
哭泣	neg	0.8
哭爸	neg	0.8
哭诉	neg	0.8
哭妈	neg	0.8
唉呀	neg	0.8
唉唷	neg	0.8
唉哟	neg	0.8
哪敢	neg	0.8
哽咽	neg	0.8
唏嘘	neg	0.8
埋下	neg	0.8
埋下不少问题	neg	0.8
埋下问题	neg	0.8
埋地雷	neg	0.8
埋葬	neg	0.8
害了	neg	0.8
害人害己	neg	0.8
害人精	neg	0.8
害羞	neg	0.8
害惨	neg	0.8
害臊	neg	0.8
害虫	neg	0.8
家庭暴力	neg	0.8
家务杂事	neg	0.8
家暴	neg	0.8
容易受惊	neg	0.8
射杀	neg	0.8
射伤	neg	0.8
射击	neg	0.8
差了一点	neg	0.8
差太远	neg	0.8
差别很大	neg	0.8
差别待遇	neg	0.8
差强	neg	0.8
差强人意	neg	0.8
差得很远	neg	0.8
差异	neg	0.8
差异化	neg	0.8
差异太大	neg	0.8
差异性高	neg	0.8
差异甚大	neg	0.8
差距甚大	neg	0.8
弱小	neg	0.8
弱化	neg	0.8
弱到	neg	0.8
弱者	neg	0.8
弱势者	neg	0.8
弱势货币	neg	0.8
徒令	neg	0.8
徒具形式	neg	0.8
徒呼负负	neg	0.8
徒增	neg	0.8
恐不保	neg	0.8
恐有负面影响	neg	0.8
恐布	neg	0.8
恐布份子	neg	0.8
恐怖手段	neg	0.8
恐怖行动	neg	0.8
恐怖攻击	neg	0.8
恐怖活动	neg	0.8
恐怖时期	neg	0.8
恐怖病	neg	0.8
恐怖统治	neg	0.8
恐怖阴影	neg	0.8
恐怕	neg	0.8
恐怕更难	neg	0.8
恐非	neg	0.8
恐非事实	neg	0.8
恐核	neg	0.8
恐将	neg	0.8
恐将落空	neg	0.8
恐遭	neg	0.8
恐遭误解	neg	0.8
恐吓勒索	neg	0.8
恐难持续	neg	0.8
恐难维持	neg	0.8
恐惧不安	neg	0.8
悄悄	neg	0.8
悄悄踱步	neg	0.8
悚然	neg	0.8
悍妞	neg	0.8
悍拒	neg	0.8
悔恨	neg	0.8
悔悟之心	neg	0.8
悔意	neg	0.8
悖于	neg	0.8
悖离	neg	0.8
拳打	neg	0.8
拳脚相向	neg	0.8
拳头	neg	0.8
拳头相向	neg	0.8
拿不出	neg	0.8
拿不出办法	neg	0.8
拿不到	neg	0.8
拿掉	neg	0.8
挟怨	neg	0.8
捕捉之物	neg	0.8
捕捉器	neg	0.8
捆在	neg	0.8
捉贼	neg	0.8
挫折容忍力低	neg	0.8
挫折感	neg	0.8
挫折感重	neg	0.8
挫跌	neg	0.8
挫伤	neg	0.8
挫赛	neg	0.8
挨打	neg	0.8
挨告	neg	0.8
挨饿	neg	0.8
挨饿受冻	neg	0.8
挨轰	neg	0.8
效果不高	neg	0.8
料想不到	neg	0.8
旁人称羡	neg	0.8
时好时坏	neg	0.8
书虫	neg	0.8
校园小霸王	neg	0.8
根本不是我	neg	0.8
根本不重视	neg	0.8
根本没有	neg	0.8
根本就	neg	0.8
根绝	neg	0.8
栽在	neg	0.8
格斗	neg	0.8
殊死战	neg	0.8
气不过	neg	0.8
气死了	neg	0.8
气死人	neg	0.8
气死我了	neg	0.8
气冲冲	neg	0.8
气走	neg	0.8
气呼呼	neg	0.8
气昏	neg	0.8
气氛不好	neg	0.8
气氛紧绷	neg	0.8
气氛绷紧	neg	0.8
气的半死	neg	0.8
气咻咻	neg	0.8
气急	neg	0.8
气急败坏地说	neg	0.8
气哼哼	neg	0.8
气得	neg	0.8
气得七窍生烟	neg	0.8
气恼	neg	0.8
气结	neg	0.8
气绝身亡	neg	0.8
气势受挫	neg	0.8
气疯	neg	0.8
气疯了	neg	0.8
气愤地说粗话	neg	0.8
气愤填膺	neg	0.8
气馁	neg	0.8
气坏	neg	0.8
浪得虚名	neg	0.8
浪费了	neg	0.8
浪费时间	neg	0.8
浪荡	neg	0.8
浪掷	neg	0.8
消沈	neg	0.8
消耗	neg	0.8
消耗性	neg	0.8
消耗热	neg	0.8
消除掉	neg	0.8
消逝	neg	0.8
消极被动	neg	0.8
消灭	neg	0.8
消瘦	neg	0.8
浸水而沉没	neg	0.8
浸没	neg	0.8
海洛因	neg	0.8
涉及犯罪	neg	0.8
涉及泄密	neg	0.8
涉及贿赂丑闻	neg	0.8
涉及丑闻	neg	0.8
涉有违宪	neg	0.8
涉嫌逃税	neg	0.8
涉贿	neg	0.8
浮列计画	neg	0.8
浮沈	neg	0.8
浮动	neg	0.8
浮动不安	neg	0.8
浮渣	neg	0.8
浮滥	neg	0.8
浩劫	neg	0.8
烤焦	neg	0.8
烙印	neg	0.8
烙跑	neg	0.8
烈酒	neg	0.8
乌有	neg	0.8
特别扭曲	neg	0.8
特别差	neg	0.8
特别顽劣	neg	0.8
特权	neg	0.8
狭窄	neg	0.8
狭路	neg	0.8
留下伤痕	neg	0.8
疾走	neg	0.8
疾苦	neg	0.8
疾风	neg	0.8
疾病	neg	0.8
疾驶	neg	0.8
疾声反对	neg	0.8
病了	neg	0.8
病人	neg	0.8
病因	neg	0.8
病狂	neg	0.8
病故	neg	0.8
病弱	neg	0.8
病弱的人	neg	0.8
病逝	neg	0.8
病痛	neg	0.8
病菌	neg	0.8
病变	neg	0.8
症候群	neg	0.8
疲乏	neg	0.8
疲于奔命	neg	0.8
疲倦	neg	0.8
疲累	neg	0.8
疲惫	neg	0.8
疹子	neg	0.8
眩目	neg	0.8
眩目地照射	neg	0.8
真不知道	neg	0.8
真他妈	neg	0.8
真他妈贱	neg	0.8
真正的问题	neg	0.8
真非	neg	0.8
真是够了	neg	0.8
真是烂	neg	0.8
真是蠢	neg	0.8
真面目	neg	0.8
真气	neg	0.8
真假可疑	neg	0.8
真给他	neg	0.8
真干	neg	0.8
真糗	neg	0.8
真烂	neg	0.8
真蠢	neg	0.8
砰地	neg	0.8
砰地放下	neg	0.8
砰地落下	neg	0.8
砰然	neg	0.8
砰然作声	neg	0.8
砰然作声地	neg	0.8
砰然声	neg	0.8
砰击	neg	0.8
砰击声	neg	0.8
砰声	neg	0.8
砸得粉碎	neg	0.8
破口	neg	0.8
破口大骂	neg	0.8
破功	neg	0.8
破布条	neg	0.8
破衣服	neg	0.8
破门	neg	0.8
破门盗窃	neg	0.8
破洞	neg	0.8
破洞补洞	neg	0.8
破掉	neg	0.8
破产了	neg	0.8
破产危机	neg	0.8
破产者	neg	0.8
破产国	neg	0.8
破麻	neg	0.8
破裂之虞	neg	0.8
破裂处	neg	0.8
破损	neg	0.8
破灭了	neg	0.8
破碎	neg	0.8
破碎家庭	neg	0.8
破铜烂铁	neg	0.8
破机八	neg	0.8
破旧	neg	0.8
破坏心情	neg	0.8
破坏名誉	neg	0.8
破坏我的心情	neg	0.8
破坏性	neg	0.8
破坏性影响	neg	0.8
破坏活动	neg	0.8
炮口	neg	0.8
炮火猛烈	neg	0.8
炮声隆隆	neg	0.8
神经病患者	neg	0.8
神经过敏	neg	0.8
神经紧张	neg	0.8
秩序紊乱	neg	0.8
秘教	neg	0.8
笑柄	neg	0.8
粉屌	neg	0.8
粉无聊	neg	0.8
纹裂	neg	0.8
素昧平生	neg	0.8
索费	neg	0.8
索价	neg	0.8
纳闷	neg	0.8
纷歧	neg	0.8
纷争	neg	0.8
纷纷扰扰	neg	0.8
纷扰多时	neg	0.8
缺少	neg	0.8
缺少的东西	neg	0.8
缺乏共识	neg	0.8
缺乏成效	neg	0.8
缺乏自信	neg	0.8
缺乏改善	neg	0.8
缺乏信心	neg	0.8
缺乏责任	neg	0.8
缺乏感情	neg	0.8
缺乏感情或兴趣	neg	0.8
缺乏诚意	neg	0.8
缺乏兴趣	neg	0.8
缺席者	neg	0.8
缺缺	neg	0.8
缺电	neg	0.8
缺憾	neg	0.8
缺钱	neg	0.8
耕作不便	neg	0.8
耗时	neg	0.8
耗费	neg	0.8
耗竭	neg	0.8
耽误正事	neg	0.8
脂肪	neg	0.8
脆弱不稳	neg	0.8
能力不足	neg	0.8
能吻合	neg	0.8
能看吗	neg	0.8
臭功夫	neg	0.8
臭老师	neg	0.8
臭老猴	neg	0.8
臭老头	neg	0.8
臭你老师咧	neg	0.8
臭屁	neg	0.8
臭男人	neg	0.8
臭味	neg	0.8
臭狗	neg	0.8
臭青蛙	neg	0.8
臭美	neg	0.8
臭娘们	neg	0.8
臭蚊子	neg	0.8
臭话	neg	0.8
臭酸	neg	0.8
臭铜钱	neg	0.8
臭德性	neg	0.8
臭脸	neg	0.8
臭虫	neg	0.8
刍狗	neg	0.8
荒地	neg	0.8
荒年	neg	0.8
荒凉	neg	0.8
荒野	neg	0.8
荒腔走板	neg	0.8
荒远	neg	0.8
荒谬的言行	neg	0.8
荒谬的馊主意	neg	0.8
草草收场	neg	0.8
草草结束	neg	0.8
草率地	neg	0.8
草率从事	neg	0.8
草率发照	neg	0.8
草菅	neg	0.8
兹事	neg	0.8
衰退边缘	neg	0.8
衰败	neg	0.8
衰云罩顶	neg	0.8
衰微	neg	0.8
衰竭	neg	0.8
记不起	neg	0.8
记不得	neg	0.8
讨人厌	neg	0.8
讨伐	neg	0.8
讨厌的人	neg	0.8
讨厌的人或东西	neg	0.8
讨厌的事	neg	0.8
讨厌鬼	neg	0.8
训了	neg	0.8
岂不是	neg	0.8
岂是	neg	0.8
财大气粗	neg	0.8
起反作用	neg	0.8
起步太晚	neg	0.8
起纠纷	neg	0.8
起阻碍作用	neg	0.8
起风暴	neg	0.8
起诉人	neg	0.8
起诉状	neg	0.8
起皱	neg	0.8
起冲突	neg	0.8
起鸡皮疙瘩	neg	0.8
送葬	neg	0.8
送葬者	neg	0.8
逆向	neg	0.8
逆行	neg	0.8
逆著	neg	0.8
迷失	neg	0.8
迷信引起	neg	0.8
迷思	neg	0.8
迷航	neg	0.8
迷惘	neg	0.8
迷途地	neg	0.8
迷惑	neg	0.8
迷乱	neg	0.8
迷路者	neg	0.8
迷恋者	neg	0.8
退回	neg	0.8
退役	neg	0.8
退居	neg	0.8
退居次位	neg	0.8
退堂鼓	neg	0.8
退落	neg	0.8
退学	neg	0.8
退赛	neg	0.8
退避	neg	0.8
逃亡者	neg	0.8
逃不过	neg	0.8
逃生	neg	0.8
逃走	neg	0.8
逃走的人	neg	0.8
逃家	neg	0.8
逃掉	neg	0.8
逃脱	neg	0.8
逃过	neg	0.8
逃漏	neg	0.8
逃避责任	neg	0.8
逃避义务	neg	0.8
逃避职责	neg	0.8
追打	neg	0.8
追杀	neg	0.8
追诉	neg	0.8
追诉时效	neg	0.8
追撞	neg	0.8
酒醉	neg	0.8
针刺	neg	0.8
针锋相对	neg	0.8
闪人	neg	0.8
闪避	neg	0.8
闪烁其词	neg	0.8
闪边	neg	0.8
阵脚大乱	neg	0.8
陡峭	neg	0.8
陡然下降	neg	0.8
除去	neg	0.8
除名	neg	0.8
除非	neg	0.8
除害	neg	0.8
除掉	neg	0.8
只字未提	neg	0.8
马屁	neg	0.8
马屁话	neg	0.8
马的咧	neg	0.8
马的逼	neg	0.8
高不成	neg	0.8
高失业	neg	0.8
高失业率	neg	0.8
高犯罪率	neg	0.8
高危险	neg	0.8
高死亡率	neg	0.8
高度争议	neg	0.8
高度兴奋	neg	0.8
高度警惕	neg	0.8
高射炮	neg	0.8
高得异常	neg	0.8
高速疾驶	neg	0.8
高傲态度	neg	0.8
高价	neg	0.8
高价地	neg	0.8
高压政治	neg	0.8
高难度	neg	0.8
斗不过	neg	0.8
斗争	neg	0.8
斗拳	neg	0.8
斗臭	neg	0.8
斗起来	neg	0.8
鬼天气	neg	0.8
鬼叫	neg	0.8
鬼扯	neg	0.8
鬼东西	neg	0.8
鬼玩意	neg	0.8
鬼鬼祟祟的人	neg	0.8
鬼鬼祟祟做事	neg	0.8
凄然	neg	0.8
凄怆	neg	0.8
捅来两把刀子	neg	0.8
干咳	neg	0.8
干枯	neg	0.8
干阴阳	neg	0.8
干燥	neg	0.8
伪人	neg	0.8
伪人之心	neg	0.8
伪造物	neg	0.8
伪造品	neg	0.8
伪善者	neg	0.8
伪证	neg	0.8
伪装	neg	0.8
伪饰	neg	0.8
伪证罪	neg	0.8
停工	neg	0.8
停止适用	neg	0.8
停止办理	neg	0.8
停用	neg	0.8
停飞	neg	0.8
停留	neg	0.8
停售	neg	0.8
停业清理	neg	0.8
停顿	neg	0.8
停办	neg	0.8
停赛	neg	0.8
停职	neg	0.8
停权	neg	0.8
假心假意	neg	0.8
假正义	neg	0.8
假扮	neg	0.8
假冒品	neg	0.8
假毒品	neg	0.8
假面目	neg	0.8
假货	neg	0.8
假象	neg	0.8
假想敌	neg	0.8
做人情	neg	0.8
做不到	neg	0.8
做死做活	neg	0.8
做秀	neg	0.8
做票	neg	0.8
做错	neg	0.8
做坏	neg	0.8
做坏事	neg	0.8
做霸占行为	neg	0.8
健忘	neg	0.8
偶一为之	neg	0.8
偷人	neg	0.8
偷走	neg	0.8
偷拐抢骗	neg	0.8
偷东西	neg	0.8
偷看	neg	0.8
偷偷地吃	neg	0.8
偷偷地行动	neg	0.8
偷偷地做	neg	0.8
偷偷取得	neg	0.8
偷偷摸摸地行走	neg	0.8
偷偷摸摸的人	neg	0.8
偷偷摸摸的勾当	neg	0.8
偷得	neg	0.8
偷运	neg	0.8
偷摸行走	neg	0.8
偷摸行走的人	neg	0.8
偷骂	neg	0.8
偷窥	neg	0.8
偷尝禁果	neg	0.8
偷听	neg	0.8
偏见	neg	0.8
偏差行为	neg	0.8
偏执狂	neg	0.8
偏执狂患者	neg	0.8
偏远	neg	0.8
偏离	neg	0.8
偏离正轨	neg	0.8
偏离跑道	neg	0.8
副作用	neg	0.8
勒令	neg	0.8
勒令停工	neg	0.8
勒死	neg	0.8
勒索所得之款	neg	0.8
勒除	neg	0.8
勒除器	neg	0.8
勒赎	neg	0.8
勘漏	neg	0.8
动了手脚	neg	0.8
动干戈	neg	0.8
动不动就发脾气	neg	0.8
动手	neg	0.8
动手动脚	neg	0.8
动武	neg	0.8
动怒	neg	0.8
动粗	neg	0.8
动乱情势	neg	0.8
动辄	neg	0.8
动荡的局面	neg	0.8
区域冲突	neg	0.8
参加不良组织	neg	0.8
啪地一声放下	neg	0.8
啪地落下	neg	0.8
啪的一声甩	neg	0.8
啪嗒	neg	0.8
啪嗒一声关上	neg	0.8
唱衰	neg	0.8
问题少女	neg	0.8
问题很多	neg	0.8
问题重重	neg	0.8
问题深重	neg	0.8
问题丛生	neg	0.8
问题简单化	neg	0.8
问题爆发	neg	0.8
问题严重	neg	0.8
唯恐	neg	0.8
唯恐不及	neg	0.8
唯恐天下不知	neg	0.8
唯恐天下不乱	neg	0.8
啜泣	neg	0.8
啜泣著说	neg	0.8
国仇家恨	neg	0.8
坚决反对	neg	0.8
坚拒	neg	0.8
坚持不要	neg	0.8
坚绝反核	neg	0.8
基本缺陷	neg	0.8
基卖	neg	0.8
基础薄弱	neg	0.8
堵死	neg	0.8
堵塞	neg	0.8
执意放任	neg	0.8
够了没	neg	0.8
够不爽	neg	0.8
奢想	neg	0.8
奢靡浮华	neg	0.8
婉言拒绝	neg	0.8
婉拒	neg	0.8
婚外情	neg	0.8
婚姻失调	neg	0.8
婚姻暴力	neg	0.8
婚暴	neg	0.8
婚变	neg	0.8
孰料	neg	0.8
寅吃卯粮	neg	0.8
寄食	neg	0.8
寄望过高	neg	0.8
寂寞	neg	0.8
宿命	neg	0.8
宿命论	neg	0.8
宿怨	neg	0.8
密告	neg	0.8
密藏	neg	0.8
密藏的金钱	neg	0.8
专制独裁	neg	0.8
将不会	neg	0.8
将加艰难	neg	0.8
将交保释放	neg	0.8
将更形复杂	neg	0.8
将没有任何赢家	neg	0.8
将走弱	neg	0.8
将受到冲击	neg	0.8
将浮渣去除掉	neg	0.8
将问题看得太	neg	0.8
将丧失	neg	0.8
将减少	neg	0.8
将体育组织政	neg	0.8
屠虎	neg	0.8
屠宰	neg	0.8
屠宰者	neg	0.8
屠场	neg	0.8
崎岖	neg	0.8
崎岖不平	neg	0.8
崎岖坎坷	neg	0.8
崩堤	neg	0.8
崩溃的边缘	neg	0.8
崩溃边缘	neg	0.8
带来痛苦	neg	0.8
带衰	neg	0.8
带塞	neg	0.8
带赛	neg	0.8
庸常	neg	0.8
强力威胁	neg	0.8
强光	neg	0.8
强行拘留	neg	0.8
强忍	neg	0.8
强求连任	neg	0.8
强使	neg	0.8
强制驱离	neg	0.8
强要	neg	0.8
强迫征兵	neg	0.8
强迫关闭	neg	0.8
强风吹袭	neg	0.8
强烈不满	neg	0.8
强烈反对	neg	0.8
强烈反弹	neg	0.8
强烈抗议	neg	0.8
强烈的欲望	neg	0.8
强烈指责	neg	0.8
强烈愤慨	neg	0.8
强烈警告	neg	0.8
强烈谴责	neg	0.8
强盗	neg	0.8
强盗行为	neg	0.8
强盗罪	neg	0.8
强硬派	neg	0.8
强硬态度	neg	0.8
强夺	neg	0.8
强暴未遂	neg	0.8
强击	neg	0.8
强挤	neg	0.8
强挤入	neg	0.8
强辩不休	neg	0.8
强权欺压	neg	0.8
得不到	neg	0.8
得不到休息	neg	0.8
得失心过	neg	0.8
得到教训	neg	0.8
得罪人	neg	0.8
得罪人的人	neg	0.8
从中作梗	neg	0.8
从未	neg	0.8
从未有	neg	0.8
从未见过	neg	0.8
从未开始	neg	0.8
从未夺得	neg	0.8
从未获得	neg	0.8
从没有	neg	0.8
从事小争论	neg	0.8
从事伪造活动	neg	0.8
从来未	neg	0.8
从来没有	neg	0.8
从指间溜走	neg	0.8
从无进展	neg	0.8
从严	neg	0.8
患了	neg	0.8
患有	neg	0.8
患者	neg	0.8
患病	neg	0.8
患精神病	neg	0.8
凄楚	neg	0.8
情何以堪	neg	0.8
情况不好	neg	0.8
情况很糟	neg	0.8
情况紧急	neg	0.8
情急	neg	0.8
情急拼命	neg	0.8
情杀	neg	0.8
情结	neg	0.8
情势不妙	neg	0.8
情势动荡	neg	0.8
情节重大	neg	0.8
情节剧似	neg	0.8
悻悻	neg	0.8
怅然	neg	0.8
惆怅	neg	0.8
惟恐	neg	0.8
戛然而止	neg	0.8
掠食	neg	0.8
掠夺行为	neg	0.8
控告	neg	0.8
控诉	neg	0.8
控罪	neg	0.8
接受不当招待	neg	0.8
接近危险	neg	0.8
掩不住	neg	0.8
掩埋	neg	0.8
掩蔽	neg	0.8
掉到	neg	0.8
掉泪	neg	0.8
掉队的飞机	neg	0.8
掉荣	neg	0.8
掉满地	neg	0.8
扫地	neg	0.8
挂勾	neg	0.8
挂羊头卖狗	neg	0.8
挂车尾	neg	0.8
挂钩	neg	0.8
推卸责任	neg	0.8
推却	neg	0.8
推得更低	neg	0.8
推开	neg	0.8
推诿	neg	0.8
推诿责任	neg	0.8
采取武力	neg	0.8
采取破坏行动	neg	0.8
排外	neg	0.8
排斥	neg	0.8
排除于	neg	0.8
排除适用	neg	0.8
排挤效果	neg	0.8
捻匪	neg	0.8
救我	neg	0.8
教唆伪证	neg	0.8
教唆证人	neg	0.8
教得烂	neg	0.8
败亡	neg	0.8
败投	neg	0.8
败俗	neg	0.8
败家女	neg	0.8
败给	neg	0.8
败德	neg	0.8
败战	neg	0.8
败绩	neg	0.8
败坏道德之事	neg	0.8
启疑	neg	0.8
斩首	neg	0.8
梗塞	neg	0.8
械斗事件	neg	0.8
弃以堪	neg	0.8
弃守	neg	0.8
弃拍	neg	0.8
弃国	neg	0.8
弃置	neg	0.8
弃义	neg	0.8
弃赛	neg	0.8
弃职潜逃	neg	0.8
弃权	neg	0.8
条件不同	neg	0.8
欲振乏力	neg	0.8
欲呕	neg	0.8
欲坠	neg	0.8
杀了	neg	0.8
杀人	neg	0.8
杀人者	neg	0.8
杀千刀	neg	0.8
杀子	neg	0.8
杀伐	neg	0.8
杀伐声	neg	0.8
杀死	neg	0.8
杀红了眼	neg	0.8
杀掉	neg	0.8
杀伤力	neg	0.8
杀伤力很大	neg	0.8
杀意	neg	0.8
杀机已藏	neg	0.8
杀亲	neg	0.8
杀鸡儆猴	neg	0.8
毫不重要	neg	0.8
毫不关心	neg	0.8
毫未著墨	neg	0.8
毫无必要	neg	0.8
毫无瓜葛	neg	0.8
毫无生机	neg	0.8
毫无技巧	neg	0.8
毫无威胁	neg	0.8
毫无根据	neg	0.8
毫无准备	neg	0.8
毫无道理	neg	0.8
毫无影响	neg	0.8
毫无征兆	neg	0.8
毫无办法	neg	0.8
毫无帮助	neg	0.8
毫无证据	neg	0.8
毫厘之差	neg	0.8
淡漠	neg	0.8
淌混水	neg	0.8
清理债务	neg	0.8
清寒	neg	0.8
清算清算	neg	0.8
混日	neg	0.8
混兄弟	neg	0.8
混吃混住	neg	0.8
混吃混喝	neg	0.8
混吃等死	neg	0.8
混江湖	neg	0.8
混沌	neg	0.8
混到	neg	0.8
混流氓	neg	0.8
混淆	neg	0.8
混淆国际视听	neg	0.8
混球	neg	0.8
混战	neg	0.8
混战场	neg	0.8
混浊	neg	0.8
混浊状态	neg	0.8
混帮派	neg	0.8
混杂	neg	0.8
混杂不清	neg	0.8
凄恻	neg	0.8
泪下	neg	0.8
泪如雨下	neg	0.8
泪流	neg	0.8
泪流满面	neg	0.8
泪洒	neg	0.8
淫污	neg	0.8
淫荡样	neg	0.8
淘汰出局	neg	0.8
淘汰率	neg	0.8
沦入	neg	0.8
沦为乞丐	neg	0.8
沦为少数	neg	0.8
沦为废墟	neg	0.8
深以为忧	neg	0.8
深有疑虑	neg	0.8
深受烟害	neg	0.8
深怕	neg	0.8
深恨	neg	0.8
深恐	neg	0.8
深渊	neg	0.8
深感不平	neg	0.8
深感不耐	neg	0.8
深感讶异	neg	0.8
深感棘手	neg	0.8
深感懊悔	neg	0.8
深感遗憾	neg	0.8
深感怀疑	neg	0.8
爽约	neg	0.8
牵制	neg	0.8
牵涉	neg	0.8
牵挂	neg	0.8
牵连	neg	0.8
牵肠挂肚	neg	0.8
猛扔	neg	0.8
猛吃	neg	0.8
猛地	neg	0.8
猛地落下	neg	0.8
猛地关上	neg	0.8
猛批	neg	0.8
猛攻	neg	0.8
猛拉	neg	0.8
猛抛	neg	0.8
猛砍	neg	0.8
猛烈抨击	neg	0.8
猛烈的力量	neg	0.8
猛烈的抨击	neg	0.8
猛推	neg	0.8
猛然一动	neg	0.8
猛然地	neg	0.8
猛然地一拉	neg	0.8
猛夺	neg	0.8
猛冲	neg	0.8
猛踢	neg	0.8
猛闯	neg	0.8
猛轰	neg	0.8
球触网重发	neg	0.8
理不直不壮	neg	0.8
现世报	neg	0.8
现出愁容	neg	0.8
瓶颈	neg	0.8
产生不利影响	neg	0.8
产生反作用	neg	0.8
产生歧异	neg	0.8
产生很多问题	neg	0.8
产生纹裂	neg	0.8
产生问题	neg	0.8
产生弊端	neg	0.8
产生冲突	neg	0.8
产生诸多问题	neg	0.8
产生怀疑	neg	0.8
略少	neg	0.8
略去不提	neg	0.8
略有差距	neg	0.8
略而未见	neg	0.8
略低	neg	0.8
略低于	neg	0.8
略差	neg	0.8
略减	neg	0.8
略贬	neg	0.8
略嫌	neg	0.8
略嫌保守	neg	0.8
略嫌粗糙	neg	0.8
略嫌夸张	neg	0.8
异乎	neg	0.8
异乎寻常	neg	0.8
异行	neg	0.8
异状	neg	0.8
异常状况	neg	0.8
异常的人或物	neg	0.8
异常兴奋	neg	0.8
异教	neg	0.8
异样	neg	0.8
异样眼光	neg	0.8
异类	neg	0.8
异议	neg	0.8
疏失	neg	0.8
疏于	neg	0.8
疏远	neg	0.8
疏离	neg	0.8
疏离感	neg	0.8
痔疮	neg	0.8
盛怒	neg	0.8
众之矢地	neg	0.8
众怒难犯	neg	0.8
眼花撩乱	neg	0.8
眼花据乱	neg	0.8
眼花缭乱	neg	0.8
眼红	neg	0.8
眼泪	neg	0.8
眼睛狗到蛤仔肉	neg	0.8
眼睛瞎调	neg	0.8
硫化	neg	0.8
祭品	neg	0.8
移送法办	neg	0.8
移除	neg	0.8
窒息而死	neg	0.8
窒息状态	neg	0.8
窒息噎	neg	0.8
窒闷	neg	0.8
窒碍难行	neg	0.8
窒碍难行排除	neg	0.8
笨手	neg	0.8
笨手笨脚地做	neg	0.8
笨拙地说出	neg	0.8
笨拙的处理	neg	0.8
笨脚	neg	0.8
笨猪	neg	0.8
粗制	neg	0.8
粗暴地	neg	0.8
粗鲁地对待	neg	0.8
粗鲁的人	neg	0.8
粗鲁无礼	neg	0.8
粗鲁无礼的人	neg	0.8
粗糙	neg	0.8
粗糙地	neg	0.8
绊倒	neg	0.8
细菌	neg	0.8
终决处分	neg	0.8
羞怯怯	neg	0.8
羞辱	neg	0.8
羞羞羞	neg	0.8
羞赧	neg	0.8
羞恼	neg	0.8
羞愧	neg	0.8
羞惭耻辱	neg	0.8
羞涩	neg	0.8
脱口	neg	0.8
脱口说出	neg	0.8
脱手	neg	0.8
脱序	neg	0.8
脱轨行为	neg	0.8
脱节	neg	0.8
脱落	neg	0.8
脱离了	neg	0.8
脱离常规	neg	0.8
脱离常规的人	neg	0.8
脱离联邦	neg	0.8
船失事	neg	0.8
莫大遗憾	neg	0.8
莫名	neg	0.8
莫何奈何	neg	0.8
莫明	neg	0.8
莫明奇妙	neg	0.8
莫能	neg	0.8
莫衷一是	neg	0.8
处不好	neg	0.8
处以	neg	0.8
处以缺席裁判	neg	0.8
处以停权	neg	0.8
处以罚款	neg	0.8
处以警告	neg	0.8
处刑	neg	0.8
处决	neg	0.8
处于不利	neg	0.8
处于不利地位	neg	0.8
处于支配地位	neg	0.8
处理不好	neg	0.8
处理不当	neg	0.8
处境艰难	neg	0.8
蛀坏	neg	0.8
蛋洗	neg	0.8
被三振	neg	0.8
被分解	neg	0.8
被打	neg	0.8
被打败	neg	0.8
被打碎	neg	0.8
被瓜分	neg	0.8
被危机所累	neg	0.8
被吃定了	neg	0.8
被曲解	neg	0.8
被污染	neg	0.8
被低估	neg	0.8
被利用	neg	0.8
被吼叫著表达出来	neg	0.8
被弄死	neg	0.8
被弄脏	neg	0.8
被扼死	neg	0.8
被扼杀	neg	0.8
被扯破	neg	0.8
被抓	neg	0.8
被抑制	neg	0.8
被抑制状态	neg	0.8
被刺痛	neg	0.8
被取代	neg	0.8
被奉为	neg	0.8
被忽略了	neg	0.8
被拒	neg	0.8
被放弃	neg	0.8
被放逐者	neg	0.8
被沾污	neg	0.8
被狗吃	neg	0.8
被玩弄	neg	0.8
被玩弄的人	neg	0.8
被侵蚀	neg	0.8
被俘	neg	0.8
被孩子捆住	neg	0.8
被封杀	neg	0.8
被指	neg	0.8
被毒打一顿	neg	0.8
被炸	neg	0.8
被炸毁	neg	0.8
被砍伤	neg	0.8
被美化	neg	0.8
被迫分离	neg	0.8
被迫延后	neg	0.8
被迫退出	neg	0.8
被迫退赛	neg	0.8
被迫停止	neg	0.8
被迫辞职	neg	0.8
被害人	neg	0.8
被害者	neg	0.8
被恐吓	neg	0.8
被浮渣覆盖	neg	0.8
被迷住	neg	0.8
被停权	neg	0.8
被偷	neg	0.8
被勒死	neg	0.8
被动的贪汗	neg	0.8
被屠杀	neg	0.8
被控犯罪	neg	0.8
被控犯罪的人	neg	0.8
被控贪污	neg	0.8
被掩饰	neg	0.8
被推翻	neg	0.8
被排除	neg	0.8
被杀	neg	0.8
被淘汰	neg	0.8
被逐出	neg	0.8
被闷死	neg	0.8
被盗用	neg	0.8
被绞死	neg	0.8
被诅咒	neg	0.8
被开除	neg	0.8
被伤害	neg	0.8
被干走	neg	0.8
被损坏	neg	0.8
被当	neg	0.8
被补	neg	0.8
被夸大	neg	0.8
被雷打死	neg	0.8
被敲出	neg	0.8
被监禁	neg	0.8
被罚巨款	neg	0.8
被腐蚀	neg	0.8
被误解	neg	0.8
被台风尾扫到	neg	0.8
被撞及	neg	0.8
被撞死	neg	0.8
被撕破	neg	0.8
被撕裂	neg	0.8
被殴	neg	0.8
被殴打	neg	0.8
被殴致死	neg	0.8
被泼水弄湿	neg	0.8
被碾碎	neg	0.8
被踢出	neg	0.8
被瞒	neg	0.8
被遗弃	neg	0.8
被压坏	neg	0.8
被戏弄	neg	0.8
被击中	neg	0.8
被击出	neg	0.8
被击落	neg	0.8
被擦模糊	neg	0.8
被骗	neg	0.8
被骗走	neg	0.8
被议论	neg	0.8
被牺牲	neg	0.8
被轰出	neg	0.8
被驱逐	neg	0.8
被驱逐的人	neg	0.8
被羁押	neg	0.8
袖手	neg	0.8
规定不到	neg	0.8
规模太小	neg	0.8
讶然	neg	0.8
许多风险	neg	0.8
设伏	neg	0.8
设伏地点	neg	0.8
设限	neg	0.8
设圈套	neg	0.8
设陷阱	neg	0.8
设陷阱捕捉	neg	0.8
责求	neg	0.8
责求嫌恶	neg	0.8
责怪	neg	0.8
责备话	neg	0.8
责骂不休	neg	0.8
责难万分	neg	0.8
货币危机	neg	0.8
贪污叛逃	neg	0.8
贪污受贿	neg	0.8
贪念	neg	0.8
贪玩	neg	0.8
贪财	neg	0.8
贪婪地吃	neg	0.8
贪婪地注视	neg	0.8
贪得	neg	0.8
贪嗔	neg	0.8
贪腐	neg	0.8
贪渎	neg	0.8
贪渎丑闻	neg	0.8
贫乏	neg	0.8
贫困	neg	0.8
贫微	neg	0.8
贫穷	neg	0.8
软脚虾	neg	0.8
这只是一个开始	neg	0.8
这么差	neg	0.8
这么烂	neg	0.8
通告废除	neg	0.8
通奸行为	neg	0.8
通牒	neg	0.8
通敌	neg	0.8
通盘皆错	neg	0.8
通膨	neg	0.8
连屁都不如	neg	0.8
连破	neg	0.8
连带恶果	neg	0.8
连战皆败	neg	0.8
连输	neg	0.8
连锁倒闭	neg	0.8
连续虐待	neg	0.8
逐出教会	neg	0.8
逐年下降	neg	0.8
逐步缩小	neg	0.8
逐步缩减	neg	0.8
逐渐下滑	neg	0.8
逐渐式微	neg	0.8
逐渐消耗	neg	0.8
逐渐递减	neg	0.8
逐离	neg	0.8
迳自	neg	0.8
迳行	neg	0.8
逞威	neg	0.8
逞强	neg	0.8
造成一大打击	neg	0.8
造成危害	neg	0.8
造成困扰	neg	0.8
造成更大压力	neg	0.8
造成争议	neg	0.8
造成重大伤害	neg	0.8
造成破坏	neg	0.8
造成伤害	neg	0.8
造成损失	neg	0.8
造成损害	neg	0.8
造成影响	neg	0.8
造成错觉	neg	0.8
造成严重	neg	0.8
透不过气来	neg	0.8
逢此厄难	neg	0.8
逢迎谄媚	neg	0.8
逢敌手	neg	0.8
部分错误	neg	0.8
都不客气	neg	0.8
都不是	neg	0.8
都不相信	neg	0.8
都不能	neg	0.8
都不关心	neg	0.8
都未	neg	0.8
都有错	neg	0.8
都没	neg	0.8
都没有	neg	0.8
都是问题	neg	0.8
都无益	neg	0.8
酗酒	neg	0.8
野草	neg	0.8
野兽	neg	0.8
野蛮人	neg	0.8
闭门	neg	0.8
闭锁	neg	0.8
闭关	neg	0.8
陈腔滥调	neg	0.8
陈腔烂调	neg	0.8
陈旧	neg	0.8
阴沈	neg	0.8
阴沈沈	neg	0.8
阴沈沈的样子	neg	0.8
阴寒	neg	0.8
阴森地逼近	neg	0.8
阴间	neg	0.8
阴暗	neg	0.8
阴惨	neg	0.8
阴谋者	neg	0.8
阴险人	neg	0.8
阴郁	neg	0.8
陷入危机	neg	0.8
陷入低潮	neg	0.8
陷入攻防	neg	0.8
陷入谷底	neg	0.8
陷入泥沼化	neg	0.8
陷入衰退	neg	0.8
陷入混沌	neg	0.8
陷入混乱	neg	0.8
陷入绝境	neg	0.8
陷入紧张	neg	0.8
陷入紧绷	neg	0.8
陷入胶著	neg	0.8
陷入险境	neg	0.8
陷危	neg	0.8
陷住	neg	0.8
陷身困境	neg	0.8
陷于	neg	0.8
陷于困境	neg	0.8
陷于孤立	neg	0.8
陷于苦战	neg	0.8
陷害	neg	0.8
陷落	neg	0.8
雪特	neg	0.8
雪球越滚越大	neg	0.8
竟成泡影	neg	0.8
竟自大地以为	neg	0.8
竟然一直给我	neg	0.8
竟轻描淡写	neg	0.8
顶撞	neg	0.8
鸟不拉机	neg	0.8
鸟东西	neg	0.8
鸟屎	neg	0.8
鸟话	neg	0.8
鸟态度	neg	0.8
卤莽	neg	0.8
麻烦制造者	neg	0.8
麻醉药物	neg	0.8
啥玩意	neg	0.8
掐死	neg	0.8
掐死了	neg	0.8
淊天罪行	neg	0.8
猝不及防	neg	0.8
猝逝	neg	0.8
家伙	neg	0.8
备受争议	neg	0.8
备受冲击	neg	0.8
备受质疑	neg	0.8
备感困难	neg	0.8
备感压力	neg	0.8
备感难堪	neg	0.8
备极哀荣	neg	0.8
最大威胁	neg	0.8
最大弱点	neg	0.8
最大敌人	neg	0.8
最大敌手	neg	0.8
最小限度	neg	0.8
最不寻常	neg	0.8
最不道德	neg	0.8
最不满意	neg	0.8
最可怕	neg	0.8
最可怕的恶梦	neg	0.8
最失落	neg	0.8
最危险	neg	0.8
最老	neg	0.8
最低水平	neg	0.8
最低纪录	neg	0.8
最没有	neg	0.8
最邪恶	neg	0.8
最具威胁	neg	0.8
最受争议	neg	0.8
最受诟病	neg	0.8
最怕	neg	0.8
最后	neg	0.8
最后的审判日	neg	0.8
最恨	neg	0.8
最是可惜	neg	0.8
最为严重	neg	0.8
最屌	neg	0.8
最弱	neg	0.8
最悍	neg	0.8
最讨厌	neg	0.8
最敏感	neg	0.8
最深的哀悼	neg	0.8
最棘手	neg	0.8
最痛苦	neg	0.8
最跩	neg	0.8
最窝囊	neg	0.8
最担心	neg	0.8
最头痛	neg	0.8
最尴尬	neg	0.8
最糟	neg	0.8
最糟的是	neg	0.8
最糟的结果	neg	0.8
最艰辛	neg	0.8
最艰难	neg	0.8
最难	neg	0.8
最难过	neg	0.8
最严苛	neg	0.8
最严重	neg	0.8
最严重议题	neg	0.8
最严厉	neg	0.8
最悬殊	neg	0.8
割下	neg	0.8
割破	neg	0.8
割舍	neg	0.8
割伤	neg	0.8
割断	neg	0.8
创伤	neg	0.8
劳工保障降低	neg	0.8
劳民	neg	0.8
劳累	neg	0.8
胜算太低	neg	0.8
厥如	neg	0.8
喀嚓	neg	0.8
喀嚓喀嚓行进	neg	0.8
喧哗	neg	0.8
喧哗吵闹	neg	0.8
喧闹	neg	0.8
喧闹的谈笑	neg	0.8
喧闹声	neg	0.8
喧嚷	neg	0.8
喧嚣	neg	0.8
喧嚣声	neg	0.8
啼哭	neg	0.8
啼笑皆非	neg	0.8
喊叫声	neg	0.8
喊冤	neg	0.8
喊停	neg	0.8
喝倒	neg	0.8
喝倒采	neg	0.8
喝闷酒	neg	0.8
喜夸耀	neg	0.8
喜欢吵架	neg	0.8
丧友	neg	0.8
丧心	neg	0.8
丧失	neg	0.8
丧失了	neg	0.8
丧失公权者	neg	0.8
丧失信心	neg	0.8
丧失意义	neg	0.8
丧失亲人	neg	0.8
丧母之恸	neg	0.8
丧生	neg	0.8
丧生意外	neg	0.8
丧志	neg	0.8
丧命	neg	0.8
丧气	neg	0.8
丧葬	neg	0.8
丧尽	neg	0.8
丧亲	neg	0.8
丧胆	neg	0.8
喋血案	neg	0.8
喋喋不休地讲话	neg	0.8
喃喃	neg	0.8
喃喃地说出	neg	0.8
喃喃自语	neg	0.8
喃喃低语	neg	0.8
单挑	neg	0.8
单亲家庭	neg	0.8
唾沫	neg	0.8
唾沫飞溅	neg	0.8
围困	neg	0.8
围攻	neg	0.8
围城	neg	0.8
围堵	neg	0.8
围剿	neg	0.8
围剿批评	neg	0.8
围殴	neg	0.8
堪虑	neg	0.8
报以嘘声	neg	0.8
报怨	neg	0.8
报怨声	neg	0.8
报复威胁	neg	0.8
报歉	neg	0.8
媚诱	neg	0.8
寒冷	neg	0.8
寒冷刺骨	neg	0.8
寒微	neg	0.8
寒颤	neg	0.8
富侵略性	neg	0.8
寻仇	neg	0.8
寻仇报复	neg	0.8
寻衅	neg	0.8
就像某人生病	neg	0.8
几乎没有	neg	0.8
几乎尚未	neg	0.8
几近蛮横	neg	0.8
复仇	neg	0.8
恶少	neg	0.8
恶劣地	neg	0.8
恶劣处境	neg	0.8
恶劣影响	neg	0.8
恶名昭张	neg	0.8
恶名昭著	neg	0.8
恶名昭彰	neg	0.8
恶有恶报	neg	0.8
恶行	neg	0.8
恶形恶状	neg	0.8
恶言	neg	0.8
恶言相向	neg	0.8
恶言顶撞	neg	0.8
恶事	neg	0.8
恶性现象	neg	0.8
恶性通膨	neg	0.8
恶性肿瘤	neg	0.8
恶性赋税竞争	neg	0.8
恶狠	neg	0.8
恶狠很	neg	0.8
恶根	neg	0.8
恶贯满盈	neg	0.8
恶报	neg	0.8
恶势力	neg	0.8
恶意离弃	neg	0.8
恶搞	neg	0.8
恶运	neg	0.8
恶梦成真	neg	0.8
恶质	neg	0.8
恶质化	neg	0.8
恶质行为	neg	0.8
恶邻	neg	0.8
恶脸	neg	0.8
恶脸相向	neg	0.8
恶魔化	neg	0.8
恶魔般	neg	0.8
悲哀地说	neg	0.8
悲苦	neg	0.8
悲情	neg	0.8
悲悼	neg	0.8
悲痛	neg	0.8
悲痛遗憾	neg	0.8
悲伤	neg	0.8
悲伤者	neg	0.8
悲叹	neg	0.8
悲惨	neg	0.8
悲怜	neg	0.8
悲怜心疼	neg	0.8
悲触	neg	0.8
闷死	neg	0.8
闷住	neg	0.8
闷酒	neg	0.8
闷闷	neg	0.8
惴惴不安	neg	0.8
慨然	neg	0.8
慨叹	neg	0.8
恼人事	neg	0.8
恼怒	neg	0.8
恼羞成怒	neg	0.8
惶急	neg	0.8
惶恐失措	neg	0.8
掌掴	neg	0.8
掌击	neg	0.8
揍一顿	neg	0.8
插手	neg	0.8
提心吊胆	neg	0.8
提出上诉	neg	0.8
提出公诉	neg	0.8
提出告诉	neg	0.8
提出抗议	neg	0.8
提出抱怨	neg	0.8
提出指控	neg	0.8
提出异议	neg	0.8
提出诉状	neg	0.8
提出论据反对	neg	0.8
提出质疑	neg	0.8
提防	neg	0.8
提前出局	neg	0.8
提前退场	neg	0.8
提起上诉	neg	0.8
揭穿	neg	0.8
揭发	neg	0.8
挥刀	neg	0.8
挥之不去	neg	0.8
挥别	neg	0.8
挥军	neg	0.8
挥泪	neg	0.8
挥猛烈冲打	neg	0.8
挥击	neg	0.8
援交	neg	0.8
换了国格	neg	0.8
摒于	neg	0.8
摒弃	neg	0.8
摒挡	neg	0.8
扬弃	neg	0.8
敢死你	neg	0.8
敢冒	neg	0.8
敢喵	neg	0.8
敢喵我	neg	0.8
敢骗	neg	0.8
敢骗我	neg	0.8
散户就吃大亏	neg	0.8
散布谣言	neg	0.8
斑剥	neg	0.8
斑块	neg	0.8
斑驳	neg	0.8
斑点	neg	0.8
景气过热	neg	0.8
智障	neg	0.8
替罪羔羊	neg	0.8
棺未盖而论已	neg	0.8
棍打	neg	0.8
欺诈者	neg	0.8
残忍或好色之人	neg	0.8
残疾者	neg	0.8
残破凋敝	neg	0.8
残酷的行为	neg	0.8
残废的人	neg	0.8
残废理赔	neg	0.8
残暴本质	neg	0.8
残暴的行为	neg	0.8
残暴施虐	neg	0.8
残骸	neg	0.8
残骸尸块	neg	0.8
残骸散落	neg	0.8
残羹碎屑	neg	0.8
殖民地	neg	0.8
殖民统治	neg	0.8
渲染	neg	0.8
凑什么热闹	neg	0.8
减少之量	neg	0.8
减少种植	neg	0.8
减半	neg	0.8
减去	neg	0.8
减收	neg	0.8
减至最低	neg	0.8
减低	neg	0.8
减到最少	neg	0.8
减为	neg	0.8
减退	neg	0.8
减发	neg	0.8
减量	neg	0.8
减损	neg	0.8
减温	neg	0.8
减慢	neg	0.8
减缩	neg	0.8
减让	neg	0.8
湮灭	neg	0.8
渺茫	neg	0.8
浑名	neg	0.8
浑身颤抖	neg	0.8
焚烧	neg	0.8
焦土战略	neg	0.8
焦急	neg	0.8
焦痕	neg	0.8
焦虑不安	neg	0.8
焦虑的事	neg	0.8
焦燥	neg	0.8
无一正确	neg	0.8
无一幸免	neg	0.8
无人情味	neg	0.8
无人理睬	neg	0.8
无人闻问	neg	0.8
无人遵守	neg	0.8
无力因应	neg	0.8
无力抵抗	neg	0.8
无力感	neg	0.8
无力应付	neg	0.8
无子	neg	0.8
无子可动	neg	0.8
无不当	neg	0.8
无太大助益	neg	0.8
无以为济	neg	0.8
无功而返	neg	0.8
无可	neg	0.8
无可奉告	neg	0.8
无可奈何状态	neg	0.8
无可争辩	neg	0.8
无可容忍	neg	0.8
无可挽回	neg	0.8
无可推卸	neg	0.8
无可置疑	neg	0.8
无必要	neg	0.8
无生命	neg	0.8
无用	neg	0.8
无用的老马	neg	0.8
无休止	neg	0.8
无共识	neg	0.8
无名	neg	0.8
无此问题	neg	0.8
无作为	neg	0.8
无利益	neg	0.8
无助	neg	0.8
无助于	neg	0.8
无助的状态	neg	0.8
无希望	neg	0.8
无形	neg	0.8
无形的东西	neg	0.8
无志气	neg	0.8
无志气的人	neg	0.8
无把握	neg	0.8
无把握的事	neg	0.8
无决断力	neg	0.8
无事自扰	neg	0.8
无依	neg	0.8
无奈地	neg	0.8
无底洞	neg	0.8
无怪乎	neg	0.8
无所不缺	neg	0.8
无所得	neg	0.8
无所谓	neg	0.8
无法了解	neg	0.8
无法支持	neg	0.8
无法交代	neg	0.8
无法企及	neg	0.8
无法自圆其说	neg	0.8
无法忍受	neg	0.8
无法投递的邮件	neg	0.8
无法制定	neg	0.8
无法承受	neg	0.8
无法阻止	neg	0.8
无法查出	neg	0.8
无法看到	neg	0.8
无法突破	neg	0.8
无法计数	neg	0.8
无法幸免	neg	0.8
无法容忍	neg	0.8
无法挽回	neg	0.8
无法根除	neg	0.8
无法祛除	neg	0.8
无法做到	neg	0.8
无法接受	neg	0.8
无法理解	neg	0.8
无法理赔	neg	0.8
无法提供	neg	0.8
无法证实	neg	0.8
无法超越	neg	0.8
无法落实	neg	0.8
无法解决	neg	0.8
无法解除	neg	0.8
无法达到	neg	0.8
无法预料	neg	0.8
无法预期	neg	0.8
无法预测	neg	0.8
无法适应	neg	0.8
无法辨认	neg	0.8
无法弥补	neg	0.8
无争论之余地	neg	0.8
无知识	neg	0.8
无知觉	neg	0.8
无信用	neg	0.8
无勇气	neg	0.8
无威严	neg	0.8
无政府主义者	neg	0.8
无政府状态	neg	0.8
无重要性	neg	0.8
无限延期	neg	0.8
无限期	neg	0.8
无家	neg	0.8
无恙	neg	0.8
无耻谓之贱	neg	0.8
无效果	neg	0.8
无效能	neg	0.8
无效率	neg	0.8
无疾而终	neg	0.8
无益	neg	0.8
无神	neg	0.8
无秩序	neg	0.8
无能力	neg	0.8
无能力者	neg	0.8
无从	neg	0.8
无救	neg	0.8
无深虑	neg	0.8
无理由	neg	0.8
无理性	neg	0.8
无聊	neg	0.8
无聊人做无聊事	neg	0.8
无聊死了	neg	0.8
无聊的想法	neg	0.8
无聊毙	neg	0.8
无处	neg	0.8
无处纾解	neg	0.8
无智	neg	0.8
无期徒刑	neg	0.8
无策	neg	0.8
无结果	neg	0.8
无视于	neg	0.8
无视禁令	neg	0.8
无辜	neg	0.8
无意思	neg	0.8
无意参与	neg	0.8
无意义	neg	0.8
无意义的事	neg	0.8
无意识	neg	0.8
无慈悲心	neg	0.8
无感情	neg	0.8
无感觉	neg	0.8
无新意	neg	0.8
无暇	neg	0.8
无准备	neg	0.8
无资格	neg	0.8
无道德	neg	0.8
无厌	neg	0.8
无语问苍天	neg	0.8
无远见	neg	0.8
无德	neg	0.8
无怜悯心	neg	0.8
无趣	neg	0.8
无趣味	neg	0.8
无遮蔽	neg	0.8
无靠	neg	0.8
无魅力	neg	0.8
无兴趣	neg	0.8
无帮助	neg	0.8
无济于事	neg	0.8
无声音	neg	0.8
无礼的人	neg	0.8
无礼貌	neg	0.8
无关重要	neg	0.8
无权	neg	0.8
无变化	neg	0.8
煮熟的鸭子飞	neg	0.8
犹疑	neg	0.8
画下	neg	0.8
痛心	neg	0.8
痛心不已	neg	0.8
痛心无奈	neg	0.8
痛斥	neg	0.8
痛苦不堪	neg	0.8
痛苦的根源	neg	0.8
痛苦的经验	neg	0.8
痛哭	neg	0.8
痛哭失声	neg	0.8
痛哭流涕	neg	0.8
痛悔	neg	0.8
痛处	neg	0.8
痛责	neg	0.8
痛陈	neg	0.8
痛殴	neg	0.8
痛声大哭	neg	0.8
发出尖锐	neg	0.8
发出尖锐的声音	neg	0.8
发出刺耳	neg	0.8
发出刺耳的声音	neg	0.8
发出刺耳声	neg	0.8
发出呻吟声	neg	0.8
发出咯咯声	neg	0.8
发出咯咯声的东西	neg	0.8
发出砰然声	neg	0.8
发出砰声	neg	0.8
发出嘈杂	neg	0.8
发出嘈杂的声音	neg	0.8
发出嘈杂声	neg	0.8
发出撞击声	neg	0.8
发出战帖	neg	0.8
发出颤声	neg	0.8
发生口角	neg	0.8
发生矛盾	neg	0.8
发生危机	neg	0.8
发生困难	neg	0.8
发生空难	neg	0.8
发生纠纷	neg	0.8
发生意外	neg	0.8
发育停止	neg	0.8
发育较慢	neg	0.8
发育迟缓	neg	0.8
发疝气	neg	0.8
发怒	neg	0.8
发红	neg	0.8
发展太快	neg	0.8
发展停顿	neg	0.8
发展迟缓	neg	0.8
发病	neg	0.8
发臭	neg	0.8
发臭味	neg	0.8
发酒疯	neg	0.8
发动抗议	neg	0.8
发动突然袭击	neg	0.8
发软	neg	0.8
发愣	neg	0.8
发脾气	neg	0.8
发黑	neg	0.8
发呜咽声	neg	0.8
发愁的人	neg	0.8
发疯似	neg	0.8
发誓	neg	0.8
发誓要	neg	0.8
发酵	neg	0.8
发劈啪声	neg	0.8
发热	neg	0.8
发爆震声	neg	0.8
发难	neg	0.8
发飙炮轰	neg	0.8
盗采	neg	0.8
短少	neg	0.8
短促	neg	0.8
短促频繁	neg	0.8
短促频繁地干咳	neg	0.8
短期现象	neg	0.8
短路	neg	0.8
短暂	neg	0.8
硬背	neg	0.8
硬凑	neg	0.8
硬逼	neg	0.8
硬撑	neg	0.8
硬挤	neg	0.8
硬挤过去	neg	0.8
硬闯	neg	0.8
稍有失误	neg	0.8
稍低	neg	0.8
稍减	neg	0.8
稍逊	neg	0.8
稍纵即逝	neg	0.8
程序错误	neg	0.8
窘况	neg	0.8
窘迫	neg	0.8
窘迫不安	neg	0.8
窘境	neg	0.8
窖藏	neg	0.8
等一等	neg	0.8
等著看	neg	0.8
等著瞧	neg	0.8
筋疲	neg	0.8
筋疲力竭	neg	0.8
绞死	neg	0.8
结仇	neg	0.8
结巴	neg	0.8
结怨	neg	0.8
结怨连仇	neg	0.8
结结巴巴	neg	0.8
结结巴巴地说	neg	0.8
结结巴巴地说话	neg	0.8
绝不	neg	0.8
绝不允许	neg	0.8
绝不止于	neg	0.8
绝不代表	neg	0.8
绝不承诺	neg	0.8
绝不是	neg	0.8
绝不原谅你	neg	0.8
绝不能	neg	0.8
绝不接受	neg	0.8
绝不善罢干休	neg	0.8
绝不仅是	neg	0.8
绝不会	neg	0.8
绝少	neg	0.8
绝未	neg	0.8
绝非	neg	0.8
绝食	neg	0.8
绝望	neg	0.8
绝路	neg	0.8
绝境	neg	0.8
绝对不	neg	0.8
绝对不会	neg	0.8
绝对不会原谅你	neg	0.8
绝对地	neg	0.8
绝对没有	neg	0.8
绝缘	neg	0.8
丝毫	neg	0.8
丝毫未	neg	0.8
丝毫没有	neg	0.8
给予台湾压力	neg	0.8
给你们好看	neg	0.8
给我小心点	neg	0.8
给我死	neg	0.8
给我注意一点	neg	0.8
给我注意点	neg	0.8
给美国颜色看	neg	0.8
善罢干休	neg	0.8
善变	neg	0.8
肃清异己	neg	0.8
胀大	neg	0.8
脾气暴躁	neg	0.8
脾气坏	neg	0.8
著火	neg	0.8
著急	neg	0.8
著实	neg	0.8
著墨有限	neg	0.8
萌生杀机	neg	0.8
菜鸟	neg	0.8
虚幻	neg	0.8
虚弱	neg	0.8
虚张	neg	0.8
虚无	neg	0.8
虚应了事	neg	0.8
虚矫	neg	0.8
虚惊	neg	0.8
裁撤	neg	0.8
裁罚	neg	0.8
裂口	neg	0.8
裂隙	neg	0.8
裂缝	neg	0.8
视为敝屣	neg	0.8
诈欺	neg	0.8
诈领	neg	0.8
诉状	neg	0.8
贮藏货物	neg	0.8
费力	neg	0.8
费力地做	neg	0.8
费心	neg	0.8
费用大	neg	0.8
费用浩大	neg	0.8
费用庞大	neg	0.8
费时费力	neg	0.8
买票	neg	0.8
贬到	neg	0.8
贬破	neg	0.8
贬势	neg	0.8
贬损	neg	0.8
贸然轻率	neg	0.8
越小	neg	0.8
越打越慌	neg	0.8
越来越重	neg	0.8
越来越难	neg	0.8
越来越严重	neg	0.8
越气	neg	0.8
越破越大	neg	0.8
越捅越大	neg	0.8
越跌越惨	neg	0.8
越想越气	neg	0.8
越离越远	neg	0.8
超自然	neg	0.8
超级通膨	neg	0.8
超级激烈	neg	0.8
超讨厌	neg	0.8
超速	neg	0.8
超贬	neg	0.8
超越误差	neg	0.8
超过了	neg	0.8
趁乱抢劫	neg	0.8
跋涉	neg	0.8
跌到	neg	0.8
跌到谷底	neg	0.8
跌破眼镜	neg	0.8
跌得	neg	0.8
跌落	neg	0.8
跌价	neg	0.8
跛行	neg	0.8
跛足	neg	0.8
逮获	neg	0.8
逸乐化	neg	0.8
进行威胁	neg	0.8
进行恐吓	neg	0.8
进行缓慢	neg	0.8
进退失据	neg	0.8
开汽水	neg	0.8
开始紧张	neg	0.8
开炮	neg	0.8
开革	neg	0.8
开除	neg	0.8
开脱责任	neg	0.8
开脱罪责	neg	0.8
开枪	neg	0.8
开错药	neg	0.8
开错药方	neg	0.8
闲混	neg	0.8
间断	neg	0.8
闲闲	neg	0.8
闲闲没事	neg	0.8
闲闲没事做	neg	0.8
闲荡	neg	0.8
阶下囚	neg	0.8
集体心理	neg	0.8
集体械斗	neg	0.8
项庄舞剑	neg	0.8
顺手牵	neg	0.8
饮恨	neg	0.8
饮恨而归	neg	0.8
黑心钱	neg	0.8
黑社会	neg	0.8
黑洞越破越大	neg	0.8
黑道帮派	neg	0.8
黑箱作业	neg	0.8
揶揄者	neg	0.8
乱叫	neg	0.8
乱丢	neg	0.8
乱丢垃圾	neg	0.8
乱吃	neg	0.8
乱吃豆腐	neg	0.8
乱吹牛	neg	0.8
乱吠	neg	0.8
乱吼	neg	0.8
乱局	neg	0.8
乱屁	neg	0.8
乱扭	neg	0.8
乱批评	neg	0.8
乱批评别人	neg	0.8
乱扯	neg	0.8
乱哄哄地跑	neg	0.8
乱砍	neg	0.8
乱杀	neg	0.8
乱发脾气	neg	0.8
乱结	neg	0.8
乱想	neg	0.8
乱搞	neg	0.8
乱摔拍子	neg	0.8
乱摸	neg	0.8
乱盖	neg	0.8
乱语	neg	0.8
乱说	neg	0.8
乱说话	neg	0.8
乱撕	neg	0.8
乱骂	neg	0.8
乱骂人	neg	0.8
乱讲	neg	0.8
乱诌	neg	0.8
乱辩	neg	0.8
债务人	neg	0.8
债务负担	neg	0.8
傲脾气	neg	0.8
傲慢无礼的行为	neg	0.8
传染性	neg	0.8
传染病	neg	0.8
传票	neg	0.8
仅止	neg	0.8
仅有	neg	0.8
仅占	neg	0.8
仅较	neg	0.8
仅凭	neg	0.8
倾卸	neg	0.8
倾侧	neg	0.8
倾销	neg	0.8
倾销商品	neg	0.8
催吐	neg	0.8
催吐剂	neg	0.8
催残	neg	0.8
伤了	neg	0.8
伤人	neg	0.8
伤人感情	neg	0.8
伤亡严重	neg	0.8
伤元气	neg	0.8
伤及	neg	0.8
伤心死了	neg	0.8
伤心事	neg	0.8
伤身	neg	0.8
伤重	neg	0.8
伤害力	neg	0.8
伤害到	neg	0.8
伤害远大于所	neg	0.8
伤痕遍体	neg	0.8
伤透脑筋	neg	0.8
伤悲	neg	0.8
伤残	neg	0.8
伤残退役军人	neg	0.8
伤痛	neg	0.8
伤痛欲绝	neg	0.8
伤感	neg	0.8
伤感情	neg	0.8
傻瓜	neg	0.8
傻气	neg	0.8
傻眼	neg	0.8
傻傻	neg	0.8
傻话	neg	0.8
铲平	neg	0.8
势必改变	neg	0.8
势单力薄	neg	0.8
嗟叹	neg	0.8
嗜杀	neg	0.8
嗜杀成性的人	neg	0.8
嗑药	neg	0.8
呜咽	neg	0.8
呜咽地说	neg	0.8
呜咽著说	neg	0.8
呜哩哩	neg	0.8
呜呜咽咽	neg	0.8
呛声	neg	0.8
塞人	neg	0.8
塞八	neg	0.8
塞你娘鸡吧	neg	0.8
塞你祖马勒	neg	0.8
塞到	neg	0.8
塞拎娘	neg	0.8
塞哩几抠碗粿	neg	0.8
塞满	neg	0.8
塌下来	neg	0.8
塌陷	neg	0.8
塌落	neg	0.8
奥妙	neg	0.8
奥贿黑洞	neg	0.8
嫉俗	neg	0.8
嫉羡	neg	0.8
嫌不足	neg	0.8
嫌不够	neg	0.8
嫌东嫌西	neg	0.8
嫌弃	neg	0.8
嫌贫	neg	0.8
嫌疑	neg	0.8
嫌隙	neg	0.8
嫌隙之深	neg	0.8
干上	neg	0.8
干他	neg	0.8
干你	neg	0.8
干你老师	neg	0.8
干你娘	neg	0.8
干你娘老鸡巴	neg	0.8
干你娘老鸡麦	neg	0.8
干你桌来	neg	0.8
干你祖宗十八代	neg	0.8
干走	neg	0.8
干里娘操鸡麦	neg	0.8
干到底	neg	0.8
干到最高点	neg	0.8
干你全家	neg	0.8
干的好事	neg	0.8
干屄	neg	0.8
干娘	neg	0.8
干恁	neg	0.8
干恁老老鸡掰	neg	0.8
干恁娘	neg	0.8
干掉	neg	0.8
干麻	neg	0.8
干傻事	neg	0.8
干瞧	neg	0.8
干礁	neg	0.8
干声连连	neg	0.8
干谯	neg	0.8
干醮	neg	0.8
弑子	neg	0.8
弑父	neg	0.8
弑母	neg	0.8
弑亲	neg	0.8
弑亲事件	neg	0.8
弑亲案	neg	0.8
徬徨	neg	0.8
徬徨苦闷	neg	0.8
微小	neg	0.8
微恙	neg	0.8
微愠	neg	0.8
微暗	neg	0.8
微尘	neg	0.8
微澜	neg	0.8
愚人	neg	0.8
愚行	neg	0.8
愚蠢地说出	neg	0.8
愚蠢的人	neg	0.8
意外灾祸	neg	0.8
意外身亡	neg	0.8
意外事件	neg	0.8
意外冲突	neg	0.8
意外遭淘汰	neg	0.8
意志消沈	neg	0.8
意见不合	neg	0.8
意见相左	neg	0.8
意气之争	neg	0.8
意犹未尽	neg	0.8
意乱	neg	0.8
意义不明确	neg	0.8
意图谋杀	neg	0.8
感到不安	neg	0.8
感到不适	neg	0.8
感到内疚	neg	0.8
感到可怜	neg	0.8
感到困扰	neg	0.8
感到灼痛	neg	0.8
感到抱歉	neg	0.8
感到后悔	neg	0.8
感到疼痛	neg	0.8
感到羞耻	neg	0.8
感到悲哀	neg	0.8
感到痛苦	neg	0.8
感到意外	neg	0.8
感到极度痛苦	neg	0.8
感到忧虑	neg	0.8
感到遗憾	neg	0.8
感到难过	neg	0.8
感受威胁	neg	0.8
感气馁	neg	0.8
感情生变	neg	0.8
感敝变	neg	0.8
感慨	neg	0.8
感伤	neg	0.8
感叹	neg	0.8
感觉不到	neg	0.8
想不到	neg	0.8
想不到地	neg	0.8
想太多	neg	0.8
想都别想	neg	0.8
想抢走	neg	0.8
想呕吐	neg	0.8
爱吃	neg	0.8
爱作弄人	neg	0.8
爱挑剔	neg	0.8
爱耍性格	neg	0.8
爱莫能助	neg	0.8
爱管闲事的人	neg	0.8
爱慕虚荣	neg	0.8
爱闹事	neg	0.8
惹人恼怒	neg	0.8
惹人恼怒的事	neg	0.8
惹人厌	neg	0.8
惹上	neg	0.8
惹出	neg	0.8
惹到	neg	0.8
惹到你	neg	0.8
惹的祸	neg	0.8
惹怒	neg	0.8
惹麻烦	neg	0.8
惹恼	neg	0.8
愁思	neg	0.8
愁眉苦脸	neg	0.8
愁苦	neg	0.8
愁容	neg	0.8
愁煞	neg	0.8
愁颜	neg	0.8
愈少	neg	0.8
愈打愈臭	neg	0.8
愈来愈不利	neg	0.8
愈来愈少	neg	0.8
愈来愈低	neg	0.8
愈来愈糟	neg	0.8
愈来愈难	neg	0.8
慌忙	neg	0.8
慌乱	neg	0.8
愠怒	neg	0.8
怆然	neg	0.8
愧疚	neg	0.8
愧对	neg	0.8
搞了再说	neg	0.8
搞了鬼	neg	0.8
搞下去	neg	0.8
搞小动作	neg	0.8
搞小圈圈	neg	0.8
搞不清楚	neg	0.8
搞不懂	neg	0.8
搞什么	neg	0.8
搞什么名堂	neg	0.8
搞什么玩意	neg	0.8
搞什么飞机	neg	0.8
搞什么鬼	neg	0.8
搞公关	neg	0.8
搞分裂	neg	0.8
搞台独	neg	0.8
搞屁	neg	0.8
搞屁啊	neg	0.8
搞投机	neg	0.8
搞沉	neg	0.8
搞性	neg	0.8
搞的鬼	neg	0.8
搞垮	neg	0.8
搞封建	neg	0.8
搞政治	neg	0.8
搞政变	neg	0.8
搞飞机	neg	0.8
搞砸	neg	0.8
搞迷信	neg	0.8
搞斗争	neg	0.8
搞动作	neg	0.8
搞妇运	neg	0.8
搞得	neg	0.8
搞得一团乱	neg	0.8
搞统一	neg	0.8
搞这一套	neg	0.8
搞阴谋	neg	0.8
搞啥鬼	neg	0.8
搞援交	neg	0.8
搞阶级斗争	neg	0.8
搞乱	neg	0.8
搞新闻	neg	0.8
搞违建	neg	0.8
搞独立	neg	0.8
搞错	neg	0.8
搞错方向	neg	0.8
搞钱	neg	0.8
搞糟	neg	0.8
搞关系	neg	0.8
搪塞过去	neg	0.8
搜刮一笔	neg	0.8
搜捕	neg	0.8
搜索	neg	0.8
损友	neg	0.8
损及	neg	0.8
损失物	neg	0.8
损失者	neg	0.8
损失殆尽	neg	0.8
损污	neg	0.8
损害了	neg	0.8
损害赔偿	neg	0.8
损伤痕	neg	0.8
损坏	neg	0.8
抢先获准	neg	0.8
抢能源	neg	0.8
抢钱	neg	0.8
摇晃	neg	0.8
摇晃著行驶	neg	0.8
摇动	neg	0.8
摇摇	neg	0.8
摇头苦笑	neg	0.8
摇头叹息	neg	0.8
摇摆不定	neg	0.8
捣蛋鬼	neg	0.8
捣碎	neg	0.8
敬陪末座	neg	0.8
新手	neg	0.8
新冤家	neg	0.8
新闻独立性丧失	neg	0.8
暗中来回寻觅	neg	0.8
暗地里破坏	neg	0.8
暗杀	neg	0.8
暗杀者	neg	0.8
暗讽	neg	0.8
晕眩	neg	0.8
会产生很多问	neg	0.8
会传播	neg	0.8
会蔓延	neg	0.8
极力反对	neg	0.8
极力粉饰	neg	0.8
极力避免	neg	0.8
极大出入	neg	0.8
极大冲击	neg	0.8
极小的空间	neg	0.8
极不	neg	0.8
极不协调	neg	0.8
极少	neg	0.8
极可厌	neg	0.8
极可憎	neg	0.8
极危险之物	neg	0.8
极有攻击	neg	0.8
极其严重	neg	0.8
极度不稳定	neg	0.8
极度地	neg	0.8
极度自我膨胀	neg	0.8
极度渴望	neg	0.8
极度痛苦	neg	0.8
极度兴奋	neg	0.8
极为不智	neg	0.8
极为不满	neg	0.8
极为矛盾	neg	0.8
极为凶狠	neg	0.8
极为困难	neg	0.8
极为脆弱	neg	0.8
极为愤怒	neg	0.8
极苦闷	neg	0.8
极差	neg	0.8
极恶	neg	0.8
极残忍	neg	0.8
极残忍的人	neg	0.8
极无礼	neg	0.8
极愚蠢	neg	0.8
极端反对	neg	0.8
极端缺乏	neg	0.8
极坏	neg	0.8
极难	neg	0.8
极蠢	neg	0.8
极蠢之人	neg	0.8
楞住	neg	0.8
歇止	neg	0.8
歇斯底里	neg	0.8
歇斯底里症	neg	0.8
毁了	neg	0.8
毁亡	neg	0.8
毁在	neg	0.8
毁掉	neg	0.8
毁灭	neg	0.8
毁灭性	neg	0.8
毁坏殆尽	neg	0.8
殿后	neg	0.8
溢出	neg	0.8
灭顶	neg	0.8
灭绝	neg	0.8
溘逝	neg	0.8
溺死	neg	0.8
滑下来	neg	0.8
滑落	neg	0.8
滑稽	neg	0.8
滑稽剧	neg	0.8
滑铁卢	neg	0.8
准备参加战斗	neg	0.8
准确性不是那么高	neg	0.8
溜走	neg	0.8
沧桑	neg	0.8
烟雾	neg	0.8
烟雾弥漫	neg	0.8
烦了	neg	0.8
烦心	neg	0.8
烦死	neg	0.8
烦死了	neg	0.8
烦闷	neg	0.8
烦恼	neg	0.8
烦忧	neg	0.8
煞车	neg	0.8
煞风景	neg	0.8
煞费	neg	0.8
煞费苦心	neg	0.8
当不了	neg	0.8
当不起	neg	0.8
当面斥责	neg	0.8
当机	neg	0.8
畸形	neg	0.8
畸形人	neg	0.8
畸形物	neg	0.8
畸形的人	neg	0.8
畸型	neg	0.8
畸零	neg	0.8
睁一只眼闭一	neg	0.8
睁大	neg	0.8
矮小	neg	0.8
矮小的人	neg	0.8
矮小的东西	neg	0.8
矮化	neg	0.8
碎布条	neg	0.8
碎裂	neg	0.8
碰不得	neg	0.8
碰伤	neg	0.8
碰运气	neg	0.8
碰撞	neg	0.8
碰壁	neg	0.8
碰壁连连	neg	0.8
碰击	neg	0.8
禁不起	neg	0.8
禁止使用	neg	0.8
禁止接近	neg	0.8
禁用	neg	0.8
禁忌	neg	0.8
禁足	neg	0.8
禁制	neg	0.8
禁果	neg	0.8
禁建	neg	0.8
禁欲	neg	0.8
禁闭	neg	0.8
禁监	neg	0.8
禁药	neg	0.8
禁严	neg	0.8
禁脔	neg	0.8
万一	neg	0.8
万分紧张	neg	0.8
万劫不复	neg	0.8
万万没想到	neg	0.8
万难	neg	0.8
稚弱	neg	0.8
窠臼	neg	0.8
节节撤守	neg	0.8
经不起	neg	0.8
经受不起	neg	0.8
经济大恐慌	neg	0.8
经济危机	neg	0.8
经济困境	neg	0.8
经济困难	neg	0.8
经济制裁	neg	0.8
经济的冬天	neg	0.8
经济萧条	neg	0.8
捆绑	neg	0.8
置人于死地	neg	0.8
置疑	neg	0.8
置养猪业于死地	neg	0.8
置辩	neg	0.8
罩顶	neg	0.8
罪犯	neg	0.8
罪名	neg	0.8
罪的宣告	neg	0.8
罪恶感	neg	0.8
罪无可赦	neg	0.8
罪嫌	neg	0.8
义愤	neg	0.8
群情哗然	neg	0.8
脚步太慢	neg	0.8
脚步沉重	neg	0.8
脚步沉重地行走	neg	0.8
脚步沉重地走	neg	0.8
脚步放慢	neg	0.8
脚踢	neg	0.8
肿痛	neg	0.8
脑满肠肥	neg	0.8
落下	neg	0.8
落伍的士兵	neg	0.8
落到	neg	0.8
落居	neg	0.8
落居下风	neg	0.8
落后于	neg	0.8
落后程度	neg	0.8
落差	neg	0.8
落差极大	neg	0.8
落败	neg	0.8
落泪	neg	0.8
落寞	neg	0.8
落实不到	neg	0.8
落选	neg	0.8
落难	neg	0.8
葬送了	neg	0.8
装可怜	neg	0.8
装死	neg	0.8
装作	neg	0.8
装肖唯	neg	0.8
装屎	neg	0.8
装模做样	neg	0.8
装窃听器	neg	0.8
解聘	neg	0.8
该咒骂	neg	0.8
该责备	neg	0.8
该罚	neg	0.8
该罚下地狱	neg	0.8
详尽不实	neg	0.8
夸大不实	neg	0.8
夸张	neg	0.8
夸张的手法	neg	0.8
夸张的言语	neg	0.8
诡不诡异	neg	0.8
诡密	neg	0.8
诡异	neg	0.8
诡称	neg	0.8
诡辩	neg	0.8
诟病	neg	0.8
资产负债危机	neg	0.8
贿案	neg	0.8
贿款	neg	0.8
贿赂案	neg	0.8
贿闻疮疤	neg	0.8
贿选案	neg	0.8
贿声贿影	neg	0.8
路障	neg	0.8
路险阻	neg	0.8
跳票	neg	0.8
跺脚	neg	0.8
躲不掉	neg	0.8
躲开	neg	0.8
躲躲藏藏	neg	0.8
躲避	neg	0.8
躲避责任者	neg	0.8
躲藏	neg	0.8
躲藏者	neg	0.8
较小	neg	0.8
较不易	neg	0.8
较少	neg	0.8
较低	neg	0.8
较为陌生	neg	0.8
较差	neg	0.8
较高费率	neg	0.8
较贵	neg	0.8
较量	neg	0.8
较慢	neg	0.8
较坏	neg	0.8
较坏者	neg	0.8
较难	neg	0.8
较难取得	neg	0.8
运用不当	neg	0.8
运作困难	neg	0.8
游街	neg	0.8
游街示众	neg	0.8
游荡	neg	0.8
游击	neg	0.8
游击队	neg	0.8
道歉被整	neg	0.8
道德不好	neg	0.8
达不到	neg	0.8
逼人	neg	0.8
逼不得已	neg	0.8
逼走	neg	0.8
逼使	neg	0.8
逼政	neg	0.8
逼退	neg	0.8
逼退回	neg	0.8
逼问	neg	0.8
逼视	neg	0.8
逼缴	neg	0.8
违反人性	neg	0.8
违反行为	neg	0.8
违反教规	neg	0.8
违失	neg	0.8
违抗命令	neg	0.8
违命	neg	0.8
违法失职	neg	0.8
违法者	neg	0.8
违者	neg	0.8
违建	neg	0.8
违背了	neg	0.8
违背习俗	neg	0.8
违悖	neg	0.8
违拳脚	neg	0.8
违规违法	neg	0.8
违章	neg	0.8
违章式	neg	0.8
遇刺	neg	0.8
遇到乱流	neg	0.8
遇害	neg	0.8
遇瓶颈	neg	0.8
遇难船	neg	0.8
遏抑	neg	0.8
遏制	neg	0.8
遏阻	neg	0.8
过大	neg	0.8
过小	neg	0.8
过不了	neg	0.8
过不去	neg	0.8
过分单纯化	neg	0.8
过少	neg	0.8
过世	neg	0.8
过冬天	neg	0.8
过份	neg	0.8
过份冷漠	neg	0.8
过早	neg	0.8
过早解除	neg	0.8
过低	neg	0.8
过快	neg	0.8
过怏	neg	0.8
过于低估	neg	0.8
过于恐慌	neg	0.8
过于乐观	neg	0.8
过于复杂	neg	0.8
过河卒子	neg	0.8
过度介入	neg	0.8
过度自信	neg	0.8
过度招待	neg	0.8
过度拖延	neg	0.8
过度的疲劳	neg	0.8
过度保守	neg	0.8
过度高估	neg	0.8
过度夸张	neg	0.8
过度忧虑	neg	0.8
过度乐观	neg	0.8
过度谨慎	neg	0.8
过重	neg	0.8
过差	neg	0.8
过得去	neg	0.8
过敏发红	neg	0.8
过猛	neg	0.8
过量	neg	0.8
过意	neg	0.8
过意不去	neg	0.8
过节	neg	0.8
过饱	neg	0.8
遍布地雷	neg	0.8
遍寻	neg	0.8
遍体鳞伤	neg	0.8
遑论	neg	0.8
逾越	neg	0.8
遁走	neg	0.8
遁辞	neg	0.8
钳制	neg	0.8
隔绝	neg	0.8
隔绝掉	neg	0.8
隔开	neg	0.8
隔阂	neg	0.8
隔断	neg	0.8
雷霹	neg	0.8
电击	neg	0.8
零星残骸	neg	0.8
预谋行凶	neg	0.8
顽心重	neg	0.8
顽皮	neg	0.8
顽固地	neg	0.8
顽冥不灵	neg	0.8
顽强地	neg	0.8
顽强抵抗	neg	0.8
顿时大减	neg	0.8
饱以拳脚	neg	0.8
饱受	neg	0.8
饱受抨击	neg	0.8
饱受争议	neg	0.8
饱受威胁	neg	0.8
饱受煎熬	neg	0.8
饱经	neg	0.8
饰掩	neg	0.8
扛上	neg	0.8
扛龟	neg	0.8
搥胸顿足	neg	0.8
痼疾	neg	0.8
跩什么	neg	0.8
跩什么鬼	neg	0.8
跩什么跩	neg	0.8
跩屁	neg	0.8
跩的二五八万	neg	0.8
跩个屁	neg	0.8
骭林娘	neg	0.8
侥幸	neg	0.8
像哈巴狗一样	neg	0.8
像话吗	neg	0.8
匮乏	neg	0.8
厌烦	neg	0.8
尝败仗	neg	0.8
呕吐物	neg	0.8
呕气	neg	0.8
叹气	neg	0.8
嘈杂的谈笑声	neg	0.8
嘈杂声	neg	0.8
图谋诋毁	neg	0.8
尘世	neg	0.8
墓穴	neg	0.8
梦碎	neg	0.8
夺取之物	neg	0.8
寥落	neg	0.8
实利	neg	0.8
实无必要	neg	0.8
实应检讨	neg	0.8
对不起	neg	0.8
对付不了	neg	0.8
对外移民之增	neg	0.8
对外移民增加	neg	0.8
对立者	neg	0.8
对立面	neg	0.8
对抗力量	neg	0.8
对健康有害	neg	0.8
对进行报复	neg	0.8
对骂	neg	0.8
对簿公堂	neg	0.8
对证	neg	0.8
屡屡	neg	0.8
屡屡失事	neg	0.8
屡遭	neg	0.8
屡遭挫折	neg	0.8
屡战屡败	neg	0.8
弊多于利	neg	0.8
弊案	neg	0.8
弊病丛生	neg	0.8
弊端重重	neg	0.8
弊端丛生	neg	0.8
别扭	neg	0.8
彻底分隔	neg	0.8
彻底失败	neg	0.8
彻底失望	neg	0.8
彻底的失败	neg	0.8
彻底销毁	neg	0.8
彻底击溃	neg	0.8
态度摇摆	neg	0.8
慢了半拍	neg	0.8
慢吞吞地	neg	0.8
慢吞吞地行进	neg	0.8
惯坏	neg	0.8
恸哭	neg	0.8
惭不惭愧	neg	0.8
惭愧	neg	0.8
惨白	neg	0.8
惨死	neg	0.8
惨事	neg	0.8
惨重挫败	neg	0.8
惨案	neg	0.8
惨烈的斗争	neg	0.8
惨痛代价	neg	0.8
惨痛教训	neg	0.8
惨跌	neg	0.8
惨境	neg	0.8
惨绿	neg	0.8
惨遭处决	neg	0.8
慵懒	neg	0.8
截击	neg	0.8
撇清	neg	0.8
撇开	neg	0.8
摔拍子	neg	0.8
摔倒	neg	0.8
摔杆	neg	0.8
摔坏	neg	0.8
撤消	neg	0.8
撤退	neg	0.8
撤退信号	neg	0.8
撤换	neg	0.8
撤废	neg	0.8
撤销	neg	0.8
摸不清	neg	0.8
摸不著	neg	0.8
摸不著头绪	neg	0.8
摧残殆尽	neg	0.8
掺假货	neg	0.8
掺杂	neg	0.8
敲打	neg	0.8
敲打致死	neg	0.8
敲起丧钟	neg	0.8
敲诈者	neg	0.8
敲诈恐吓	neg	0.8
敲碎	neg	0.8
敲碎头骨	neg	0.8
榨出	neg	0.8
杠上	neg	0.8
构成很严重的威胁	neg	0.8
构成严重威胁	neg	0.8
构成拦阻	neg	0.8
枪杀	neg	0.8
枪声	neg	0.8
滚回去	neg	0.8
滚过了头	neg	0.8
滚远	neg	0.8
漠不	neg	0.8
漏出	neg	0.8
漏气	neg	0.8
漏做	neg	0.8
漏球	neg	0.8
漏损	neg	0.8
漏损物	neg	0.8
漏损量	neg	0.8
漏电	neg	0.8
漂泊	neg	0.8
漂泊者	neg	0.8
满布地雷	neg	0.8
满目疮痍	neg	0.8
满得溢出	neg	0.8
满腹牢骚	neg	0.8
满腹疑云	neg	0.8
满嘴谎言	neg	0.8
满脸烂肉	neg	0.8
滞后于	neg	0.8
滞缓	neg	0.8
渐失	neg	0.8
渐行渐远	neg	0.8
渐感不耐	neg	0.8
渐渐走贬	neg	0.8
渐渐破坏	neg	0.8
漫漫崎岖	neg	0.8
漪地雷	neg	0.8
渗透物	neg	0.8
渗透活动	neg	0.8
渗漏	neg	0.8
煽动	neg	0.8
煽动者	neg	0.8
煽情	neg	0.8
熄火	neg	0.8
琐细	neg	0.8
疑心	neg	0.8
疑心病	neg	0.8
疑有	neg	0.8
疑惑	neg	0.8
疑感	neg	0.8
疑虑未除	neg	0.8
疑虑与反弹	neg	0.8
疑点	neg	0.8
疑窦	neg	0.8
疑惧	neg	0.8
疯了	neg	0.8
疯人	neg	0.8
疯子	neg	0.8
疯狂地	neg	0.8
疯癫	neg	0.8
尽力抑制	neg	0.8
尽力睁大	neg	0.8
尽付流水	neg	0.8
尽失	neg	0.8
监防	neg	0.8
监禁	neg	0.8
监禁所	neg	0.8
睡不好	neg	0.8
睡不著	neg	0.8
睡错床铺	neg	0.8
祸因	neg	0.8
祸延	neg	0.8
祸害	neg	0.8
种族隔离	neg	0.8
种疮痍	neg	0.8
称不上好	neg	0.8
管不住	neg	0.8
管不著	neg	0.8
管你去死	neg	0.8
管我	neg	0.8
管理混乱	neg	0.8
管闲事	neg	0.8
算了	neg	0.8
算你厉害	neg	0.8
算计极深	neg	0.8
算啥	neg	0.8
箝制	neg	0.8
精疲力尽	neg	0.8
精神上的打击	neg	0.8
精神分裂	neg	0.8
精神虐待	neg	0.8
精神病患者	neg	0.8
精神耗弱	neg	0.8
精神错乱	neg	0.8
紧拉	neg	0.8
紧拖	neg	0.8
紧急叫停	neg	0.8
紧急事件	neg	0.8
紧急状况	neg	0.8
紧急需要	neg	0.8
紧迫地	neg	0.8
紧张不安	neg	0.8
紧张怯场	neg	0.8
紧张气氛	neg	0.8
紧张情势	neg	0.8
紧张情绪	neg	0.8
紧张对立	neg	0.8
紧张对峙	neg	0.8
紧张压力	neg	0.8
紧张关系	neg	0.8
紧张悬疑	neg	0.8
紧绷	neg	0.8
罚则	neg	0.8
罚跪	neg	0.8
罚锾	neg	0.8
闻之色变	neg	0.8
闻之丧胆	neg	0.8
肇因	neg	0.8
腐化	neg	0.8
腐蚀性	neg	0.8
腐蚀物	neg	0.8
腐蚀剂	neg	0.8
腐坏	neg	0.8
腐烂	neg	0.8
与人结怨	neg	0.8
与世隔绝	neg	0.8
舔鸟蛋	neg	0.8
舞干戈	neg	0.8
舞弊贿选丑闻	neg	0.8
蒙上	neg	0.8
蒙上阴影	neg	0.8
蒙受耻辱	neg	0.8
蒙受羞辱	neg	0.8
蒙冤	neg	0.8
蒙羞	neg	0.8
蒙骗造假	neg	0.8
盖台	neg	0.8
苍白	neg	0.8
苍白无助	neg	0.8
苍老	neg	0.8
蚀坏	neg	0.8
蜷缩	neg	0.8
裹尸布	neg	0.8
裹胁	neg	0.8
制造麻烦	neg	0.8
语带哽咽	neg	0.8
语带酸葡萄	neg	0.8
诬指	neg	0.8
认命	neg	0.8
认知不足	neg	0.8
认栽	neg	0.8
误人	neg	0.8
误人子弟	neg	0.8
误入	neg	0.8
误入歧途地	neg	0.8
误以为	neg	0.8
误用	neg	0.8
误交	neg	0.8
误炸	neg	0.8
误差	neg	0.8
误国	neg	0.8
误将	neg	0.8
误期	neg	0.8
误传	neg	0.8
误会	neg	0.8
误会了	neg	0.8
误当成	neg	0.8
误认	neg	0.8
误击	neg	0.8
误断	neg	0.8
误触	neg	0.8
误触法网	neg	0.8
说了谎	neg	0.8
说反话	neg	0.8
说打就打	neg	0.8
说含沙射影	neg	0.8
说含沙射影的话	neg	0.8
说来好笑	neg	0.8
说胡话	neg	0.8
说粗话	neg	0.8
说鸟话	neg	0.8
说话不算话	neg	0.8
说梦	neg	0.8
说模棱两可	neg	0.8
说模棱两可的话	neg	0.8
说谎者	neg	0.8
说谎骗人	neg	0.8
说蠢话	neg	0.8
诱入	neg	0.8
诱拐走	neg	0.8
诱捕	neg	0.8
诱捕野兽	neg	0.8
诱惑力	neg	0.8
诱惑物	neg	0.8
诱获	neg	0.8
诱骗	neg	0.8
赊欠	neg	0.8
赊帐	neg	0.8
赊购	neg	0.8
赶不上	neg	0.8
赶快消失	neg	0.8
赶走	neg	0.8
赶这样说	neg	0.8
轻言放弃	neg	0.8
轻易停止	neg	0.8
轻易停止的人	neg	0.8
轻浮地	neg	0.8
轻伤	neg	0.8
轻蔑地笑	neg	0.8
轻松出击	neg	0.8
远不如	neg	0.8
远去	neg	0.8
远低于	neg	0.8
远抛在后	neg	0.8
远非	neg	0.8
远远落后	neg	0.8
远点	neg	0.8
远离	neg	0.8
逊位	neg	0.8
遥远	neg	0.8
遥遥不可及	neg	0.8
递减	neg	0.8
酸的东西	neg	0.8
酸葡萄	neg	0.8
酸腐	neg	0.8
银根紧	neg	0.8
银根宽松	neg	0.8
障蔽	neg	0.8
障碍	neg	0.8
障碍物	neg	0.8
障碍重重	neg	0.8
障碍船具	neg	0.8
需要加强	neg	0.8
需要改进	neg	0.8
需要纠正	neg	0.8
需要突破	neg	0.8
需要照顾	neg	0.8
颇感气馁	neg	0.8
领不到	neg	0.8
台风尾	neg	0.8
驳回告诉	neg	0.8
齐人之福	neg	0.8
齐大非偶	neg	0.8
撂倒	neg	0.8
殒落	neg	0.8
绯闻	neg	0.8
蜚语	neg	0.8
僻暗	neg	0.8
僵固	neg	0.8
僵固性	neg	0.8
僵直	neg	0.8
僵持不下	neg	0.8
僵持状态	neg	0.8
僵痛	neg	0.8
僵硬	neg	0.8
僵硬统治	neg	0.8
价值不高	neg	0.8
价格竞争	neg	0.8
剧烈波动	neg	0.8
剧贬	neg	0.8
剧跳	neg	0.8
劈啪	neg	0.8
劈啪声	neg	0.8
剑拔弩张	neg	0.8
厉声	neg	0.8
唠里唠叨	neg	0.8
唠唠叨叨地责备	neg	0.8
嘲弄	neg	0.8
嘲弄的物件	neg	0.8
嘲弄的话	neg	0.8
嘲笑著说	neg	0.8
嘲讽	neg	0.8
嘴巴放干净一点	neg	0.8
嘴巴烂掉	neg	0.8
喷出	neg	0.8
喷溅	neg	0.8
喷溅出来	neg	0.8
喷溅出来的东西	neg	0.8
喷溅声	neg	0.8
嘶哑	neg	0.8
增恶	neg	0.8
增剧	neg	0.8
坟墓	neg	0.8
坠地	neg	0.8
坠海	neg	0.8
坠机	neg	0.8
坠机身亡	neg	0.8
堕胎	neg	0.8
堕落者	neg	0.8
宽松条件	neg	0.8
写错	neg	0.8
层出不穷	neg	0.8
废了武功	neg	0.8
废止	neg	0.8
废用	neg	0.8
废物	neg	0.8
废纸	neg	0.8
废除	neg	0.8
废弃	neg	0.8
废墟	neg	0.8
厮杀	neg	0.8
弹核	neg	0.8
征收	neg	0.8
征收报复性关税	neg	0.8
忧心	neg	0.8
忧沈	neg	0.8
忧闷	neg	0.8
忧伤	neg	0.8
忧愁	neg	0.8
忧虑多	neg	0.8
忧惧	neg	0.8
忧郁	neg	0.8
欲求	neg	0.8
欲望	neg	0.8
憎恨	neg	0.8
憎恨之物	neg	0.8
憎恶	neg	0.8
愤世	neg	0.8
愤而	neg	0.8
愤而中断	neg	0.8
愤而退席	neg	0.8
愤而舍弃	neg	0.8
愤怒反应	neg	0.8
愤怒抗议	neg	0.8
愤怒难抑	neg	0.8
愤怒谴责	neg	0.8
愤慨	neg	0.8
愤慨痛心	neg	0.8
愤然	neg	0.8
愤愤不平	neg	0.8
愤愤然	neg	0.8
愤激	neg	0.8
撞上	neg	0.8
撞及	neg	0.8
撞死	neg	0.8
撞到	neg	0.8
撞倒	neg	0.8
撞毁	neg	0.8
撞机	neg	0.8
撞击	neg	0.8
撞击声	neg	0.8
撞墙	neg	0.8
扑灭	neg	0.8
撑著	neg	0.8
撕破	neg	0.8
撕破脸	neg	0.8
撕裂	neg	0.8
撕裂处	neg	0.8
撕毁	neg	0.8
撕碎	neg	0.8
撒了很多谎	neg	0.8
撒尿	neg	0.8
撬起	neg	0.8
撬动	neg	0.8
敌手	neg	0.8
敌军	neg	0.8
敌视	neg	0.8
敌意日深	neg	0.8
敌营	neg	0.8
数落	neg	0.8
暂时停止	neg	0.8
暂时搁置	neg	0.8
暴力引起	neg	0.8
暴力方式	neg	0.8
暴力示威	neg	0.8
暴力攻击	neg	0.8
暴力事件	neg	0.8
暴力威胁	neg	0.8
暴力相向	neg	0.8
暴力强迫	neg	0.8
暴力循环	neg	0.8
暴力冲突	neg	0.8
暴投	neg	0.8
暴戾之气	neg	0.8
暴戾习气	neg	0.8
暴虐行为	neg	0.8
暴风	neg	0.8
暴发出	neg	0.8
暴发出来	neg	0.8
暴传	neg	0.8
暴敌	neg	0.8
标签化	neg	0.8
标签效果	neg	0.8
模棱两可的话	neg	0.8
模糊一片	neg	0.8
模糊不定	neg	0.8
模糊不清地说	neg	0.8
模糊不清地说话	neg	0.8
模糊不清的事物	neg	0.8
模糊化	neg	0.8
叹息	neg	0.8
殴打重伤	neg	0.8
殴击砍杀	neg	0.8
潦倒	neg	0.8
浇冷水	neg	0.8
潜入	neg	0.8
潜伏	neg	0.8
潜伏危机	neg	0.8
潜伏者	neg	0.8
潜行于	neg	0.8
潸然泪下	neg	0.8
热病	neg	0.8
瘟疫	neg	0.8
瘦小	neg	0.8
瘦削	neg	0.8
疮疤	neg	0.8
疮疤未清	neg	0.8
皱眉	neg	0.8
皱眉表示	neg	0.8
皱眉头	neg	0.8
皱纹	neg	0.8
皱缩	neg	0.8
瞎了狗眼	neg	0.8
瞎了眼	neg	0.8
瞎眼	neg	0.8
瞎搞	neg	0.8
瞎整	neg	0.8
瞋怒	neg	0.8
确有瑕疵	neg	0.8
穷人	neg	0.8
穷打猛追	neg	0.8
穷凶	neg	0.8
穷困	neg	0.8
穷途末路	neg	0.8
穷境	neg	0.8
箭靶	neg	0.8
缄默	neg	0.8
缓不济急	neg	0.8
缓跌	neg	0.8
缓慢下滑	neg	0.8
缓颊	neg	0.8
缓议	neg	0.8
骂一顿	neg	0.8
骂人	neg	0.8
骂他	neg	0.8
骂他神经病	neg	0.8
骂出	neg	0.8
骂出来	neg	0.8
骂她	neg	0.8
骂得狗血淋头	neg	0.8
骂得很惨	neg	0.8
骂粗话	neg	0.8
骂脏话	neg	0.8
罢了	neg	0.8
罢课	neg	0.8
胶著	neg	0.8
蔓生	neg	0.8
卫冕落空	neg	0.8
冲三小	neg	0.8
冲口说出	neg	0.8
冲天骂娘	neg	0.8
冲出	neg	0.8
冲突且对立	neg	0.8
冲突事件	neg	0.8
冲突动荡	neg	0.8
冲动	neg	0.8
冲头	neg	0.8
冲压机	neg	0.8
冲击大	neg	0.8
冲击最大	neg	0.8
复杂化	neg	0.8
复杂性	neg	0.8
复杂的因素	neg	0.8
复杂的事物	neg	0.8
谈不上	neg	0.8
谈不拢	neg	0.8
请辞	neg	0.8
课刑	neg	0.8
课税	neg	0.8
课业压力	neg	0.8
调降	neg	0.8
调适尤为困难	neg	0.8
谁死谁亡	neg	0.8
谁来救救我	neg	0.8
谁敢	neg	0.8
论争	neg	0.8
论战	neg	0.8
诽谤性	neg	0.8
诽谤者	neg	0.8
诽谤罪	neg	0.8
猪八戒	neg	0.8
猪母	neg	0.8
猪狗	neg	0.8
猪狗不如	neg	0.8
猪狗牛	neg	0.8
猪哥	neg	0.8
猪就是猪	neg	0.8
赔了	neg	0.8
赔了夫人又折	neg	0.8
赔上威信	neg	0.8
赔累	neg	0.8
赔偿官司	neg	0.8
赋闲无事	neg	0.8
贱女人	neg	0.8
贱役	neg	0.8
贱男人	neg	0.8
贱命	neg	0.8
贱命一条	neg	0.8
贱招	neg	0.8
贱种	neg	0.8
赌掉	neg	0.8
赌运气	neg	0.8
卖弄风骚	neg	0.8
卖弄风骚的人	neg	0.8
卖春	neg	0.8
卖假毒品给人	neg	0.8
卖国	neg	0.8
卖国者	neg	0.8
卖淫	neg	0.8
质地薄	neg	0.8
质问	neg	0.8
质疑地	neg	0.8
踢出	neg	0.8
踢打	neg	0.8
踢到铁板	neg	0.8
踢铁板	neg	0.8
踏入死胡同	neg	0.8
辍学	neg	0.8
适于屠宰	neg	0.8
遮掩	neg	0.8
遮羞费	neg	0.8
遮暗	neg	0.8
遮蔽	neg	0.8
遮遮掩掩	neg	0.8
遭人看扁	neg	0.8
遭人围殴	neg	0.8
遭人欺侮	neg	0.8
遭池鱼之殃	neg	0.8
遭至	neg	0.8
遭删除	neg	0.8
遭困	neg	0.8
遭批判	neg	0.8
遭批评	neg	0.8
遭到否决	neg	0.8
遭到批评	neg	0.8
遭到封杀	neg	0.8
遭到推翻	neg	0.8
遭到处	neg	0.8
遭到驳回	neg	0.8
遭到弹劾	neg	0.8
遭受风吹雨打	neg	0.8
遭受挫折	neg	0.8
遭受损失	neg	0.8
遭受新的阻力	neg	0.8
遭受箝制	neg	0.8
遭受冲击	neg	0.8
遭受鞭打	neg	0.8
遭拘留	neg	0.8
遭拆散	neg	0.8
遭歧视	neg	0.8
遭波及	neg	0.8
遭封杀	neg	0.8
遭背叛	neg	0.8
遭致	neg	0.8
遭虐待	neg	0.8
遭冻结	neg	0.8
遭起诉	neg	0.8
遭停权	neg	0.8
遭屠杀	neg	0.8
遭排挤	neg	0.8
遭淘汰	neg	0.8
遭处决	neg	0.8
遭软禁	neg	0.8
遭痛打	neg	0.8
遭倾倒	neg	0.8
遭解职	neg	0.8
遭遇挑战	neg	0.8
遭遇瓶颈	neg	0.8
遭遇麻烦	neg	0.8
遭对手完封	neg	0.8
遭误解	neg	0.8
遭驳回	neg	0.8
遭弹劾	neg	0.8
遭撞击	neg	0.8
遭驱离	neg	0.8
遭体罚	neg	0.8
迁怒	neg	0.8
醉客	neg	0.8
醉态	neg	0.8
醉醺醺	neg	0.8
销毁	neg	0.8
销声匿迹	neg	0.8
震怒	neg	0.8
震动	neg	0.8
震撼	neg	0.8
震颤	neg	0.8
霉烂	neg	0.8
靠么	neg	0.8
靠夭	neg	0.8
靠北	neg	0.8
靠母	neg	0.8
靠啊	neg	0.8
靠腰	neg	0.8
鞍伤	neg	0.8
养不起	neg	0.8
养伤	neg	0.8
饿死	neg	0.8
饿死光	neg	0.8
饿昏	neg	0.8
饿得	neg	0.8
饿得要死	neg	0.8
饿馑	neg	0.8
余地	neg	0.8
余悸犹存	neg	0.8
驶你母	neg	0.8
驽马	neg	0.8
闹上	neg	0.8
闹大	neg	0.8
闹法庭	neg	0.8
闹革命	neg	0.8
闹得	neg	0.8
闹得不可开交	neg	0.8
闹得不愉快	neg	0.8
闹情绪	neg	0.8
闹场	neg	0.8
闹翻	neg	0.8
魅惑	neg	0.8
鲁莽行为	neg	0.8
恶心鬼	neg	0.8
噘起	neg	0.8
噘嘴	neg	0.8
墬毁	neg	0.8
憋死	neg	0.8
憋著	neg	0.8
铤而走险	neg	0.8
凝重	neg	0.8
噪声	neg	0.8
器焰嚣张	neg	0.8
壁垒	neg	0.8
壅塞	neg	0.8
学不来	neg	0.8
学坏	neg	0.8
导火线	neg	0.8
导致衰退	neg	0.8
凭什么	neg	0.8
懔于	neg	0.8
憾恨	neg	0.8
懊悔	neg	0.8
懊丧	neg	0.8
懊脑	neg	0.8
战火频仍	neg	0.8
战争阴影	neg	0.8
战争暴行	neg	0.8
战争赔偿	neg	0.8
战败	neg	0.8
战栗	neg	0.8
战战兢兢	neg	0.8
擅自泄露	neg	0.8
擅自摸弄	neg	0.8
擅闯	neg	0.8
擅离	neg	0.8
拥有压倒优势	neg	0.8
拥塞	neg	0.8
挡下	neg	0.8
挡在门外	neg	0.8
挡路	neg	0.8
挡路石	neg	0.8
挞伐	neg	0.8
操心	neg	0.8
操作失当	neg	0.8
操作失误	neg	0.8
操作疏失	neg	0.8
操你	neg	0.8
操你母	neg	0.8
操你妈	neg	0.8
操你个鬼	neg	0.8
操贱役	neg	0.8
操贱役的人	neg	0.8
擒服	neg	0.8
整人	neg	0.8
整合之苦	neg	0.8
整死	neg	0.8
整死了	neg	0.8
整垮	neg	0.8
晔然	neg	0.8
横刀夺爱	neg	0.8
横肉	neg	0.8
横行	neg	0.8
横穿	neg	0.8
横渡	neg	0.8
横著	neg	0.8
横冲	neg	0.8
横遭	neg	0.8
横遭阻逆	neg	0.8
横遭拦阻	neg	0.8
机八	neg	0.8
机八毛	neg	0.8
机八事	neg	0.8
机尾撞地	neg	0.8
机车窃案	neg	0.8
机歪	neg	0.8
机械学习	neg	0.8
机买	neg	0.8
机会不高	neg	0.8
机会有限	neg	0.8
机机歪歪	neg	0.8
浓烟	neg	0.8
激化	neg	0.8
激浪	neg	0.8
激烈抗争	neg	0.8
激烈争执	neg	0.8
激烈的反应	neg	0.8
激烈进行	neg	0.8
激动落泪	neg	0.8
激进分子	neg	0.8
激愤	neg	0.8
激潮	neg	0.8
烧制	neg	0.8
烧焦	neg	0.8
烫痛	neg	0.8
燃眉之急	neg	0.8
燃烧	neg	0.8
独占	neg	0.8
独缺	neg	0.8
独裁形象	neg	0.8
独裁专权	neg	0.8
独裁残暴	neg	0.8
独裁权力	neg	0.8
瞒人耳目	neg	0.8
瞒得了人	neg	0.8
瞒著	neg	0.8
磨损	neg	0.8
磨损处	neg	0.8
磨坏	neg	0.8
积聚钱财	neg	0.8
窥探	neg	0.8
窥视	neg	0.8
缚手缚脚	neg	0.8
罹病	neg	0.8
罹患	neg	0.8
罹患了	neg	0.8
罹癌	neg	0.8
罹难者	neg	0.8
兴叹	neg	0.8
兴趣缺缺	neg	0.8
荡妇	neg	0.8
荡然	neg	0.8
荡然无存	neg	0.8
褪色	neg	0.8
亲子互动困境	neg	0.8
亲子困境	neg	0.8
讳言	neg	0.8
谋反者	neg	0.8
谋财弑亲	neg	0.8
谋略	neg	0.8
讽刺结局	neg	0.8
讽刺对比	neg	0.8
讽剌	neg	0.8
讽剌之事	neg	0.8
蹂躏	neg	0.8
踹开	neg	0.8
辐射	neg	0.8
辐射性微尘	neg	0.8
输了	neg	0.8
输在	neg	0.8
输家	neg	0.8
输掉	neg	0.8
输球	neg	0.8
输过	neg	0.8
办错	neg	0.8
选错	neg	0.8
选举舞弊	neg	0.8
迟未	neg	0.8
迟顿	neg	0.8
迟疑	neg	0.8
迟迟	neg	0.8
遗失	neg	0.8
遗失者	neg	0.8
遗忘	neg	0.8
遗臭	neg	0.8
遗传性疾病	neg	0.8
遗漏	neg	0.8
遗憾的是	neg	0.8
遗赠	neg	0.8
锯掉	neg	0.8
错估	neg	0.8
错事	neg	0.8
错的是你	neg	0.8
错伪	neg	0.8
错乱地做事	neg	0.8
错爱	neg	0.8
错当成	neg	0.8
错综	neg	0.8
错认	neg	0.8
错误心态	neg	0.8
错误印象	neg	0.8
错误地	neg	0.8
错误地处理	neg	0.8
错误行为	neg	0.8
错误判断	neg	0.8
错误决定	neg	0.8
错误取向	neg	0.8
错误认知	neg	0.8
错误观念	neg	0.8
错觉	neg	0.8
错译	neg	0.8
锥心	neg	0.8
锱铢计较	neg	0.8
随口	neg	0.8
随口泄漏	neg	0.8
随之瓦解	neg	0.8
随你便	neg	0.8
随即恶化	neg	0.8
随性脱轨	neg	0.8
随便地放置	neg	0.8
随风而逝	neg	0.8
随意解读	neg	0.8
险招	neg	0.8
险招百出	neg	0.8
险峻	neg	0.8
险境	neg	0.8
险险	neg	0.8
静坐	neg	0.8
静观其变	neg	0.8
频频	neg	0.8
频频失误	neg	0.8
频频放炮	neg	0.8
头皮发麻	neg	0.8
头款	neg	0.8
头壳坏去	neg	0.8
头壳坏掉	neg	0.8
头号敌人	neg	0.8
颓危	neg	0.8
颓废	neg	0.8
颓废者	neg	0.8
颓废派艺术家	neg	0.8
颓废期	neg	0.8
骇人	neg	0.8
骇怕	neg	0.8
骇客攻击	neg	0.8
鸵鸟心态	neg	0.8
鸭蛋	neg	0.8
鸳鸯同命	neg	0.8
默默承受	neg	0.8
糗纪录	neg	0.8
偿付	neg	0.8
嚎啕	neg	0.8
吓一大跳	neg	0.8
吓一跳	neg	0.8
吓了一跳	neg	0.8
吓出	neg	0.8
吓出一身冷汗	neg	0.8
吓到	neg	0.8
吓阻	neg	0.8
吓阻效果	neg	0.8
吓跑	neg	0.8
吓坏了	neg	0.8
压力也大	neg	0.8
压力大	neg	0.8
压力太大	neg	0.8
压力过	neg	0.8
压力过大	neg	0.8
压力过重	neg	0.8
压下	neg	0.8
压下去	neg	0.8
压抑	neg	0.8
压抑已久	neg	0.8
压抑住	neg	0.8
压制性	neg	0.8
压治	neg	0.8
压治统治	neg	0.8
压迫	neg	0.8
压倒	neg	0.8
压破	neg	0.8
压碎	neg	0.8
压皱	neg	0.8
压坏	neg	0.8
帮派分子	neg	0.8
弥漫	neg	0.8
应不是	neg	0.8
应不致	neg	0.8
应斥责	neg	0.8
应非	neg	0.8
应负赔偿责任	neg	0.8
应被开革	neg	0.8
应无	neg	0.8
应该谴责	neg	0.8
应声倒地	neg	0.8
懂个屁	neg	0.8
懦弱的人	neg	0.8
击毁	neg	0.8
挤巴士	neg	0.8
挤出	neg	0.8
挤出前进	neg	0.8
挤向前	neg	0.8
挤兑	neg	0.8
挤迫	neg	0.8
挤过	neg	0.8
挤过去	neg	0.8
擦肩而过	neg	0.8
擦破	neg	0.8
擦痕	neg	0.8
擦痛	neg	0.8
擦伤	neg	0.8
擦枪走火	neg	0.8
擦撞	neg	0.8
搁下	neg	0.8
搁置	neg	0.8
毙了	neg	0.8
毙了他	neg	0.8
毙了你	neg	0.8
暧昧	neg	0.8
暧昧模糊	neg	0.8
检举	neg	0.8
检点	neg	0.8
滥打	neg	0.8
滥打人	neg	0.8
滥用禁药	neg	0.8
滥用职权	neg	0.8
滥老师	neg	0.8
滥挖	neg	0.8
滥砍	neg	0.8
滥射	neg	0.8
滥捕	neg	0.8
滥杀	neg	0.8
滥葬	neg	0.8
滥觞	neg	0.8
滥权	neg	0.8
湿闷	neg	0.8
营养不良	neg	0.8
营养过剩	neg	0.8
灿怒嚣憎	neg	0.8
墙头草两边倒	neg	0.8
环伺	neg	0.8
癌症	neg	0.8
癌细胞	neg	0.8
瞧不起	neg	0.8
瞧不起人	neg	0.8
矫揉	neg	0.8
粪尿	neg	0.8
糟透	neg	0.8
糟透了	neg	0.8
缩手	neg	0.8
缩水	neg	0.8
绷著	neg	0.8
绷著的脸	neg	0.8
绷紧	neg	0.8
绷紧神经	neg	0.8
缝你嘴巴	neg	0.8
总行了吧	neg	0.8
纵情于	neg	0.8
声明拒付	neg	0.8
声明放弃	neg	0.8
声泪俱下	neg	0.8
耸人	neg	0.8
耸肩表示	neg	0.8
耸动	neg	0.8
胆小的人	neg	0.8
胆寒	neg	0.8
胆战心惊	neg	0.8
脸上发红	neg	0.8
脸伤	neg	0.8
临死	neg	0.8
临死的痛苦	neg	0.8
临时手段	neg	0.8
临时地	neg	0.8
临阵退出	neg	0.8
举反证	neg	0.8
举止失礼	neg	0.8
举债经营	neg	0.8
艰困	neg	0.8
艰辛	neg	0.8
艰苦	neg	0.8
艰涩	neg	0.8
亏死	neg	0.8
亏死了	neg	0.8
亏缺	neg	0.8
亏马子	neg	0.8
亏损赔累	neg	0.8
谎称	neg	0.8
谢绝	neg	0.8
赛人	neg	0.8
赛人样	neg	0.8
赛你娘	neg	0.8
赛林良	neg	0.8
趋冷	neg	0.8
趋冷淡	neg	0.8
趋于紧张	neg	0.8
趋降	neg	0.8
趋降至	neg	0.8
趋弱	neg	0.8
趋疲	neg	0.8
趋贬	neg	0.8
趋紧缩	neg	0.8
舆论批判	neg	0.8
舆论批评	neg	0.8
避不回答	neg	0.8
避而不提	neg	0.8
避免直接答复	neg	0.8
避免持有	neg	0.8
避著	neg	0.8
避债	neg	0.8
遽减	neg	0.8
遽跌	neg	0.8
还不如	neg	0.8
还不到	neg	0.8
还不能	neg	0.8
还不够	neg	0.8
还不够乱吗	neg	0.8
还只是	neg	0.8
还未	neg	0.8
还未登场	neg	0.8
还有争议	neg	0.8
还没	neg	0.8
还没好	neg	0.8
还没有	neg	0.8
还是没有	neg	0.8
还得	neg	0.8
还债	neg	0.8
还想怎样	neg	0.8
还会做什么	neg	0.8
迈向死亡	neg	0.8
丑不拉叽	neg	0.8
丑化中伤	neg	0.8
丑死	neg	0.8
丑死了	neg	0.8
丑老太婆	neg	0.8
丑男	neg	0.8
丑陃	neg	0.8
丑陋罪行	neg	0.8
丑闻越滚越大	neg	0.8
丑闻缠身	neg	0.8
丑丑	neg	0.8
隐伏	neg	0.8
隐忍	neg	0.8
隐秘	neg	0.8
隐退	neg	0.8
隐退处	neg	0.8
隐匿	neg	0.8
隐匿不报	neg	0.8
隐密	neg	0.8
隐忧重重	neg	0.8
隐蔽	neg	0.8
隐蔽处	neg	0.8
虽已	neg	0.8
鞠躬下台	neg	0.8
鲜少	neg	0.8
鲜有人	neg	0.8
撵走	neg	0.8
摆脱了	neg	0.8
摆脱不了	neg	0.8
断了	neg	0.8
断交	neg	0.8
断念	neg	0.8
断垣颓壁	neg	0.8
断送	neg	0.8
断掉	neg	0.8
断然否认	neg	0.8
断然拒绝	neg	0.8
断然驳斥	neg	0.8
断绝	neg	0.8
断绝关系	neg	0.8
断裂	neg	0.8
断开	neg	0.8
断罪	neg	0.8
朦胧	neg	0.8
归于沉寂	neg	0.8
溅出	neg	0.8
猎食	neg	0.8
猎杀	neg	0.8
愈合不良	neg	0.8
简直是	neg	0.8
粮食不足	neg	0.8
绕圈子的话	neg	0.8
缭乱	neg	0.8
翘家	neg	0.8
翘课	neg	0.8
翻找	neg	0.8
翻倒	neg	0.8
翻船	neg	0.8
翻滚	neg	0.8
翻脸	neg	0.8
翻脸不认帐	neg	0.8
翻转	neg	0.8
翻腾	neg	0.8
旧仇新恨	neg	0.8
旧恨难消	neg	0.8
旧病复发	neg	0.8
旧创新伤	neg	0.8
旧伤	neg	0.8
藏刀	neg	0.8
藏匿	neg	0.8
藐视	neg	0.8
荐滥	neg	0.8
虫子	neg	0.8
覆亡	neg	0.8
覆没	neg	0.8
谨防	neg	0.8
谬见	neg	0.8
赘词	neg	0.8
蹙额	neg	0.8
蹒跚	neg	0.8
蹒跚地走	neg	0.8
转折	neg	0.8
转弱	neg	0.8
转眼成空	neg	0.8
转弯太快太大	neg	0.8
转变	neg	0.8
闯了大祸	neg	0.8
离我远一点	neg	0.8
离家出走	neg	0.8
离婚	neg	0.8
离情	neg	0.8
离乡	neg	0.8
离开	neg	0.8
离开正道	neg	0.8
离群	neg	0.8
杂交	neg	0.8
杂多	neg	0.8
杂事	neg	0.8
杂音	neg	0.8
杂草	neg	0.8
杂讯	neg	0.8
杂乱的一团	neg	0.8
杂碎	neg	0.8
双重标准	neg	0.8
双误	neg	0.8
双双成空	neg	0.8
雏妓	neg	0.8
鸡八	neg	0.8
鸡巴	neg	0.8
鸡巴毛	neg	0.8
鸡皮疙瘩	neg	0.8
鸡屎肚	neg	0.8
鸡歪	neg	0.8
鞭子	neg	0.8
颜面全失	neg	0.8
颜面问题	neg	0.8
颜面尽失	neg	0.8
馊主意	neg	0.8
松手	neg	0.8
松裂	neg	0.8
松解	neg	0.8
鲨鱼	neg	0.8
阋墙	neg	0.8
坏小孩	neg	0.8
坏心	neg	0.8
坏心肠	neg	0.8
坏去	neg	0.8
坏同学	neg	0.8
坏在	neg	0.8
坏孩子	neg	0.8
坏帐	neg	0.8
坏掉	neg	0.8
坏脾气	neg	0.8
坏贬累积	neg	0.8
坏运气	neg	0.8
坏账	neg	0.8
坏坏	neg	0.8
宠坏	neg	0.8
庞大包袱	neg	0.8
庞大异常	neg	0.8
惩罚性	neg	0.8
惩诫	neg	0.8
怀有恶意	neg	0.8
怀恨	neg	0.8
怀恨者	neg	0.8
怀恶意	neg	0.8
怀疑宗教教条	neg	0.8
怀疑论	neg	0.8
怀敌意	neg	0.8
怀壁其罪	neg	0.8
懒人	neg	0.8
懒趴	neg	0.8
懒得	neg	0.8
懒得理你	neg	0.8
懒惰鬼	neg	0.8
懒散地	neg	0.8
旷日费时	neg	0.8
旷日废时	neg	0.8
旷课者	neg	0.8
濒临交战	neg	0.8
濒临死亡	neg	0.8
爆冷	neg	0.8
爆冷门	neg	0.8
爆破	neg	0.8
爆掉	neg	0.8
爆发争执	neg	0.8
爆发冲突	neg	0.8
爆发战争	neg	0.8
爆震	neg	0.8
痴人	neg	0.8
碍于	neg	0.8
罗网	neg	0.8
罗织入罪	neg	0.8
罗织罪名	neg	0.8
缴了械	neg	0.8
羸弱	neg	0.8
藩篱	neg	0.8
药石罔效	neg	0.8
药物滥用	neg	0.8
哗然	neg	0.8
证据不足	neg	0.8
跷家	neg	0.8
跷家女孩	neg	0.8
辞呈	neg	0.8
辞职下台	neg	0.8
辞职下台谢罪	neg	0.8
边缘	neg	0.8
边缘化	neg	0.8
邋遢女人	neg	0.8
关上	neg	0.8
关他屁事	neg	0.8
关在	neg	0.8
关我什么事	neg	0.8
关我辟事	neg	0.8
关押	neg	0.8
关门	neg	0.8
关系日渐淡薄	neg	0.8
关掉	neg	0.8
关说情况严重	neg	0.8
难以化解	neg	0.8
难以生存	neg	0.8
难以立足	neg	0.8
难以回天	neg	0.8
难以收拾	neg	0.8
难以估计	neg	0.8
难以估算	neg	0.8
难以形成	neg	0.8
难以忍受	neg	0.8
难以改善	neg	0.8
难以取悦	neg	0.8
难以招架	neg	0.8
难以抵抗	neg	0.8
难以抵挡	neg	0.8
难以明了	neg	0.8
难以表达	neg	0.8
难以相信	neg	0.8
难以突破	neg	0.8
难以捉摸	neg	0.8
难以配合	neg	0.8
难以理解	neg	0.8
难以复业	neg	0.8
难以想像	neg	0.8
难以置信	neg	0.8
难以解决	neg	0.8
难以达成	neg	0.8
难以预料	neg	0.8
难以维持	neg	0.8
难以适应	neg	0.8
难以磨灭	neg	0.8
难以辨识	neg	0.8
难以弥补	neg	0.8
难以击败	neg	0.8
难以厘清	neg	0.8
难以攀升	neg	0.8
难打	neg	0.8
难民	neg	0.8
难生存	neg	0.8
难守住	neg	0.8
难有	neg	0.8
难有起色	neg	0.8
难行	neg	0.8
难免责	neg	0.8
难改变	neg	0.8
难言	neg	0.8
难辛	neg	0.8
难事	neg	0.8
难取悦	neg	0.8
难抵	neg	0.8
难治疗	neg	0.8
难信	neg	0.8
难保	neg	0.8
难为情	neg	0.8
难看死了	neg	0.8
难倒	neg	0.8
难拿	neg	0.8
难捕捉之物	neg	0.8
难捉摸	neg	0.8
难涉及	neg	0.8
难逃	neg	0.8
难控制	neg	0.8
难接近	neg	0.8
难扫	neg	0.8
难望	neg	0.8
难望其项背	neg	0.8
难望复苏	neg	0.8
难产	neg	0.8
难脱	neg	0.8
难处理	neg	0.8
难堪	neg	0.8
难道要	neg	0.8
难达成	neg	0.8
难达到	neg	0.8
难预料	neg	0.8
难尽	neg	0.8
难维持	neg	0.8
难说	neg	0.8
难熬	neg	0.8
难驾驭	neg	0.8
难办	neg	0.8
难点	neg	0.8
难证明	neg	0.8
难辞其咎	neg	0.8
难关	neg	0.8
难缠	neg	0.8
难听	neg	0.8
雾朦胧	neg	0.8
颠倒	neg	0.8
颠倒历史	neg	0.8
颠簸	neg	0.8
颠踬	neg	0.8
骗出	neg	0.8
骗吃混喝	neg	0.8
骗来	neg	0.8
骗骗	neg	0.8
骗骗选票	neg	0.8
鲸吞	neg	0.8
劝告	neg	0.8
劝阻	neg	0.8
严冬	neg	0.8
严加	neg	0.8
严正否认	neg	0.8
严正抗议	neg	0.8
严防	neg	0.8
严重干扰	neg	0.8
严重失控	neg	0.8
严重失误	neg	0.8
严重打击	neg	0.8
严重地	neg	0.8
严重事故	neg	0.8
严重受虐	neg	0.8
严重受挫	neg	0.8
严重歧见	neg	0.8
严重的侵犯	neg	0.8
严重的警告	neg	0.8
严重威胁	neg	0.8
严重后果	neg	0.8
严重歪曲	neg	0.8
严重缺失	neg	0.8
严重偏差	neg	0.8
严重偏离	neg	0.8
严重问题	neg	0.8
严重得多	neg	0.8
严重疏忽	neg	0.8
严重处分	neg	0.8
严重恶化	neg	0.8
严重猥亵	neg	0.8
严重伤害	neg	0.8
严重损害	neg	0.8
严重瑕疵	neg	0.8
严重落后	neg	0.8
严重影响	neg	0.8
严重撞击	neg	0.8
严重冲突	neg	0.8
严重错误	neg	0.8
严峻可怕	neg	0.8
严峻对峙	neg	0.8
严格限制	neg	0.8
严寒	neg	0.8
严肃性	neg	0.8
严词	neg	0.8
严词批判	neg	0.8
严词抨击	neg	0.8
严酷	neg	0.8
严酷的考验	neg	0.8
严厉批评	neg	0.8
严厉拒绝	neg	0.8
严厉抨击	neg	0.8
严厉指摘	neg	0.8
严厉对待	neg	0.8
严厉质询	neg	0.8
严厉挞伐	neg	0.8
严辞反对	neg	0.8
孽子	neg	0.8
悬殊	neg	0.8
悬疑	neg	0.8
拦阻	neg	0.8
献殷勤	neg	0.8
竞争者	neg	0.8
竞争压力甚大	neg	0.8
继续下跌	neg	0.8
纂改	neg	0.8
觉得不安	neg	0.8
觉得太过分	neg	0.8
觉得可惜	neg	0.8
觉得疼痛	neg	0.8
触怒	neg	0.8
议论	neg	0.8
警戒	neg	0.8
警铃	neg	0.8
警语	neg	0.8
赢不了	neg	0.8
躁进而为	neg	0.8
饥荒	neg	0.8
饥谨	neg	0.8
饥馑	neg	0.8
咸湿	neg	0.8
党派立场	neg	0.8
党派偏见	neg	0.8
龃龉	neg	0.8
属落后	neg	0.8
惧怕	neg	0.8
歼灭	neg	0.8
烂上	neg	0.8
烂上万倍	neg	0.8
烂女人	neg	0.8
烂仗	neg	0.8
烂污货	neg	0.8
烂老师	neg	0.8
烂肉	neg	0.8
烂车	neg	0.8
烂到	neg	0.8
烂到极点	neg	0.8
烂到爆	neg	0.8
烂校鸟系	neg	0.8
烂掉	neg	0.8
烂球	neg	0.8
烂货	neg	0.8
烂家伙	neg	0.8
烂源	neg	0.8
烂学校	neg	0.8
烂戏	neg	0.8
牺牲者	neg	0.8
牺牲品	neg	0.8
缠讼	neg	0.8
缠结	neg	0.8
缠绕	neg	0.8
续挫	neg	0.8
蠢女	neg	0.8
蠢牛	neg	0.8
蠢呆	neg	0.8
蠢男	neg	0.8
蠢妇	neg	0.8
蠢蛋	neg	0.8
蠢毙	neg	0.8
蠢举	neg	0.8
蠢翻	neg	0.8
蠢翻了	neg	0.8
蠢驴	neg	0.8
踌躇	neg	0.8
轰下	neg	0.8
轰鸣	neg	0.8
轰击	neg	0.8
铁板	neg	0.8
铁面无情	neg	0.8
霸王硬上弓	neg	0.8
霸权主义	neg	0.8
露水又重	neg	0.8
响而刺耳	neg	0.8
驱除	neg	0.8
驱逐	neg	0.8
驱逐出门	neg	0.8
驱逐出会	neg	0.8
驱散	neg	0.8
驱赶	neg	0.8
驱离	neg	0.8
魔鬼似	neg	0.8
魔影	neg	0.8
黯然退出	neg	0.8
啰哩吧唆	neg	0.8
啰嗦	neg	0.8
权宜	neg	0.8
权宜之计	neg	0.8
权威扫地	neg	0.8
权责争议	neg	0.8
笼络手法	neg	0.8
笼罩阴影	neg	0.8
听人摆布	neg	0.8
听不入耳	neg	0.8
听不清	neg	0.8
听不通	neg	0.8
听不进	neg	0.8
听不进去	neg	0.8
袭取	neg	0.8
读不完	neg	0.8
鞑伐	neg	0.8
颤动	neg	0.8
颤栗	neg	0.8
骄弱	neg	0.8
骄傲自大	neg	0.8
骄纵自大	neg	0.8
脏唐烂汉	neg	0.8
脏钱	neg	0.8
晒焦	neg	0.8
窃占	neg	0.8
窃走	neg	0.8
窃车	neg	0.8
窃为	neg	0.8
窃盗	neg	0.8
窃听	neg	0.8
窃听器	neg	0.8
变化	neg	0.8
变幻无常	neg	0.8
变凶	neg	0.8
变成废墟	neg	0.8
变污	neg	0.8
变空	neg	0.8
变奏曲	neg	0.8
变故	neg	0.8
变凌乱	neg	0.8
变差	neg	0.8
变弱	neg	0.8
变破烂	neg	0.8
变臭	neg	0.8
变得不愉快	neg	0.8
变得有缺陷	neg	0.8
变得冷酷无情	neg	0.8
变得更糟	neg	0.8
变得更坏	neg	0.8
变得束手无策	neg	0.8
变得阴沈	neg	0.8
变得渺茫	neg	0.8
变得无耻	neg	0.8
变得微弱	neg	0.8
变得紧张	neg	0.8
变得模糊	neg	0.8
变深	neg	0.8
变笨	neg	0.8
变软弱	neg	0.8
变阴沈	neg	0.8
变阴暗	neg	0.8
变钝	neg	0.8
变黑暗	neg	0.8
变暗	neg	0.8
变暗淡	neg	0.8
变态性欲者	neg	0.8
变态者	neg	0.8
变酸	neg	0.8
变忧沈	neg	0.8
变数重重	neg	0.8
变模糊	neg	0.8
变皱	neg	0.8
变复杂	neg	0.8
变调	neg	0.8
变迟钝	neg	0.8
变丑	neg	0.8
变旧	neg	0.8
变馊	neg	0.8
变坏	neg	0.8
变脏	neg	0.8
显怒容	neg	0.8
显然不知道	neg	0.8
显然违反	neg	0.8
显著恶化	neg	0.8
惊叫	neg	0.8
惊呆	neg	0.8
惊呼	neg	0.8
惊呼出来	neg	0.8
惊恐	neg	0.8
惊悚	neg	0.8
惊动	neg	0.8
惊异	neg	0.8
惊愕	neg	0.8
惊惶	neg	0.8
惊惶奔跑	neg	0.8
惊慌	neg	0.8
惊栗	neg	0.8
惊跳	neg	0.8
惊叹	neg	0.8
惊险	neg	0.8
惊险动作	neg	0.8
惊骇	neg	0.8
惊吓	neg	0.8
惊吓哭叫	neg	0.8
惊吓过度	neg	0.8
惊扰	neg	0.8
惊觉	neg	0.8
惊惧	neg	0.8
体弱多病	neg	0.8
体罚手段	neg	0.8
癫狂者	neg	0.8
让人害怕	neg	0.8
让人讦	neg	0.8
让你好看	neg	0.8
让你死	neg	0.8
让掉	neg	0.8
酿成	neg	0.8
酿成大祸	neg	0.8
灵车	neg	0.8
骤死	neg	0.8
骤逝	neg	0.8
骤跌	neg	0.8
蛮横行为	neg	0.8
郁卒	neg	0.8
次奥次奥次奥	neg	0.799
贸易协定	pos	0.798
风口	pos	0.798
布鲁克	pos	0.797
确实	pos	0.797
中药	pos	0.797
明朗	pos	0.797
编辑	pos	0.797
手巧	pos	0.797
共商	pos	0.797
苏荷	pos	0.797
外部	neg	0.796
义母	pos	0.796
提议	pos	0.795
启幕	pos	0.795
东中爱	pos	0.794
噶玛巴	pos	0.794
天齐	pos	0.794
张昭	pos	0.794
樱草	pos	0.794
王晰	pos	0.794
祛暑	pos	0.794
蒋林	pos	0.794
蒙叔	pos	0.794
饶威微	pos	0.794
派息	pos	0.793
请求	pos	0.793
海通	pos	0.793
红海	neg	0.792
球迷	neg	0.792
北京市	neg	0.792
源杰	pos	0.791
获评	pos	0.791
产权	pos	0.791
掘金	pos	0.791
夺回	pos	0.791
人造	pos	0.791
亿人次	pos	0.791
华能	pos	0.791
信创	pos	0.791
公正	pos	0.791
拉塞尔	pos	0.791
第八	pos	0.791
建交	pos	0.791
恰到好处	pos	0.791
建滔	pos	0.791
基石	pos	0.791
诚信	pos	0.791
工业化	pos	0.791
宏昌	pos	0.791
类产品	pos	0.791
下一阶段	pos	0.791
交卷	pos	0.791
引进	pos	0.791
倍增	pos	0.791
抓住	pos	0.791
微信	pos	0.79
现代	pos	0.79
冲刺	pos	0.789
祝小	pos	0.789
重组	neg	0.788
抬升	pos	0.788
终于	pos	0.788
成交量	pos	0.787
专用	pos	0.787
婴儿	neg	0.787
扭亏	pos	0.787
商场	neg	0.787
破获	neg	0.787
韩国政府	neg	0.787
连夜	neg	0.787
高速	pos	0.787
金莺队	pos	0.787
额度	pos	0.787
紧盯	neg	0.787
万英镑	neg	0.787
校园	neg	0.787
两座	neg	0.787
只能	neg	0.787
洗牌	neg	0.786
头寸	neg	0.786
粮农组织	neg	0.786
高利率	neg	0.786
否则	neg	0.786
索马里	neg	0.786
家属	neg	0.786
幕后	neg	0.786
警讯	neg	0.786
长园	neg	0.786
拖延	neg	0.786
牺牲	neg	0.786
老牌	neg	0.786
每盎司	neg	0.786
食糖	neg	0.786
年前	pos	0.786
不合理	neg	0.786
中日	neg	0.786
至纯	neg	0.786
从业者	neg	0.786
告终	neg	0.786
一股	neg	0.786
郊区	neg	0.786
泰铢	neg	0.786
通货膨胀	neg	0.786
戴蒙	neg	0.785
匀净	pos	0.785
乔其纱	pos	0.785
巴尔曼	pos	0.785
戎装	pos	0.785
美敦力	pos	0.784
奋力	pos	0.784
营业额	pos	0.784
排行榜	pos	0.784
北约	neg	0.784
模拟	pos	0.784
分销	pos	0.784
超值	pos	0.784
制药	pos	0.784
个人消费	pos	0.784
不再	neg	0.784
水蛭	neg	0.783
美素丽	neg	0.783
草尼	neg	0.783
贵子哈	pos	0.782
经历	neg	0.78
新房	neg	0.78
趋势	pos	0.78
大幅度	pos	0.779
保利	pos	0.779
跟进	pos	0.779
米勒	pos	0.779
朝着	pos	0.779
统一	pos	0.779
运通	pos	0.779
外汇局	pos	0.779
向前	pos	0.779
增长速度	pos	0.779
无需	pos	0.778
头豹	pos	0.778
金银	neg	0.778
中科	pos	0.778
从善如流	pos	0.778
业界	neg	0.775
垃圾	neg	0.775
澳元	neg	0.775
尼玛尼玛尼玛	neg	0.775
先定	pos	0.775
养心	pos	0.775
少祺	pos	0.775
张杰十年	pos	0.775
敬赠	pos	0.775
永葆	pos	0.775
盛世大	pos	0.775
范梦思	pos	0.775
贾盛	pos	0.775
冠周炎	neg	0.774
日尼玛	neg	0.774
朝仲	neg	0.774
回车键	pos	0.774
国台办	neg	0.773
步伐	pos	0.772
多数	neg	0.771
孙佳	pos	0.771
平纹	pos	0.77
福如东海	pos	0.77
证监	neg	0.769
负面	neg	0.769
燃气	neg	0.769
客机	neg	0.769
公众	neg	0.769
两倍	pos	0.769
反转	pos	0.769
吕良伟	pos	0.769
祝妈	pos	0.769
前值	pos	0.768
揭秘	pos	0.768
外界	neg	0.767
收割	neg	0.767
仍显	neg	0.767
集中度	neg	0.767
罗斯	pos	0.767
苏宁易购	pos	0.767
陈晓生	pos	0.767
服务业	pos	0.766
火炽	pos	0.766
倒车	neg	0.765
马里	neg	0.765
四连板	neg	0.765
逃离	neg	0.765
属性	pos	0.765
泼冷水	neg	0.765
萧条	neg	0.765
声音	neg	0.765
牟利	neg	0.765
天力	neg	0.765
调减	neg	0.765
调查报告	neg	0.765
维塔	neg	0.765
行云	pos	0.765
不已	neg	0.765
花掉	neg	0.765
坐不住	neg	0.765
挣扎	neg	0.765
声浪	neg	0.765
归零	neg	0.765
仿制	neg	0.765
股遭	neg	0.765
夏威夷	neg	0.765
搅动	neg	0.765
机械	pos	0.765
打响	neg	0.765
公安部	neg	0.765
分支机构	neg	0.765
全国性	neg	0.765
财务总监	neg	0.765
剧本	neg	0.765
泛滥	neg	0.765
灭火	neg	0.765
一下	pos	0.765
克利夫兰	neg	0.765
吸湿性	pos	0.765
哈皮波士	pos	0.765
弟帮学	pos	0.765
然天	pos	0.765
祝美丽	pos	0.765
程虹	pos	0.765
医生	neg	0.764
区域	pos	0.764
关切	neg	0.764
费用	neg	0.764
人清	neg	0.764
风疹块	neg	0.764
兆易	pos	0.763
中信	pos	0.763
着色	pos	0.763
第三	pos	0.762
这个	pos	0.762
清洁	pos	0.761
一个月	neg	0.761
董事会	neg	0.761
探讨	pos	0.76
预制	pos	0.76
实质性	pos	0.76
埃斯	pos	0.76
正面	pos	0.76
介家	pos	0.76
芦山	pos	0.76
爆仓	pos	0.759
合并	pos	0.759
财长	neg	0.758
碳酸锂	neg	0.758
真桑心	neg	0.758
幻觉	neg	0.757
当期	neg	0.757
乌拉尔	neg	0.757
坦言	neg	0.757
重拳出击	neg	0.757
直言不讳	neg	0.757
新债	neg	0.757
韩媒	neg	0.757
公寓楼	neg	0.757
不太可能	neg	0.757
脱锚	neg	0.757
向币安	neg	0.757
约翰内斯堡	neg	0.757
苯乙烯	neg	0.757
天前	neg	0.757
公职人员	neg	0.757
日趋激烈	neg	0.757
击穿	neg	0.757
互相	neg	0.757
化为泡影	neg	0.757
冒充	neg	0.757
晨星	neg	0.757
灾情	neg	0.757
引热议	neg	0.757
六名	neg	0.757
仍令	neg	0.757
波澜	neg	0.757
喷气式	neg	0.757
惨重	neg	0.757
牛奶	neg	0.757
正邦	neg	0.757
过多	neg	0.757
私钥	neg	0.757
三场	neg	0.757
台州	neg	0.757
止跌回升	neg	0.757
公开	pos	0.757
革命	neg	0.757
航协	neg	0.757
揭露	neg	0.757
钱潮	neg	0.757
气价	neg	0.757
管理	pos	0.757
更趋	neg	0.757
等于	neg	0.757
上班	neg	0.757
爆舱	neg	0.757
激辩	neg	0.757
幽灵	neg	0.757
万向	neg	0.757
联合国安理会	neg	0.757
里拉	neg	0.757
敌对	neg	0.757
经纪商	neg	0.757
螺旋	neg	0.757
断崖	neg	0.757
化工厂	neg	0.757
威廉	neg	0.757
误解	neg	0.757
乌龙	neg	0.757
切尔西	neg	0.757
归因于	neg	0.757
率创	neg	0.757
何去何从	neg	0.757
印度政府	neg	0.757
创近	pos	0.756
拥有	pos	0.756
训练	neg	0.756
律师	neg	0.756
店址	pos	0.756
宝缇	pos	0.756
筑梦	pos	0.756
更正	neg	0.755
喘息	neg	0.755
雇主	neg	0.755
财务状况	neg	0.755
游行	neg	0.755
生存	neg	0.755
学习	pos	0.755
里克	neg	0.755
优先	pos	0.755
收官战	pos	0.755
军人	neg	0.755
夜间	neg	0.755
出于	neg	0.755
拉斯	neg	0.755
申港	pos	0.755
新奥	neg	0.755
持有人	neg	0.755
物质	neg	0.755
珠宝	neg	0.755
养智	pos	0.755
哈施塔特	pos	0.755
妞生	pos	0.755
客座教授	pos	0.755
心传心	pos	0.755
有机酸	pos	0.755
服务团	pos	0.755
深证	pos	0.755
生月超	pos	0.755
白保	pos	0.755
祝家姐	pos	0.755
笔耕不辍	pos	0.755
色织	pos	0.755
草小熊	pos	0.755
薄礼	pos	0.755
状况	neg	0.754
逆流	neg	0.754
延机	neg	0.754
毛明天	neg	0.754
总局	neg	0.753
纷纷	neg	0.753
铝价	neg	0.752
特邀	pos	0.752
劳动	neg	0.751
通话	neg	0.751
粮食安全	neg	0.751
大跳水	neg	0.751
奔驰	neg	0.751
客运	neg	0.751
房屋	neg	0.75
事项	neg	0.749
评估	neg	0.749
采取行动	neg	0.749
硅谷	neg	0.749
丰厚	pos	0.748
单位	pos	0.748
节点	pos	0.748
肺病	neg	0.748
概股	neg	0.747
分会	neg	0.747
低波	neg	0.747
判断	neg	0.746
猪肉	neg	0.746
纠纷	neg	0.746
海光	pos	0.745
发明专利	pos	0.745
美丽	pos	0.745
赣锋	pos	0.745
天地	pos	0.745
生成式	pos	0.745
日产量	pos	0.745
卢拉对	pos	0.745
澜起	pos	0.745
火线	pos	0.745
扶持	pos	0.745
启用	pos	0.745
机械设备	pos	0.745
诺华	pos	0.745
渐近	pos	0.745
新星	pos	0.745
附股	pos	0.745
预喜	pos	0.745
专精	pos	0.745
大族	pos	0.745
重复使用	pos	0.745
长电	pos	0.745
收盘价格	pos	0.745
指高开	pos	0.745
上下游	pos	0.745
凯莱	pos	0.745
替补	pos	0.745
特许	pos	0.745
戴维斯	pos	0.745
特新	pos	0.745
两连板	pos	0.745
稳妥	pos	0.745
凝聚	pos	0.745
农牧	pos	0.745
七倍	pos	0.745
无锡	pos	0.745
硅光	pos	0.745
新台币	pos	0.745
创史	pos	0.745
营收增	pos	0.745
手中	pos	0.745
酋长	pos	0.745
捕捉	pos	0.745
尊享	pos	0.745
武将	pos	0.745
成立	pos	0.744
今天	pos	0.744
代悦	pos	0.744
兰墨	pos	0.744
卡曼依	pos	0.744
哈皮波地	pos	0.744
善信	pos	0.744
奥黛丽赫本	pos	0.744
康济高	pos	0.744
弥坚	pos	0.744
最开森	pos	0.744
桓宇	pos	0.744
涂刷	pos	0.744
焕新	pos	0.744
燕通	pos	0.744
生乐	pos	0.744
祝林	pos	0.744
舍歌	pos	0.744
芭妮兰	pos	0.744
诺丁山	pos	0.744
豆绿	pos	0.744
退而结网	pos	0.744
金域	pos	0.744
防水布	pos	0.744
陶成邦	pos	0.744
魏基成	pos	0.744
公开市场	pos	0.743
秘书长	neg	0.743
贸易顺差	pos	0.743
投放	pos	0.743
取得成功	pos	0.743
能源行业	pos	0.743
旗舰	pos	0.743
会议纪要	neg	0.743
面板	pos	0.743
填补	pos	0.743
乌拉圭	neg	0.743
化学药品	neg	0.743
章珊珊	neg	0.743
风格	pos	0.742
团结一心	pos	0.742
睫毛液	pos	0.741
合肥	pos	0.739
餐饮	pos	0.739
信托	pos	0.739
轨道	pos	0.739
桑心桑	neg	0.739
车主	neg	0.738
能源供应	neg	0.738
财通	neg	0.738
矿工	neg	0.738
超跌	neg	0.738
保时捷	neg	0.738
审议	neg	0.738
印度尼西亚	neg	0.738
建筑商	neg	0.738
持有	pos	0.738
多达	neg	0.738
输给	neg	0.738
脱欧	neg	0.738
持仓量	pos	0.738
联系	neg	0.738
丰收年	pos	0.738
獭兔	pos	0.738
华电	pos	0.737
样品	pos	0.737
账款	pos	0.737
再保险	pos	0.737
建材	pos	0.737
现行	pos	0.737
竞价	pos	0.737
光明	pos	0.737
在手	pos	0.737
有机硅	pos	0.737
评测	pos	0.737
陕股	pos	0.737
超高	pos	0.737
全指	pos	0.737
之选	pos	0.737
阖家幸福	pos	0.736
张雪	pos	0.735
救助点	pos	0.734
赠阅	pos	0.734
网友	neg	0.733
糟报	neg	0.733
早衰	neg	0.733
贼眼	neg	0.733
招灾	neg	0.733
折辱	neg	0.733
中山狼	neg	0.733
清莹	pos	0.733
轻倩	pos	0.733
晴丽	pos	0.733
仁政	pos	0.733
荣名	pos	0.733
柔腻	pos	0.733
瑞雪	pos	0.733
神采	pos	0.733
省便	pos	0.733
盛誉	pos	0.733
爽脆	pos	0.733
诪张	neg	0.733
自恃	neg	0.733
头名	pos	0.733
沃壤	pos	0.733
无上	pos	0.733
喜人	pos	0.733
鲜妍	pos	0.733
新巧	pos	0.733
信奉	pos	0.733
秀俊	pos	0.733
煦煦	pos	0.733
雅淡	pos	0.733
雅兴	pos	0.733
严整	pos	0.733
泱泱	pos	0.733
怡悦	pos	0.733
义诊	pos	0.733
英发	pos	0.733
英伟	pos	0.733
优厚	pos	0.733
幽雅	pos	0.733
有识	pos	0.733
友邻	pos	0.733
玉人	pos	0.733
元勋	pos	0.733
佳趣	pos	0.733
简雅	pos	0.733
姣丽	pos	0.733
娇丽	pos	0.733
骄子	pos	0.733
津要	pos	0.733
箴言	pos	0.733
正理	pos	0.733
智多星	pos	0.733
主力军	pos	0.733
准绳	pos	0.733
进益	pos	0.733
奏凯	pos	0.733
尽瘁	pos	0.733
精妙	pos	0.733
晶洁	pos	0.733
景观	pos	0.733
眷怀	pos	0.733
肮里肮脏	neg	0.733
不成话	neg	0.733
翻云覆雨	neg	0.733
孤单单	neg	0.733
含糊不清	neg	0.733
毫不客气	neg	0.733
智能型	pos	0.733
谆谆	pos	0.733
鸾凤和鸣	pos	0.733
愁惨	neg	0.733
烦神	neg	0.733
忿忿不平	neg	0.733
惶然不安	neg	0.733
尖嘴薄舌	neg	0.733
博闻广识	pos	0.733
不落俗套	pos	0.733
枯寂	neg	0.733
马马虎虎	neg	0.733
莽莽撞撞	neg	0.733
难上难	neg	0.733
缺乏幽默	neg	0.733
傻里傻气	neg	0.733
丰姿绰约	pos	0.733
很有抱负	pos	0.733
花容月貌	pos	0.733
深入人心	pos	0.733
俊俏	pos	0.733
欢快	pos	0.733
欢娱	pos	0.733
乐陶陶	pos	0.733
逗人	pos	0.733
眉开眼笑	pos	0.733
笑逐言开	pos	0.733
神采飞扬	pos	0.733
嫣然	pos	0.733
和颜悦色	pos	0.733
五世其昌	pos	0.733
娇惯	neg	0.733
稀罕	pos	0.733
挺拔	pos	0.733
难舍难分	pos	0.733
乖乖	pos	0.733
温情脉脉	pos	0.733
传颂	pos	0.733
恭谨	pos	0.733
和顺	pos	0.733
安居乐业	pos	0.733
活脱脱	pos	0.733
标兵	pos	0.733
善始善终	pos	0.733
大显神通	pos	0.733
动听	pos	0.733
美不胜收	pos	0.733
挺秀	pos	0.733
娇娆	pos	0.733
日新月异	pos	0.733
推心置腹	pos	0.733
文从字顺	pos	0.733
惊佩	pos	0.733
节烈	pos	0.733
朴直	pos	0.733
洁身自好	pos	0.733
笃厚	pos	0.733
妥实	pos	0.733
执着	pos	0.733
不屈	pos	0.733
勇武	pos	0.733
虚心	pos	0.733
浩气	pos	0.733
悃诚	pos	0.733
天公地道	pos	0.733
赳赳	pos	0.733
好强	pos	0.733
安分	pos	0.733
神韵	pos	0.733
含蓼问疾	pos	0.733
繁华	pos	0.733
香喷喷	pos	0.733
宽大为怀	pos	0.733
代代红	pos	0.733
舍己救人	pos	0.733
匡救	pos	0.733
驰援	pos	0.733
称道	pos	0.733
娟秀	pos	0.733
秀媚	pos	0.733
分外夺目	pos	0.733
毫不利己	pos	0.733
道不拾遗	pos	0.733
贤良	pos	0.733
势不可当	pos	0.733
有头有脸	pos	0.733
钢铁长城	pos	0.733
怒目切齿	neg	0.733
悍然	neg	0.733
讹诈	neg	0.733
为所欲为	neg	0.733
乌合之众	neg	0.733
指鹿为马	neg	0.733
罪有应得	neg	0.733
凶相毕露	neg	0.733
无所措手足	neg	0.733
心如悬旌	neg	0.733
脚忙手乱	neg	0.733
乘人之危	neg	0.733
累世通好	pos	0.733
鸿均之世	pos	0.733
年丰时稔	pos	0.733
五风十雨	pos	0.733
拨乱反治	pos	0.733
秋荼密网	neg	0.733
宽打窄用	pos	0.733
别具只眼	pos	0.733
地利人和	pos	0.733
以人废言	neg	0.733
越凫楚乙	neg	0.733
大相径庭	neg	0.733
坠茵落溷	neg	0.733
力疾从公	pos	0.733
一板三眼	pos	0.733
三反四覆	neg	0.733
再作冯妇	pos	0.733
与人为善	pos	0.733
良工巧匠	pos	0.733
艺高胆大	pos	0.733
变古易常	pos	0.733
乘风转舵	neg	0.733
海阔天空	pos	0.733
敢怒不敢言	neg	0.733
五马分尸	neg	0.733
黄口稚子	neg	0.733
茫无头绪	neg	0.733
不知天高地厚	neg	0.733
洞房花烛	pos	0.733
陶猗之家	pos	0.733
赏信罚明	pos	0.733
骨瘦如柴	neg	0.733
药店飞龙	neg	0.733
不治之症	neg	0.733
人死留名	pos	0.733
游谈无根	neg	0.733
巧言花语	neg	0.733
多嘴多舌	neg	0.733
了若指掌	pos	0.733
抚躬责己	pos	0.733
倚官仗势	neg	0.733
甜嘴蜜舌	neg	0.733
鸿飞冥冥	pos	0.733
在劫难逃	neg	0.733
飞短流长	neg	0.733
薏苡明珠	neg	0.733
无拳无勇	neg	0.733
枕戈待旦	pos	0.733
鼠窜狼奔	neg	0.733
嘴甜心苦	neg	0.733
见事风生	neg	0.733
招权纳赂	neg	0.733
歧路亡羊	neg	0.733
冬扇夏炉	neg	0.733
喧宾夺主	neg	0.733
日月交食	neg	0.733
束手待毙	neg	0.733
抛头露面	neg	0.733
人民城郭	neg	0.733
强人所难	neg	0.733
招降纳叛	neg	0.733
惹祸招殃	neg	0.733
招风惹草	neg	0.733
鼓噪而起	neg	0.733
出乖露丑	neg	0.733
谏鼓谤木	pos	0.733
草草收兵	neg	0.733
图谋不轨	neg	0.733
春深似海	pos	0.733
秋高气肃	pos	0.733
群芳竟艳	pos	0.733
光彩耀日	pos	0.733
评头品足	neg	0.733
搔头弄姿	neg	0.733
真知灼见	pos	0.733
破壁飞去	pos	0.733
土牛木马	neg	0.733
玉卮无当	neg	0.733
时通运泰	pos	0.733
放歌纵酒	pos	0.733
藏器待时	pos	0.733
一箭双雕	pos	0.733
明目达聪	pos	0.733
手到病除	pos	0.733
凤鸣朝阳	pos	0.733
鸾翔凤集	pos	0.733
下笔有神	pos	0.733
未雨绸缪	pos	0.733
一表堂堂	pos	0.733
感恩图报	pos	0.733
妙处不传	pos	0.733
危言危行	pos	0.733
执法不阿	pos	0.733
平地楼台	pos	0.733
福至心灵	pos	0.733
风樯阵马	pos	0.733
兵强将勇	pos	0.733
节节胜利	pos	0.733
熊罴之师	pos	0.733
孺子可教	pos	0.733
改邪归正	pos	0.733
一改故辙	pos	0.733
袒裼裸裎	neg	0.733
苟合取容	neg	0.733
如到宝山空手回	neg	0.733
望风破胆	neg	0.733
不肖子孙	neg	0.733
虚度年华	neg	0.733
一丘之貉	neg	0.733
谬种流传	neg	0.733
阿其所好	neg	0.733
不辨龙蛇	neg	0.733
自讨没趣	neg	0.733
蠹众木折	neg	0.733
逼真逼肖	pos	0.733
食少事繁	pos	0.733
风雨同舟	pos	0.733
问安视膳	pos	0.733
得薄能鲜	neg	0.733
马齿徒增	neg	0.733
昂首望天	neg	0.733
独弦哀歌	neg	0.733
居功自傲	neg	0.733
自高其功	neg	0.733
眼馋肚饱	neg	0.733
包子	neg	0.733
得寸进尺	neg	0.733
怨尤	neg	0.733
暴烈	neg	0.733
千篇一律	neg	0.733
畏葸不前	neg	0.733
无中生有	neg	0.733
不自量力	neg	0.733
狂气	neg	0.733
阳奉阴违	neg	0.733
随风倒	neg	0.733
鄙俗	neg	0.733
愚顽	neg	0.733
儇薄	neg	0.733
愚直	neg	0.733
浮皮潦草	neg	0.733
出圈儿	neg	0.733
耍赖	neg	0.733
有勇无谋	neg	0.733
孤行己见	neg	0.733
萧规曹随	neg	0.733
艳情	neg	0.733
冷酷无情	neg	0.733
有理无情	neg	0.733
错误百出	neg	0.733
生吞活剥	neg	0.733
傲物	neg	0.733
向着	neg	0.733
冰心	pos	0.733
博雅	pos	0.733
才赋	pos	0.733
才学	pos	0.733
长技	pos	0.733
草寇	neg	0.733
沉挚	pos	0.733
成名	pos	0.733
齿冷	neg	0.733
忡忡	neg	0.733
承教	pos	0.733
出蓝	pos	0.733
纯稚	pos	0.733
吹擂	neg	0.733
窜犯	neg	0.733
刀俎	neg	0.733
盗匪	neg	0.733
盗用	neg	0.733
国光	pos	0.733
敌特	neg	0.733
毒贩	neg	0.733
赌棍	neg	0.733
恶疾	neg	0.733
法盲	neg	0.733
放刁	neg	0.733
匪祸	neg	0.733
分赃	neg	0.733
惯贼	neg	0.733
淳古	pos	0.733
慈怜	pos	0.733
大观	pos	0.733
大士	pos	0.733
大雅	pos	0.733
幻灭	neg	0.733
秽行	neg	0.733
混账	neg	0.733
懂行	pos	0.733
笃学	pos	0.733
端平	pos	0.733
发奋	pos	0.733
芳烈	pos	0.733
高档	pos	0.733
捞摸	neg	0.733
勒抑	neg	0.733
敛财	neg	0.733
流气	neg	0.733
高爽	pos	0.733
露丑	neg	0.733
沦丧	neg	0.733
媚外	neg	0.733
密谋	neg	0.733
冥顽	neg	0.733
工稳	pos	0.733
光溜	pos	0.733
闹灾	neg	0.733
奴化	neg	0.733
攀诬	neg	0.733
剽取	neg	0.733
起哄	neg	0.733
枪替	neg	0.733
贺匾	pos	0.733
红星	pos	0.733
华彩	pos	0.733
欢歌	pos	0.733
欢宴	pos	0.733
挥毫	pos	0.733
窃夺	neg	0.733
取闹	neg	0.733
蛇头	neg	0.733
搜刮	neg	0.733
贪贿	neg	0.733
逃兵	neg	0.733
歪理	neg	0.733
顽梗	neg	0.733
妄人	neg	0.733
违纪	neg	0.733
嫌忌	neg	0.733
萧索	neg	0.733
邪魔	neg	0.733
凶犯	neg	0.733
熊包	neg	0.733
虚话	neg	0.733
眩惑	neg	0.733
妖风	neg	0.733
窑子	neg	0.733
异端	neg	0.733
淫画	neg	0.733
引诱	neg	0.733
庸才	neg	0.733
诱胁	neg	0.733
迂气	neg	0.733
愚民	neg	0.733
郁然	neg	0.733
怨仇	neg	0.733
怨懑	neg	0.733
钦慕	pos	0.733
勤勤	pos	0.733
清官	pos	0.733
精卫填海	pos	0.733
偏袒	neg	0.733
一尘不染	pos	0.733
榜样	pos	0.733
拨弄	neg	0.733
融融	pos	0.733
得过且过	neg	0.733
丝丝入扣	pos	0.733
体贴入微	pos	0.733
妖媚	neg	0.733
百孔千疮	neg	0.733
放火	neg	0.733
笃实	pos	0.733
敞亮	pos	0.733
高人	pos	0.733
虚度	neg	0.733
幌子	neg	0.733
鞭辟入里	pos	0.733
有血有肉	pos	0.733
说嘴	neg	0.733
玲珑	pos	0.733
侈谈	neg	0.733
浓郁	pos	0.733
拐子	neg	0.733
对眼	pos	0.733
沉痼	neg	0.733
精雕细刻	pos	0.733
响当当	pos	0.733
半半拉拉	neg	0.733
抬杠	neg	0.733
先人后己	pos	0.733
抽风	neg	0.733
阎罗	pos	0.733
便民	pos	0.733
亮堂	pos	0.733
背时	neg	0.733
噪聒	neg	0.733
责罚	neg	0.733
肢解	neg	0.733
滞销	neg	0.733
轻俏	pos	0.733
晴好	pos	0.733
热火	pos	0.733
任侠	pos	0.733
柔润	pos	0.733
善行	pos	0.733
神力	pos	0.733
爽健	pos	0.733
肃然	pos	0.733
周折	neg	0.733
装糊涂	neg	0.733
捉弄	neg	0.733
走内线	neg	0.733
嘴长	neg	0.733
腾欢	pos	0.733
贴心	pos	0.733
同乐	pos	0.733
婉丽	pos	0.733
沃饶	pos	0.733
细嫩	pos	0.733
先哲	pos	0.733
纤巧	pos	0.733
相成	pos	0.733
骁健	pos	0.733
心秀	pos	0.733
寄怀	pos	0.733
雄图	pos	0.733
秀润	pos	0.733
煊赫	pos	0.733
勋劳	pos	0.733
雅怀	pos	0.733
嫣红	pos	0.733
延誉	pos	0.733
毅勇	pos	0.733
英风	pos	0.733
英秀	pos	0.733
优礼	pos	0.733
幽韵	pos	0.733
有素	pos	0.733
圆浑	pos	0.733
简质	pos	0.733
见效	pos	0.733
姣妍	pos	0.733
姣美	pos	0.733
教益	pos	0.733
匀实	pos	0.733
珍闻	pos	0.733
正论	pos	0.733
指教	pos	0.733
壮健	pos	0.733
精敏	pos	0.733
精一	pos	0.733
炯然	pos	0.733
救星	pos	0.733
巨构	pos	0.733
爱搭不理	neg	0.733
岸然	pos	0.733
板板六十四	neg	0.733
背地里	neg	0.733
因材施教	pos	0.733
不到黄河心不死	neg	0.733
不对茬儿	neg	0.733
无吸引力	neg	0.733
不名一文	neg	0.733
不清不楚	neg	0.733
玄远	pos	0.733
朝不虑夕	neg	0.733
呆钝	neg	0.733
繁复	neg	0.733
疙里疙瘩	neg	0.733
含糊其词	neg	0.733
黑灯瞎火	neg	0.733
黑黢黢	neg	0.733
娉婷	pos	0.733
婚外	neg	0.733
虔心	pos	0.733
不待见	neg	0.733
猜疑	neg	0.733
打骂	neg	0.733
急眼	neg	0.733
看扁	neg	0.733
哭丧着脸	neg	0.733
骂骂咧咧	neg	0.733
柔肠百结	neg	0.733
说风凉话	neg	0.733
敬贺	neg	0.733
喜盈盈	pos	0.733
小里小气	neg	0.733
见识短浅	neg	0.733
不厌其烦	pos	0.733
出以公心	pos	0.733
纯厚	pos	0.733
老派	neg	0.733
哩溜歪斜	neg	0.733
令人困倦	neg	0.733
令人生气	neg	0.733
乱蓬蓬	neg	0.733
端雅	pos	0.733
卖不掉	neg	0.733
没轻没重	neg	0.733
目光凶狠	neg	0.733
质量差	neg	0.733
有鼻子有眼	pos	0.733
欣欣然	pos	0.733
闹嚷嚷	neg	0.733
盘根错节	neg	0.733
骚乱性	neg	0.733
傻头傻脑	neg	0.733
风姿绰约	pos	0.733
个性鲜明	pos	0.733
恭恭敬敬	pos	0.733
合情合理	pos	0.733
史诗般	pos	0.733
见多识广	pos	0.733
嗓子好	pos	0.733
锐敏	pos	0.733
认认真真	pos	0.733
可以信赖	pos	0.733
求实	pos	0.733
勤勤恳恳	pos	0.733
有失身分	neg	0.733
羽毛未丰	neg	0.733
谈言微中	pos	0.733
蓬勃向上	pos	0.733
矮子看戏	neg	0.733
快慰	pos	0.733
怡然自得	pos	0.733
捧檄色喜	pos	0.733
鼓腹讴歌	pos	0.733
乐而忘返	pos	0.733
赏心乐事	pos	0.733
打成一片	pos	0.733
粲然	pos	0.733
哄笑	neg	0.733
喜眉笑眼	pos	0.733
鼓歌载舞	pos	0.733
又红又专	pos	0.733
报捷	pos	0.733
叫好	pos	0.733
柔情似水	pos	0.733
承蒙	pos	0.733
从谏如流	pos	0.733
婉顺	pos	0.733
绰有余裕	pos	0.733
不分畛域	pos	0.733
热情	pos	0.733
踔厉	pos	0.733
全始全终	pos	0.733
豪言壮语	pos	0.733
丰富多彩	pos	0.733
美观	pos	0.733
能手	pos	0.733
明丽	pos	0.733
妖娆	pos	0.733
勤学好问	pos	0.733
下笔成章	pos	0.733
渊博	pos	0.733
和善	pos	0.733
红心	pos	0.733
淳厚	pos	0.733
刚健	pos	0.733
恢廓	pos	0.733
正气	pos	0.733
文气	pos	0.733
飘逸	pos	0.733
讲信修睦	pos	0.733
祝哽视噎	pos	0.733
一清二楚	pos	0.733
短平快	pos	0.733
不徇私情	pos	0.733
称誉	pos	0.733
韶秀	pos	0.733
妩媚	pos	0.733
反腐倡廉	pos	0.733
清清白白	pos	0.733
醇雅	pos	0.733
真金不怕火炼	pos	0.733
高强	pos	0.733
别有风味	pos	0.733
绘影绘色	pos	0.733
过硬	pos	0.733
上乘	pos	0.733
宝典	pos	0.733
耍态度	neg	0.733
髀肉复生	neg	0.733
臭味相投	neg	0.733
欺世盗名	neg	0.733
惟利是图	neg	0.733
轻侮	neg	0.733
人言啧啧	neg	0.733
夜叉	neg	0.733
訾议	neg	0.733
不死不活	neg	0.733
问心有愧	neg	0.733
亏心	neg	0.733
仓卒从事	neg	0.733
谤毁	neg	0.733
风调雨顺	pos	0.733
黄金时代	pos	0.733
暖衣饱食	pos	0.733
物阜民康	pos	0.733
昏天暗地	neg	0.733
惩恶劝善	pos	0.733
邪不压正	pos	0.733
举贤任能	pos	0.733
窃据要津	neg	0.733
欺人以方	neg	0.733
草间求活	neg	0.733
墨迹未干	neg	0.733
厉行节约	pos	0.733
锦衣玉食	neg	0.733
自成一家	pos	0.733
冻解冰释	pos	0.733
应付自如	pos	0.733
高歌猛进	pos	0.733
木人石心	pos	0.733
脆而不坚	neg	0.733
以管窥天	neg	0.733
再三再四	neg	0.733
风流罪过	neg	0.733
不露斤斧	pos	0.733
镂月裁云	pos	0.733
运斤成风	pos	0.733
鸟枪换炮	pos	0.733
积厚流广	pos	0.733
终非池中物	pos	0.733
降龙伏虎	pos	0.733
以水救水	neg	0.733
含垢忍辱	pos	0.733
本性难移	neg	0.733
鱼龙曼衍	neg	0.733
论甘忌辛	neg	0.733
舞文弄墨	neg	0.733
蹈人旧辙	neg	0.733
泥古非今	neg	0.733
酒色财气	neg	0.733
五世同堂	pos	0.733
二竖之顽	neg	0.733
身价百倍	pos	0.733
吐属不凡	pos	0.733
能言善辩	pos	0.733
欺人之谈	neg	0.733
语无伦次	neg	0.733
浮语虚词	neg	0.733
夸大其词	neg	0.733
贫嘴贱舌	neg	0.733
呶呶不休	neg	0.733
将心比心	pos	0.733
闻一知十	pos	0.733
豁然贯通	pos	0.733
茅塞顿开	pos	0.733
真相大白	pos	0.733
三灾八难	neg	0.733
家给人足	pos	0.733
调三窝四	neg	0.733
俾昼作夜	neg	0.733
桀骜不驯	neg	0.733
悖入悖出	neg	0.733
暗弱无断	neg	0.733
傲雪欺霜	pos	0.733
汤池铁城	pos	0.733
常备不懈	pos	0.733
枕戈待敌	pos	0.733
当断不断	neg	0.733
狐埋狐搰	neg	0.733
寸量铢称	neg	0.733
动辄得咎	neg	0.733
素口骂人	neg	0.733
推波作浪	neg	0.733
耳视目食	neg	0.733
势不俱栖	neg	0.733
心腹之患	neg	0.733
束手就擒	neg	0.733
矫枉过正	neg	0.733
今非昔比	pos	0.733
望文生义	neg	0.733
冒名顶替	neg	0.733
柔茹刚吐	neg	0.733
袍笏登场	neg	0.733
惹祸招灾	neg	0.733
招是惹非	neg	0.733
春蚕自缚	neg	0.733
谏争如流	pos	0.733
孤行几见	neg	0.733
敷衍了事	neg	0.733
陶陶兀兀	neg	0.733
春意盎然	pos	0.733
鱼米之乡	pos	0.733
茂林修竹	pos	0.733
五彩缤纷	pos	0.733
举鼎绝膑	neg	0.733
一日之长	pos	0.733
八斗才	pos	0.733
初露锋芒	pos	0.733
奇才异能	pos	0.733
蟪蛄不知春秋	neg	0.733
吴下阿蒙	neg	0.733
夏虫不可以语冰	neg	0.733
烈火见真金	pos	0.733
操刀伤锦	neg	0.733
志大才疏	neg	0.733
土牛石田	neg	0.733
贼人胆虚	neg	0.733
眉目如画	pos	0.733
陶然而醉	pos	0.733
大家闺秀	pos	0.733
严师出高徒	pos	0.733
自力更生	pos	0.733
一举两得	pos	0.733
不知肉味	pos	0.733
德才兼备	pos	0.733
南金东箭	pos	0.733
思如涌泉	pos	0.733
倚马可待	pos	0.733
仙露明珠	pos	0.733
羽扇纶巾	pos	0.733
扫眉才子	pos	0.733
无偏无党	pos	0.733
执法如山	pos	0.733
操刀必割	pos	0.733
云起龙骧	pos	0.733
迎头痛击	pos	0.733
冲坚毁锐	pos	0.733
燎发摧枯	pos	0.733
笃志好学	pos	0.733
勤学苦练	pos	0.733
琼浆玉液	pos	0.733
好戴高帽	neg	0.733
蹉跎自误	neg	0.733
披头散发	neg	0.733
宝山空回	neg	0.733
残兵败将	neg	0.733
碌碌无能	neg	0.733
不齿于人	neg	0.733
一口吸尽西江水	neg	0.733
负薪救火	neg	0.733
一窍不通	neg	0.733
暗送秋波	pos	0.733
望风承旨	neg	0.733
披枷带锁	neg	0.733
投机取巧	neg	0.733
因循坐误	neg	0.733
血流成河	neg	0.733
废话连篇	neg	0.733
长枕大被	pos	0.733
绾角弟兄	pos	0.733
总角之交	pos	0.733
百年偕老	pos	0.733
琴瑟和同	pos	0.733
满城风雨	neg	0.733
夺胎换骨	pos	0.733
口不应心	neg	0.733
奋勇直前	pos	0.733
士为知己者死	pos	0.733
绝少分甘	pos	0.733
乌鸟私情	pos	0.733
敬恭桑梓	pos	0.733
雕虫小技	neg	0.733
昂头天外	neg	0.733
伐功矜能	neg	0.733
倔强倨傲	neg	0.733
自恃其才	neg	0.733
规求无度	neg	0.733
故步自封	neg	0.733
得陇望蜀	neg	0.733
自鸣得意	neg	0.733
谩骂	neg	0.733
黔驴技穷	neg	0.733
巧言令色	neg	0.733
文抄公	neg	0.733
趾高气扬	neg	0.733
失节	neg	0.733
怯弱	neg	0.733
翘尾巴	neg	0.733
好为人师	neg	0.733
一把死拿	neg	0.733
粗笨	neg	0.733
拙笨	neg	0.733
佻达	neg	0.733
丢三落四	neg	0.733
耍奸	neg	0.733
私利	neg	0.733
不可救药	neg	0.733
一失足成千古恨	neg	0.733
置身事外	neg	0.733
坐视不救	neg	0.733
大权独揽	neg	0.733
步人后尘	neg	0.733
讥诮	neg	0.733
戴高帽子	neg	0.733
断章取义	neg	0.733
瞎子摸象	neg	0.733
狐死首丘	pos	0.733
别才	pos	0.733
才俊	pos	0.733
操劳	pos	0.733
谗言	neg	0.733
超擢	pos	0.733
成器	pos	0.733
丑史	neg	0.733
驰骋	pos	0.733
穿窬	neg	0.733
盗劫	neg	0.733
贵宾	pos	0.733
国优	pos	0.733
敌伪	neg	0.733
玷辱	neg	0.733
冬烘	neg	0.733
毒犯	neg	0.733
独霸	neg	0.733
讹赖	neg	0.733
犯忌	neg	0.733
贩毒	neg	0.733
放毒	neg	0.733
非难	neg	0.733
拐带	neg	0.733
官迷	neg	0.733
惯纵	neg	0.733
淳美	pos	0.733
慈亲	pos	0.733
打拱	pos	0.733
大吉	pos	0.733
横祸	neg	0.733
后台	neg	0.733
虎视	neg	0.733
豢养	neg	0.733
活宝	pos	0.733
鼎助	pos	0.733
笃志	pos	0.733
发愤	pos	0.733
芳邻	pos	0.733
纷华	pos	0.733
富贵	pos	0.733
感染力	pos	0.733
刚勇	pos	0.733
高迈	pos	0.733
捞取	neg	0.733
蟊贼	neg	0.733
蒙事	neg	0.733
灭迹	neg	0.733
工细	pos	0.733
公心	pos	0.733
谋私	neg	0.733
拿乔	neg	0.733
好使	pos	0.733
剽袭	neg	0.733
骑墙	neg	0.733
抢掠	neg	0.733
亨通	pos	0.733
红运	pos	0.733
厚谊	pos	0.733
挥洒	pos	0.733
活气	pos	0.733
机灵鬼	pos	0.733
吉日	pos	0.733
取巧	neg	0.733
铩羽	neg	0.733
蚀本	neg	0.733
贪墨	neg	0.733
添堵	neg	0.733
妄说	neg	0.733
微贱	neg	0.733
瞎吹	neg	0.733
现臭	neg	0.733
懈弛	neg	0.733
虚谎	neg	0.733
虚言	neg	0.733
葊陋	neg	0.733
妖怪	neg	0.733
异说	neg	0.733
阴私	neg	0.733
淫贱	neg	0.733
庸医	neg	0.733
右倾	neg	0.733
迂儒	neg	0.733
愚儒	neg	0.733
钦羡	pos	0.733
勤劬	pos	0.733
越境	neg	0.733
大爷	neg	0.733
刚直	pos	0.733
掉以轻心	neg	0.733
俊秀	pos	0.733
智谋	pos	0.733
结实	pos	0.733
冷言冷语	neg	0.733
金玉满堂	pos	0.733
缩头缩脑	neg	0.733
乖戾	neg	0.733
灵通	pos	0.733
矫健	pos	0.733
水中捞月	neg	0.733
真心实意	pos	0.733
俗套	neg	0.733
叠床架屋	neg	0.733
直性子	pos	0.733
人云亦云	neg	0.733
四平八稳	pos	0.733
划一不二	neg	0.733
官官相护	neg	0.733
舒展	pos	0.733
朴质	pos	0.733
自诩	neg	0.733
粗犷	pos	0.733
蹉跎	neg	0.733
天昏地暗	neg	0.733
遭劫	neg	0.733
蛀虫	neg	0.733
奖掖	pos	0.733
祝愿	pos	0.733
不简单	pos	0.733
嗟来之食	neg	0.733
插翅难飞	neg	0.733
青皮	neg	0.733
荣任	pos	0.733
于飞	pos	0.733
玉碎	pos	0.733
知遇	pos	0.733
灾年	neg	0.733
遭灾	neg	0.733
躁急	neg	0.733
贼骨头	neg	0.733
遮丑	neg	0.733
指使	neg	0.733
致使	neg	0.733
清扬	pos	0.733
轻妙	pos	0.733
琼瑶	pos	0.733
仁德	pos	0.733
柔曼	pos	0.733
软语	pos	0.733
森森	pos	0.733
深通	pos	0.733
盛会	pos	0.733
盛筵	pos	0.733
帅气	pos	0.733
转嫁	neg	0.733
恣纵	neg	0.733
嘴硬	neg	0.733
坐食	neg	0.733
通人	pos	0.733
蓊勃	pos	0.733
稀珍	pos	0.733
仙境	pos	0.733
鲜嫩	pos	0.733
显豁	pos	0.733
祥瑞	pos	0.733
偕老	pos	0.733
新雅	pos	0.733
欣悦	pos	0.733
及时雨	pos	0.733
秀慧	pos	0.733
栩栩	pos	0.733
绚烂	pos	0.733
雅爱	pos	0.733
雅士	pos	0.733
严慈	pos	0.733
艳冶	pos	0.733
怡乐	pos	0.733
茵茵	pos	0.733
英爽	pos	0.733
硬手	pos	0.733
优待	pos	0.733
幽婉	pos	0.733
有动	pos	0.733
愉乐	pos	0.733
煜煜	pos	0.733
佳品	pos	0.733
见解	pos	0.733
健实	pos	0.733
教化	pos	0.733
金口	pos	0.733
锃亮	pos	0.733
至友	pos	0.733
姿容	pos	0.733
进贤	pos	0.733
精到	pos	0.733
精壮	pos	0.733
经用	pos	0.733
竞秀	pos	0.733
弇陋	neg	0.733
有心眼	pos	0.733
不力	neg	0.733
粗拙	neg	0.733
大摇大摆	neg	0.733
等外	neg	0.733
够戗	neg	0.733
后患无穷	neg	0.733
忠贞不渝	pos	0.733
呱呱叫	pos	0.733
贬斥	neg	0.733
吃错药	neg	0.733
烦愁	neg	0.733
费神	neg	0.733
顾虑重重	neg	0.733
喝斥	neg	0.733
困迫	pos	0.733
骂大街	neg	0.733
穷极无聊	neg	0.733
疑虑重重	neg	0.733
蔼然可亲	pos	0.733
骄傲自满	neg	0.733
表里一致	pos	0.733
秉持公正	pos	0.733
博闻	pos	0.733
不卑不亢	pos	0.733
朝气勃勃	pos	0.733
赤胆	pos	0.733
累牍连篇	neg	0.733
盲人瞎马	neg	0.733
奶声奶气	pos	0.733
缺乏绅士风度	neg	0.733
软弱无力	neg	0.733
刚直不阿	pos	0.733
高雅简朴	pos	0.733
耿介不阿	pos	0.733
国泰民安	pos	0.733
爽目	pos	0.733
守时间	pos	0.733
实实在在	pos	0.733
深透	pos	0.733
见微知著	pos	0.733
锦簇花团	pos	0.733
精神焕发	pos	0.733
景色优美	pos	0.733
举止文雅	pos	0.733
俊美	pos	0.733
俏皮	pos	0.733
灵透	pos	0.733
有眉目	pos	0.733
落拓不羁	neg	0.733
目光如炬	pos	0.733
哀感顽艳	pos	0.733
父母国	pos	0.733
潮乎乎	neg	0.733
欢畅	pos	0.733
香泽	pos	0.733
知足常乐	pos	0.733
喜笑盈腮	pos	0.733
尽欢而散	pos	0.733
酒酣耳热	pos	0.733
笑颜	pos	0.733
热情洋溢	pos	0.733
爱悦	pos	0.733
可心	pos	0.733
珍视	pos	0.733
友谊	pos	0.733
有过之而无不及	pos	0.733
先行者	pos	0.733
亮节高风	pos	0.733
拜候	pos	0.733
拜望	pos	0.733
一方平安	pos	0.733
安居	pos	0.733
抱负	pos	0.733
持之以恒	pos	0.733
刻苦	pos	0.733
沉毅	pos	0.733
秀丽	pos	0.733
华美	pos	0.733
矜持	pos	0.733
鹏程万里	pos	0.733
谦虚	pos	0.733
勤快	pos	0.733
任人唯贤	pos	0.733
尊老爱幼	pos	0.733
孝子贤孙	pos	0.733
海涵	pos	0.733
异彩	pos	0.733
赞佩	pos	0.733
仗义执言	pos	0.733
贤德	pos	0.733
贤惠	pos	0.733
磊落	pos	0.733
爽气	pos	0.733
浑朴	pos	0.733
好说话	pos	0.733
宽宏	pos	0.733
傲骨	pos	0.733
英气	pos	0.733
深挚	pos	0.733
披胆	pos	0.733
中允	pos	0.733
圆通	pos	0.733
雄威	pos	0.733
安分守己	pos	0.733
俭省	pos	0.733
端重	pos	0.733
团队精神	pos	0.733
情面难却	pos	0.733
真情实意	pos	0.733
千恩万谢	pos	0.733
清丽	pos	0.733
矫捷	pos	0.733
群英	pos	0.733
公正无私	pos	0.733
枵腹从公	pos	0.733
解救	pos	0.733
叹赏	pos	0.733
光彩夺目	pos	0.733
多姿	pos	0.733
清廉	pos	0.733
清正	pos	0.733
雅俗	pos	0.733
玉洁冰清	pos	0.733
国富民安	pos	0.733
准确无误	pos	0.733
有目共赏	pos	0.733
谐美	pos	0.733
昂然	pos	0.733
啧有烦言	neg	0.733
一刀两段	neg	0.733
芝焚蕙叹	pos	0.733
尽付东流	neg	0.733
任重道远	pos	0.733
跋扈	neg	0.733
欺负	neg	0.733
扬言	neg	0.733
残毒	neg	0.733
姘头	neg	0.733
坏东西	neg	0.733
地痞	neg	0.733
不逞之徒	neg	0.733
雌老虎	neg	0.733
长舌妇	neg	0.733
残虐	neg	0.733
羊落虎口	neg	0.733
今仇古恨	neg	0.733
贫苦	neg	0.733
不知所以	neg	0.733
愧痛	neg	0.733
井底捞月	neg	0.733
犯红眼病	neg	0.733
八面光	neg	0.733
抱残守缺	neg	0.733
陈词滥调	neg	0.733
海不波溢	pos	0.733
民和年丰	pos	0.733
民生凋敝	neg	0.733
陶情养性	pos	0.733
珊瑚在网	pos	0.733
独当一面	pos	0.733
拱揖指挥	pos	0.733
胸无宿物	pos	0.733
久假不归	neg	0.733
别出机杼	pos	0.733
不召而来	pos	0.733
负俗之累	neg	0.733
进退狼狈	neg	0.733
枯鱼之肆	neg	0.733
以升量石	neg	0.733
苦乐不均	neg	0.733
众寡不敌	neg	0.733
计深虑远	pos	0.733
升高自下	pos	0.733
畏缩不前	neg	0.733
回寒倒冷	neg	0.733
千虑一失	neg	0.733
左提右挈	pos	0.733
管止神行	pos	0.733
心手相应	pos	0.733
遍地开花	pos	0.733
移山倒海	pos	0.733
赏罚不明	neg	0.733
诗礼之家	pos	0.733
赏罚无章	neg	0.733
病入膏肓	neg	0.733
孤行吊影	neg	0.733
立身扬名	pos	0.733
名重一时	pos	0.733
弄嘴弄舌	neg	0.733
空头支票	neg	0.733
不得善终	neg	0.733
铭感不忘	pos	0.733
莫予毒也	neg	0.733
挟长挟贵	neg	0.733
八砖学士	neg	0.733
无妄之灾	neg	0.733
堆金积玉	pos	0.733
风清月白	pos	0.733
鳞次栉比	pos	0.733
攀高接贵	neg	0.733
晚食当肉	pos	0.733
流言惑众	neg	0.733
造谣生事	neg	0.733
搬弄是非	neg	0.733
言三语四	neg	0.733
独夫民贼	neg	0.733
任人宰割	neg	0.733
兵精粮足	pos	0.733
兵临城下	neg	0.733
俯首听命	neg	0.733
仰人鼻息	neg	0.733
守钱虏	neg	0.733
装疯卖傻	neg	0.733
越扶越醉	neg	0.733
暴虎冯河	neg	0.733
暮夜无知	neg	0.733
舍本事末	neg	0.733
欺良压善	neg	0.733
败军之将	neg	0.733
呼朋引类	neg	0.733
拖人下水	neg	0.733
引水入墙	neg	0.733
推三阻四	neg	0.733
包打天下	neg	0.733
金龟换酒	pos	0.733
春暖花开	pos	0.733
柳暗花明	pos	0.733
火树银花	pos	0.733
虎头虎脑	pos	0.733
打草惊蛇	neg	0.733
拿糖作醋	neg	0.733
深图密虑	pos	0.733
文才武略	pos	0.733
崭露头角	pos	0.733
大方之家	pos	0.733
观于海者难为水	pos	0.733
井底之蛙	neg	0.733
平步青云	pos	0.733
土鸡瓦犬	neg	0.733
一纸空文	neg	0.733
对酒当歌	pos	0.733
生死不二	pos	0.733
乐道安贫	pos	0.733
割股之心	pos	0.733
独步一时	pos	0.733
名士风流	pos	0.733
靡颜腻理	pos	0.733
星眸皓齿	pos	0.733
知恩报恩	pos	0.733
推诚相见	pos	0.733
直到事人	pos	0.733
改天换地	pos	0.733
雅量豁然	pos	0.733
箭不虚发	pos	0.733
骁勇善战	pos	0.733
教导有方	pos	0.733
改过迁善	pos	0.733
洗心换骨	pos	0.733
阿谀顺旨	neg	0.733
妨功害能	neg	0.733
绣花枕头	neg	0.733
不舞之鹤	neg	0.733
朽木不雕	neg	0.733
鼠窃狗盗	neg	0.733
以狸饵鼠	neg	0.733
袭人故技	neg	0.733
反裘负刍	neg	0.733
谄上抑下	neg	0.733
一簧两舌	neg	0.733
羞与为伍	neg	0.733
不安于室	neg	0.733
傅粉何郎	pos	0.733
因小失大	neg	0.733
囫囵吞枣	neg	0.733
不同流俗	pos	0.733
白黑分明	pos	0.733
班师回朝	pos	0.733
五车书	pos	0.733
正心诚意	pos	0.733
小廉曲谨	pos	0.733
安危与共	pos	0.733
大杖则走	pos	0.733
程门立雪	pos	0.733
朝闻夕改	pos	0.733
管窥之见	neg	0.733
傲贤慢士	neg	0.733
骄兵必败	neg	0.733
争权夺利	neg	0.733
买空卖空	neg	0.733
赞一个	pos	0.733
拉后腿	neg	0.733
利令智昏	neg	0.733
倒胃口	neg	0.733
碎嘴子	neg	0.733
熟视无睹	neg	0.733
无所用心	neg	0.733
骄气	neg	0.733
至死不悟	neg	0.733
滑头滑脑	neg	0.733
横蛮	neg	0.733
摆架子	neg	0.733
率尔	neg	0.733
不知死活	neg	0.733
朝秦暮楚	neg	0.733
离格	neg	0.733
欺上瞒下	neg	0.733
诱拐	neg	0.733
一言堂	neg	0.733
固步自封	neg	0.733
讪笑	neg	0.733
看财奴	neg	0.733
漫骂	neg	0.733
喜新厌旧	neg	0.733
点头哈腰	neg	0.733
浮浅	neg	0.733
败子	neg	0.733
赖皮	neg	0.733
秉直	pos	0.733
博览	pos	0.733
才调	pos	0.733
才思	pos	0.733
畅游	pos	0.733
沉雄	pos	0.733
仇隙	neg	0.733
纯贞	pos	0.733
篡国	neg	0.733
倒灶	neg	0.733
瑰奇	pos	0.733
国粹	pos	0.733
国手	pos	0.733
毒草	neg	0.733
毒素	neg	0.733
堵心	neg	0.733
恶声	neg	0.733
犯罪	neg	0.733
匪帮	neg	0.733
废人	neg	0.733
粪土	neg	0.733
惯窃	neg	0.733
慈蔼	pos	0.733
大幸	pos	0.733
胆识	pos	0.733
鬼胎	neg	0.733
得行	pos	0.733
含冤	neg	0.733
秽闻	neg	0.733
混混儿	neg	0.733
奸徒	neg	0.733
狡赖	neg	0.733
纠集	neg	0.733
苛政	neg	0.733
笃守	pos	0.733
肥美	pos	0.733
甘旨	pos	0.733
刚气	pos	0.733
稂莠	neg	0.733
勒逼	neg	0.733
冷箭	neg	0.733
流寇	neg	0.733
骂名	neg	0.733
魔掌	neg	0.733
公评	pos	0.733
拱服	pos	0.733
赔帐	neg	0.733
泼皮	neg	0.733
乞降	neg	0.733
谴谪	neg	0.733
虎威	pos	0.733
徽号	pos	0.733
机断	pos	0.733
权门	neg	0.733
烧包	neg	0.733
神伤	neg	0.733
受屈	neg	0.733
私弊	neg	0.733
死党	pos	0.733
嗒丧	neg	0.733
傥荡	neg	0.733
套话	neg	0.733
铜臭	neg	0.733
头子	neg	0.733
土匪	neg	0.733
退坡	neg	0.733
顽敌	neg	0.733
妄念	neg	0.733
芜鄙	neg	0.733
罅漏	neg	0.733
险兆	neg	0.733
效颦	neg	0.733
胁从	neg	0.733
凶器	neg	0.733
凶宅	neg	0.733
虚设	neg	0.733
炫惑	neg	0.733
仰攀	neg	0.733
妖物	neg	0.733
遗祸	neg	0.733
臆造	neg	0.733
阴晦	neg	0.733
淫风	neg	0.733
淫逸	neg	0.733
营私	neg	0.733
忧患	neg	0.733
诱发	neg	0.733
迂阔	neg	0.733
郁怒	neg	0.733
冤结	neg	0.733
冤头	neg	0.733
元恶	neg	0.733
怨苦	neg	0.733
勤敏	pos	0.733
灾病	neg	0.733
永恒	pos	0.733
老古董	neg	0.733
名不虚传	pos	0.733
自是	neg	0.733
见识	pos	0.733
不念旧恶	pos	0.733
金针	pos	0.733
三朝元老	pos	0.733
假意	neg	0.733
花团锦簇	pos	0.733
敷衍	neg	0.733
表率	pos	0.733
吐气扬眉	pos	0.733
如臂使指	pos	0.733
点火	neg	0.733
舍己为人	pos	0.733
挑唆	neg	0.733
廉政勤政	pos	0.733
锐利	pos	0.733
雅正	pos	0.733
周全	pos	0.733
多姿多彩	pos	0.733
妖冶	neg	0.733
巍峨	pos	0.733
朝三暮四	neg	0.733
磨杵成针	pos	0.733
纯朴	pos	0.733
抖搂	neg	0.733
沁人心脾	pos	0.733
豪放	pos	0.733
利害	pos	0.733
大智若愚	pos	0.733
烈士	pos	0.733
追求	pos	0.733
灾殃	neg	0.733
糟朽	neg	0.733
遭罪	neg	0.733
造孽	neg	0.733
贼窝	neg	0.733
清俊	pos	0.733
支使	neg	0.733
清逸	pos	0.733
遒媚	pos	0.733
仁惠	pos	0.733
柔美	pos	0.733
瑞气	pos	0.733
森郁	pos	0.733
盛举	pos	0.733
爽畅	pos	0.733
滋蔓	neg	0.733
自居	neg	0.733
走过场	neg	0.733
坐守	neg	0.733
威名	pos	0.733
蓊郁	pos	0.733
喜报	pos	0.733
先导	pos	0.733
鲜润	pos	0.733
骁悍	pos	0.733
新颜	pos	0.733
欣跃	pos	0.733
极顶	pos	0.733
势成骑虎	neg	0.733
秀劲	pos	0.733
煦暖	pos	0.733
雪亮	pos	0.733
雅饬	pos	0.733
雅玩	pos	0.733
燕尔	pos	0.733
怡神	pos	0.733
义士	pos	0.733
英才	pos	0.733
英挺	pos	0.733
顶礼膜拜	pos	0.733
优抚	pos	0.733
幽娴	pos	0.733
有缘	pos	0.733
腴润	pos	0.733
渊深	pos	0.733
坚确	pos	0.733
拍案叫绝	pos	0.733
人心大快	pos	0.733
娇婉	pos	0.733
牛气	pos	0.733
金瓯	pos	0.733
竹篮子打水一场空	neg	0.733
真知	pos	0.733
知心	pos	0.733
至当	pos	0.733
制胜	pos	0.733
忠骨	pos	0.733
珠玑	pos	0.733
壮行	pos	0.733
姿色	pos	0.733
精熟	pos	0.733
就义	pos	0.733
眷顾	pos	0.733
梼昧	neg	0.733
不成器	neg	0.733
不得劲	neg	0.733
知书识礼	pos	0.733
不痛不痒	neg	0.733
死得其所	pos	0.733
长篇累牍	neg	0.733
村气	neg	0.733
济困扶危	pos	0.733
象样	pos	0.733
含含混混	neg	0.733
豪侈	neg	0.733
智慧型	pos	0.733
忠良	pos	0.733
逍遥自在	pos	0.733
瑕不掩瑜	pos	0.733
霁月光风	pos	0.733
戳脊梁骨	neg	0.733
烦腻	neg	0.733
鄙弃	neg	0.733
心灰意懒	neg	0.733
舟中敌国	neg	0.733
安如泰山	pos	0.733
饱学	pos	0.733
鞭辟近里	pos	0.733
耳报神	neg	0.733
出手不凡	pos	0.733
老赶	neg	0.733
零七八碎	neg	0.733
落俗套	neg	0.733
名义上	neg	0.733
官倒	neg	0.733
甘服	pos	0.733
缺乏才智	neg	0.733
傻里瓜唧	neg	0.733
后生可畏	pos	0.733
实实惠惠	pos	0.733
见微知萌	pos	0.733
柔中有刚	pos	0.733
绝了	pos	0.733
开拓型	pos	0.733
明睿	pos	0.733
目光远大	pos	0.733
江山如画	pos	0.733
授人以柄	neg	0.733
乐滋滋	pos	0.733
开怀	pos	0.733
中意	pos	0.733
眉飞色舞	pos	0.733
拍手称快	pos	0.733
喜逐颜开	pos	0.733
轻暖	pos	0.733
喜色	pos	0.733
喜笑盈思	pos	0.733
甜爽	pos	0.733
辛劳	pos	0.733
推尊	pos	0.733
沁人肺腑	pos	0.733
五体投地	pos	0.733
拜会	pos	0.733
于心无愧	pos	0.733
眼巴巴	neg	0.733
脏乎乎	neg	0.733
有始有终	pos	0.733
刚强	pos	0.733
眉清目秀	pos	0.733
雅趣	pos	0.733
朝气蓬勃	pos	0.733
秀美	pos	0.733
气节	pos	0.733
勤劳	pos	0.733
尊师重教	pos	0.733
仗义	pos	0.733
突飞猛进	pos	0.733
无坚不摧	pos	0.733
阔达	pos	0.733
感佩	pos	0.733
朝气	pos	0.733
贞烈	pos	0.733
爽利	pos	0.733
冰清玉洁	pos	0.733
思恋	pos	0.733
敦实	pos	0.733
一身是胆	pos	0.733
博学	pos	0.733
谦抑	pos	0.733
丹忱	pos	0.733
刚烈	pos	0.733
公平合理	pos	0.733
风雅	pos	0.733
沉稳	pos	0.733
得当	pos	0.733
吊死问疾	pos	0.733
情深意重	pos	0.733
知情达理	pos	0.733
沁入肺腑	pos	0.733
敦厚	pos	0.733
诚笃	pos	0.733
飞针走线	pos	0.733
志士	pos	0.733
涓滴归公	pos	0.733
称赏	pos	0.733
礼赞	pos	0.733
灵秀	pos	0.733
壮伟	pos	0.733
繁花似锦	pos	0.733
见危授命	pos	0.733
廉正	pos	0.733
坚如磐石	pos	0.733
国富民强	pos	0.733
毫厘不爽	pos	0.733
郁愤	neg	0.733
货真价实	pos	0.733
拔尖	pos	0.733
独秀一枝	pos	0.733
繁丽	pos	0.733
金城汤池	pos	0.733
备至	pos	0.733
怨声载道	neg	0.733
朽木死灰	neg	0.733
豺狼	neg	0.733
负隅顽抗	neg	0.733
狞笑	neg	0.733
歪门邪道	neg	0.733
为非作歹	neg	0.733
卑俗	neg	0.733
摧残	neg	0.733
地头蛇	neg	0.733
佞人	neg	0.733
诬蔑	neg	0.733
藏奸	neg	0.733
惘然若失	neg	0.733
不遂	neg	0.733
红眼病	neg	0.733
一暴十寒	neg	0.733
人丁兴旺	pos	0.733
海晏河清	pos	0.733
民殷国富	pos	0.733
唐虞之治	pos	0.733
地狱变相	neg	0.733
人间地狱	neg	0.733
拨乱反正	pos	0.733
思贤如渴	pos	0.733
满腹经纶	pos	0.733
别出心裁	pos	0.733
因事制宜	pos	0.733
众寡悬殊	neg	0.733
万全之策	pos	0.733
鬼设神施	pos	0.733
熟能生巧	pos	0.733
雷霆万钧	pos	0.733
深闭固拒	neg	0.733
一狐之腋	pos	0.733
遗老遗少	neg	0.733
赏不遗贱	pos	0.733
书香门第	pos	0.733
形锁骨立	neg	0.733
谈笑而道	pos	0.733
口惠而实不至	neg	0.733
凿空之论	neg	0.733
出言不逊	neg	0.733
告往知来	pos	0.733
浮生若梦	neg	0.733
欺大压小	neg	0.733
倚财仗势	neg	0.733
丰衣足食	pos	0.733
风清月皎	pos	0.733
琼楼玉宇	pos	0.733
赤舌烧城	neg	0.733
向壁虚造	neg	0.733
置之死地而后快	neg	0.733
听天任命	neg	0.733
听人穿鼻	neg	0.733
观望不前	neg	0.733
日月重光	pos	0.733
招权纳贿	neg	0.733
项背相望	neg	0.733
欲盖弥彰	neg	0.733
前挽后推	neg	0.733
肆言如狂	neg	0.733
伴食宰相	neg	0.733
狐朋狗党	neg	0.733
惹祸招愆	neg	0.733
招风揽火	neg	0.733
委过于人	neg	0.733
独行其是	neg	0.733
草草了事	neg	0.733
私相授受	neg	0.733
秋高气爽	pos	0.733
形胜之地	pos	0.733
琪华瑶草	pos	0.733
光彩射人	pos	0.733
仗马寒蝉	neg	0.733
狗急跳墙	neg	0.733
盘马弯弓	neg	0.733
算无遗策	pos	0.733
武艺超群	pos	0.733
左宜右有	pos	0.733
被褐怀玉	pos	0.733
锥处囊中	pos	0.733
管窥筐举	neg	0.733
土龙刍狗	neg	0.733
银样镴枪头	neg	0.733
跛鳖千里	pos	0.733
鸡鸣而起	pos	0.733
闻鸡起舞	pos	0.733
坐以待旦	pos	0.733
妙手回春	pos	0.733
一表人才	pos	0.733
知恩必报	pos	0.733
危言谠论	pos	0.733
直节劲气	pos	0.733
以直报怨	pos	0.733
怯防勇战	pos	0.733
坚甲利兵	pos	0.733
洗心自新	pos	0.733
阿尊事贵	neg	0.733
肥头大耳	neg	0.733
龙蟠凤逸	neg	0.733
兵败将亡	neg	0.733
片甲不存	neg	0.733
一之谓甚	neg	0.733
衣架饭囊	neg	0.733
朽木粪土	neg	0.733
何所不为	neg	0.733
妖魔鬼怪	neg	0.733
泼油救火	neg	0.733
缘木求鱼	neg	0.733
承颜候色	neg	0.733
末学肤受	neg	0.733
一叶蔽目	neg	0.733
好肉剜疮	neg	0.733
以指浇沸	neg	0.733
自讨苦吃	neg	0.733
藏龙卧虎	pos	0.733
兰因絮果	neg	0.733
刀头舔蜜	neg	0.733
附庸风雅	neg	0.733
分甘共苦	pos	0.733
冬温夏清	pos	0.733
德薄才疏	neg	0.733
见笑大方	neg	0.733
贻笑大方	neg	0.733
矜才使气	neg	0.733
东食西宿	neg	0.733
谩上不谩下	neg	0.733
弓虽	pos	0.733
你丫	neg	0.733
挑三拣四	neg	0.733
无风生浪	neg	0.733
要挟	neg	0.733
狡兔三窟	neg	0.733
不自量	neg	0.733
傲气	neg	0.733
乖刺	neg	0.733
顺风转舵	neg	0.733
强横	neg	0.733
佻薄	neg	0.733
瞒哄	neg	0.733
一手遮天	neg	0.733
故弄玄虚	neg	0.733
胆小鬼	neg	0.733
投机主义	neg	0.733
独断独行	neg	0.733
蹈常袭故	neg	0.733
兔子尾巴长不了	neg	0.733
嗤笑	neg	0.733
铁公鸡	neg	0.733
谄谀	neg	0.733
曲意奉承	neg	0.733
没脸	neg	0.733
喜讯	pos	0.733
璧还	pos	0.733
博洽	pos	0.733
才分	pos	0.733
才望	pos	0.733
谗害	neg	0.733
沉勇	pos	0.733
叱呵	neg	0.733
丑类	neg	0.733
乘龙	pos	0.733
创见	pos	0.733
纯挚	pos	0.733
篡权	neg	0.733
酣醉	pos	0.733
敌探	neg	0.733
毒刑	neg	0.733
恶俗	neg	0.733
非笑	neg	0.733
匪患	neg	0.733
负屈	neg	0.733
构陷	neg	0.733
惯偷	neg	0.733
淳风	pos	0.733
慈慧	pos	0.733
辞宗	pos	0.733
淡远	pos	0.733
鬼物	neg	0.733
汗颜	neg	0.733
秽语	neg	0.733
惑乱	neg	0.733
挤轧	neg	0.733
奸细	neg	0.733
懂门儿	pos	0.733
愦乱	neg	0.733
端凝	pos	0.733
风节	pos	0.733
刚韧	pos	0.733
勒派	neg	0.733
凌侮	neg	0.733
漏卮	neg	0.733
乱离	neg	0.733
明抢	neg	0.733
魔爪	neg	0.733
工巧	pos	0.733
拱立	pos	0.733
捏弄	neg	0.733
弄权	neg	0.733
攀附	neg	0.733
喷粪	neg	0.733
皮脸	neg	0.733
偏安	neg	0.733
叵测	neg	0.733
欺辱	neg	0.733
启衅	neg	0.733
挥戈	pos	0.733
惠然	pos	0.733
趋奉	neg	0.733
折本	neg	0.733
受贿	neg	0.733
受辱	neg	0.733
死地	neg	0.733
损人	neg	0.733
贪官	neg	0.733
套汇	neg	0.733
跳梁	neg	0.733
偷安	neg	0.733
土豪	neg	0.733
歪风	neg	0.733
顽钝	neg	0.733
妄取	neg	0.733
威迫	neg	0.733
芜劣	neg	0.733
纤弱	neg	0.733
险症	neg	0.733
邪门	neg	0.733
凶气	neg	0.733
虚华	neg	0.733
炫弄	neg	0.733
妖言	neg	0.733
役使	neg	0.733
淫棍	neg	0.733
淫雨	neg	0.733
应声虫	neg	0.733
迂论	neg	0.733
愚氓	neg	0.733
郁气	neg	0.733
冤苦	neg	0.733
怨詈	neg	0.733
勤朴	pos	0.733
清贵	pos	0.733
心潮澎湃	pos	0.733
尖酸刻薄	neg	0.733
把戏	neg	0.733
一针见血	pos	0.733
和和气气	pos	0.733
乱糟糟	neg	0.733
意气	pos	0.733
拖泥带水	neg	0.733
浅尝辄止	neg	0.733
说长道短	neg	0.733
明媚	pos	0.733
柔嫩	pos	0.733
皇皇	pos	0.733
木雕泥塑	neg	0.733
妖艳	neg	0.733
光天化日	pos	0.733
助人为乐	pos	0.733
好笑	neg	0.733
专擅	neg	0.733
呵叱	neg	0.733
溺爱	neg	0.733
高姿态	neg	0.733
恭祝	pos	0.733
人祸	neg	0.733
万紫千红	pos	0.733
冷静	pos	0.733
躁动	neg	0.733
贼巢	neg	0.733
仗势	neg	0.733
清健	pos	0.733
清心	pos	0.733
轻灵	pos	0.733
晴爽	pos	0.733
穰穰	pos	0.733
热血	pos	0.733
柔静	pos	0.733
软媚	pos	0.733
盛景	pos	0.733
盛意	pos	0.733
舒意	pos	0.733
装样子	neg	0.733
浊世	neg	0.733
恣睢	neg	0.733
纵欲	neg	0.733
嘴贫	neg	0.733
恬美	pos	0.733
旺炽	pos	0.733
稀贵	pos	0.733
侠气	pos	0.733
鲜绿	pos	0.733
娴熟	pos	0.733
谐婉	pos	0.733
新秀	pos	0.733
秀拔	pos	0.733
秀异	pos	0.733
轩朗	pos	0.733
压轴戏	pos	0.733
雅气	pos	0.733
妍雅	pos	0.733
艳阳天	pos	0.733
夷旷	pos	0.733
义烈	pos	0.733
逸韵	pos	0.733
英模	pos	0.733
颖异	pos	0.733
幽趣	pos	0.733
有恒	pos	0.733
余裕	pos	0.733
郁烈	pos	0.733
家珍	pos	0.733
嘉名	pos	0.733
娇妻	pos	0.733
谨密	pos	0.733
真诠	pos	0.733
知己	pos	0.733
直性	pos	0.733
擢升	pos	0.733
钻研	pos	0.733
左右手	pos	0.733
精当	pos	0.733
精炼	pos	0.733
精勤	pos	0.733
精雅	pos	0.733
靓妆	pos	0.733
啰里啰嗦	neg	0.733
不着调	neg	0.733
粗手笨脚	neg	0.733
大手大脚	neg	0.733
等而下之	neg	0.733
东倒西歪	neg	0.733
费时	neg	0.733
花拳绣腿	neg	0.733
忠贞不屈	pos	0.733
灼然无疑	pos	0.733
发飙	neg	0.733
费精神	neg	0.733
慌恐	neg	0.733
看淡	neg	0.733
博识	pos	0.733
苦不唧	neg	0.733
聪明过人	pos	0.733
累卵	neg	0.733
零乱	neg	0.733
没头脑	neg	0.733
木头木脑	neg	0.733
蔫头耷脑	neg	0.733
偏斜	neg	0.733
凭空	neg	0.733
缺乏教养	neg	0.733
三寸不烂之舌	pos	0.733
不骄不躁	pos	0.733
不畏艰险	pos	0.733
无立足之地	neg	0.733
神志委靡	neg	0.733
刚正不阿	pos	0.733
瑰伟	pos	0.733
舒快	pos	0.733
手快	pos	0.733
上镜	pos	0.733
举止端庄	pos	0.733
绝好	pos	0.733
俊丽	pos	0.733
饶爽	pos	0.733
强壮有力	pos	0.733
其乐融融	pos	0.733
文绉绉	pos	0.733
目光炯炯	pos	0.733
三旨相公	neg	0.733
松快	pos	0.733
春风满面	pos	0.733
发噱	pos	0.733
怡然	pos	0.733
喜从天降	pos	0.733
酣畅淋漓	pos	0.733
笑哈哈	pos	0.733
乔迁之喜	pos	0.733
可意	pos	0.733
耳鬓厮磨	pos	0.733
宝贝儿	pos	0.733
名誉	pos	0.733
千秋万岁	pos	0.733
福寿无疆	pos	0.733
英烈	pos	0.733
拜识	pos	0.733
衾影无愧	pos	0.733
安外	pos	0.733
无可辩驳	neg	0.733
催人奋进	pos	0.733
克勤克俭	pos	0.733
勃发	pos	0.733
靡丽	pos	0.733
娇艳	pos	0.733
勤恳	pos	0.733
秋毫无犯	pos	0.733
任劳任怨	pos	0.733
勤奋好学	pos	0.733
恩泽	pos	0.733
孝子	pos	0.733
犀利	pos	0.733
幽美	pos	0.733
仁义	pos	0.733
爽直	pos	0.733
尽忠	pos	0.733
诚朴	pos	0.733
持重	pos	0.733
好性儿	pos	0.733
胆略	pos	0.733
颖慧	pos	0.733
忠顺	pos	0.733
精诚	pos	0.733
坚贞	pos	0.733
活泛	pos	0.733
雄健	pos	0.733
专一	pos	0.733
经心	neg	0.733
甜润	pos	0.733
纤尘不染	pos	0.733
团体精神	pos	0.733
作善降祥	pos	0.733
情坚金石	pos	0.733
新颖	pos	0.733
迅捷	pos	0.733
廉正无私	pos	0.733
搭救	pos	0.733
救危排险	pos	0.733
摩登	pos	0.733
丢卒保车	pos	0.733
肃贪倡廉	pos	0.733
不俗	pos	0.733
一清二白	pos	0.733
安定团结	pos	0.733
民富国强	pos	0.733
有声有色	pos	0.733
忧愤	neg	0.733
一刀两断	neg	0.733
怒目而视	neg	0.733
声色俱厉	neg	0.733
慎重	pos	0.733
打家劫舍	neg	0.733
曲意逢迎	neg	0.733
瘟神	neg	0.733
狼狈不堪	neg	0.733
视而不见	neg	0.733
兔崽子	neg	0.733
坏分子	neg	0.733
土棍	neg	0.733
魔头	neg	0.733
谣诼	neg	0.733
羊质虎皮	neg	0.733
逆耳	neg	0.733
逼迫	neg	0.733
忧国爱民	pos	0.733
不知所为	neg	0.733
奔窜	neg	0.733
悲观失望	neg	0.733
打破醋坛子	neg	0.733
虎头蛇尾	neg	0.733
豪杰蜂起	pos	0.733
国富兵强	pos	0.733
四海升平	pos	0.733
民穷财尽	neg	0.733
知人善任	pos	0.733
功力兼人	pos	0.733
陈言务去	pos	0.733
百事大吉	pos	0.733
子虚乌有	neg	0.733
一孔之见	neg	0.733
一鼓作气	pos	0.733
穷途之哭	neg	0.733
换羽移宫	pos	0.733
移花接木	neg	0.733
二八佳人	pos	0.733
蚍蜉带盆	neg	0.733
九世同堂	pos	0.733
名门望族	pos	0.733
洞天福地	pos	0.733
口吻生花	pos	0.733
喙长三尺	neg	0.733
空谈快意	neg	0.733
虚谈高议	neg	0.733
赤口毒舌	neg	0.733
灵机一动	pos	0.733
居功自持	neg	0.733
挟势弄权	neg	0.733
堆金叠玉	pos	0.733
画栋雕梁	pos	0.733
攀龙附骥	neg	0.733
依草附木	neg	0.733
谗口嗷嗷	neg	0.733
搬口弄舌	neg	0.733
严气正性	pos	0.733
扶东倒西	neg	0.733
厉兵秣马	pos	0.733
枕戈寝甲	pos	0.733
烽火连天	neg	0.733
柔茹寡断	neg	0.733
恶醉强酒	neg	0.733
后浪推前浪	pos	0.733
漏网之鱼	neg	0.733
撒村骂街	neg	0.733
贿赂公行	neg	0.733
远水不救近火	neg	0.733
差三错四	neg	0.733
轻重倒置	neg	0.733
有加无已	neg	0.733
人命危浅	neg	0.733
衰多益寡	pos	0.733
怕硬欺软	neg	0.733
狗头军师	neg	0.733
攻守同盟	neg	0.733
放任自流	neg	0.733
引类呼朋	neg	0.733
互相推诿	neg	0.733
包办代替	neg	0.733
悉索敝赋	pos	0.733
金貂换酒	neg	0.733
春暖花香	pos	0.733
丽日和风	pos	0.733
风清月朗	pos	0.733
水光山色	pos	0.733
花朝月夕	pos	0.733
察察为明	neg	0.733
杜口木舌	neg	0.733
拿腔做势	neg	0.733
以力服人	neg	0.733
能文能武	pos	0.733
人才出众	pos	0.733
真才实学	pos	0.733
乌有先生	neg	0.733
生死之交	pos	0.733
才调秀出	pos	0.733
何乐而不为	pos	0.733
披露腹心	pos	0.733
凤凰于飞	pos	0.733
车马盈门	pos	0.733
相辅而行	pos	0.733
无所不通	pos	0.733
美如冠玉	pos	0.733
相貌堂堂	pos	0.733
风流旖旎	pos	0.733
朱唇皓齿	pos	0.733
以德报德	pos	0.733
面折廷争	pos	0.733
清源正本	pos	0.733
宽以待人	pos	0.733
万顷之陂	pos	0.733
忘怀得失	pos	0.733
弹无虚发	pos	0.733
纵横驰骋	pos	0.733
金玉良言	pos	0.733
鹰鼻鹞眼	neg	0.733
阿谀取容	neg	0.733
妒能害贤	neg	0.733
怀才之遇	neg	0.733
交臂失之	neg	0.733
不朗不秀	neg	0.733
驽马恋栈	neg	0.733
梁上君子	neg	0.733
以冰致蝇	neg	0.733
蠢如鹿豕	neg	0.733
扣盘扪烛	neg	0.733
谄山傲下	neg	0.733
同床异梦	neg	0.733
鼹腹易盈	neg	0.733
淆惑视听	neg	0.733
贪小失大	neg	0.733
点金成铁	neg	0.733
高山流水	pos	0.733
一片至诚	pos	0.733
承欢膝下	pos	0.733
卑礼厚币	pos	0.733
不以人废言	pos	0.733
管见所及	neg	0.733
逊志时敏	pos	0.733
傲视轻物	neg	0.733
好自矜夸	neg	0.733
目无下尘	neg	0.733
朋党之争	neg	0.733
蛊惑人心	neg	0.733
稀饭	pos	0.733
蛋白质	neg	0.733
我吐	neg	0.733
看风使舵	neg	0.733
谋害	neg	0.733
呆若木鸡	neg	0.733
挑肥拣瘦	neg	0.733
视同儿戏	neg	0.733
万马齐喑	neg	0.733
拿大	neg	0.733
油嘴滑舌	neg	0.733
村俗	neg	0.733
摆谱儿	neg	0.733
愚味	neg	0.733
不知进退	neg	0.733
土气	neg	0.733
首鼠两端	neg	0.733
欺蒙	neg	0.733
瞎闹	neg	0.733
冷语冰人	neg	0.733
分文不值	neg	0.733
讥笑	neg	0.733
诟骂	neg	0.733
抓破脸	neg	0.733
献媚	neg	0.733
阿谀奉承	neg	0.733
破绽百出	neg	0.733
毫不留情	neg	0.733
寡廉鲜耻	neg	0.733
歹心	neg	0.733
不济	neg	0.733
年富力强	pos	0.733
离奇	neg	0.733
辩才	pos	0.733
秉正	pos	0.733
博古	pos	0.733
才识	pos	0.733
徜徉	pos	0.733
拆台	neg	0.733
陈规	neg	0.733
畅述	pos	0.733
超迈	pos	0.733
呈祥	pos	0.733
绸缪	pos	0.733
传世	pos	0.733
纯美	pos	0.733
粗莽	neg	0.733
倒运	neg	0.733
盗骗	neg	0.733
国宾	pos	0.733
敌酋	neg	0.733
短见	neg	0.733
废然	neg	0.733
绰约	pos	0.733
大器	pos	0.733
胆气	pos	0.733
得道	pos	0.733
的当	pos	0.733
典重	pos	0.733
秽气	neg	0.733
奸商	neg	0.733
纠合	neg	0.733
洞天	pos	0.733
笃情	pos	0.733
娥眉	pos	0.733
恩物	pos	0.733
范文	pos	0.733
肥甘	pos	0.733
丰美	pos	0.733
甘当	pos	0.733
刚决	pos	0.733
高古	pos	0.733
落架	neg	0.733
凌轹	neg	0.733
漏税	neg	0.733
乱子	neg	0.733
糜烂	neg	0.733
民贼	neg	0.733
乖觉	pos	0.733
拍马	neg	0.733
骗术	neg	0.733
化育	pos	0.733
欢声	pos	0.733
惠风	pos	0.733
机变	pos	0.733
屈膝	neg	0.733
权贵	neg	0.733
群氓	neg	0.733
丧乱	neg	0.733
失闪	neg	0.733
受穷	neg	0.733
树敌	neg	0.733
说客	neg	0.733
肆扰	neg	0.733
塌台	neg	0.733
套购	neg	0.733
瓦全	neg	0.733
妄断	neg	0.733
西风	neg	0.733
黠慧	neg	0.733
险象	neg	0.733
小鞋	neg	0.733
邪祟	neg	0.733
凶年	neg	0.733
凶焰	neg	0.733
驯化	neg	0.733
妖雾	neg	0.733
业障	neg	0.733
臆说	neg	0.733
淫辞	neg	0.733
淫邪	neg	0.733
迎合	neg	0.733
忧烦	neg	0.733
迂拘	neg	0.733
愚暗	neg	0.733
亲睦	pos	0.733
勤力	pos	0.733
砸锅	neg	0.733
黑白分明	pos	0.733
差役	neg	0.733
无私	pos	0.733
谨严	pos	0.733
智囊	pos	0.733
小丑	neg	0.733
颓唐	neg	0.733
漫无边际	neg	0.733
旷达	pos	0.733
栉风沐雨	pos	0.733
含糊其辞	neg	0.733
一味	neg	0.733
平易	pos	0.733
适逢其会	pos	0.733
奋勉	pos	0.733
有恃无恐	neg	0.733
纸上谈兵	neg	0.733
豁亮	pos	0.733
畏首畏尾	neg	0.733
骄横	neg	0.733
居心	neg	0.733
搬弄	neg	0.733
虚构	neg	0.733
干净利落	pos	0.733
胯下之辱	pos	0.733
视若儿戏	neg	0.733
华艳	pos	0.733
公直	pos	0.733
宏放	pos	0.733
洁莹	pos	0.733
难吃	neg	0.733
要命	neg	0.733
昌隆	pos	0.733
都雅	pos	0.733
舒爽	pos	0.733
投缘	pos	0.733
楚楚	pos	0.733
对路	pos	0.733
媚俗	neg	0.733
哀悯	neg	0.733
霸道	neg	0.733
笔挺	pos	0.733
博达	pos	0.733
赤诚	pos	0.733
出口不凡	pos	0.733
纯谨	pos	0.733
纯情	pos	0.733
淳化	pos	0.733
慈眉善目	pos	0.733
聪睿	pos	0.733
得意	pos	0.733
低能	neg	0.733
顶用	pos	0.733
发怵	neg	0.733
犯难	neg	0.733
非分	neg	0.733
悱恻	neg	0.733
丰赡	pos	0.733
怫然	neg	0.733
干瘪	neg	0.733
干练	pos	0.733
敢作敢为	pos	0.733
刚正	pos	0.733
高洁	pos	0.733
公而忘私	pos	0.733
诡秘	neg	0.733
裹足不前	neg	0.733
涵蓄	pos	0.733
虎着脸	neg	0.733
欢悦	pos	0.733
济济一堂	pos	0.733
俭朴	pos	0.733
娇生惯养	neg	0.733
骄人	pos	0.733
尽心	pos	0.733
精彩纷呈	pos	0.733
精奇	pos	0.733
精锐	pos	0.733
精神饱满	pos	0.733
隽永	pos	0.733
抠门儿	neg	0.733
抠搜	neg	0.733
口是心非	neg	0.733
快捷	pos	0.733
脍炙人口	pos	0.733
老成持重	pos	0.733
乐和	pos	0.733
乐以忘忧	pos	0.733
俚俗	neg	0.733
历演不衰	pos	0.733
啰啰嗦嗦	neg	0.733
落落大方	pos	0.733
面貌一新	pos	0.733
面无愧色	pos	0.733
妙曼	pos	0.733
腻人	neg	0.733
努牙突嘴	neg	0.733
贫嘴	neg	0.733
浅陋	neg	0.733
亲热	pos	0.733
轻婉	pos	0.733
清彻	pos	0.733
晴美	pos	0.733
穷乏	neg	0.733
人和	pos	0.733
如花似锦	pos	0.733
神算	pos	0.733
实意	pos	0.733
使喜悦	pos	0.733
始终不懈	pos	0.733
威风凛凛	pos	0.733
沃衍	pos	0.733
无稽	neg	0.733
无私无畏	pos	0.733
熙和	pos	0.733
细匀	pos	0.733
狎亵	neg	0.733
闲逸	pos	0.733
相悦	pos	0.733
笑嘻嘻	pos	0.733
邪曲	neg	0.733
心狠	neg	0.733
心劳日拙	neg	0.733
心绪不宁	neg	0.733
兴腾	pos	0.733
雄壮	pos	0.733
秀雅	pos	0.733
虚诳	neg	0.733
轩敞	pos	0.733
驯良	pos	0.733
雅静	pos	0.733
妍丽	pos	0.733
艳美	pos	0.733
要好	pos	0.733
逸趣	pos	0.733
毅然决然	pos	0.733
优越	pos	0.733
油头滑脑	neg	0.733
有成	pos	0.733
有为	pos	0.733
迂执	neg	0.733
玉宇	pos	0.733
匀妥	pos	0.733
赞羡	pos	0.733
缜密	pos	0.733
执性	neg	0.733
忠勇	pos	0.733
壮烈	pos	0.733
自觉	pos	0.733
嘴尖	neg	0.733
嘴快	neg	0.733
做得好	pos	0.733
公然	neg	0.733
鸡毛蒜皮	neg	0.733
私心杂念	neg	0.733
谦虚谨慎	pos	0.733
聪明才智	pos	0.733
衣不解带	pos	0.733
别有天地	pos	0.733
沧海遗珠	neg	0.733
鸟入樊笼	neg	0.733
穷乡僻壤	neg	0.733
时不我与	neg	0.733
支离破碎	neg	0.733
与虎添翼	pos	0.733
鼓腹而游	neg	0.733
衮衮诸公	neg	0.733
脚踏两只船	neg	0.733
面从腹诽	neg	0.733
是非口舌	neg	0.733
随风倒舵	neg	0.733
造言惑众	neg	0.733
节外生枝	neg	0.733
劳而无功	neg	0.733
贫病交迫	neg	0.733
妙手空空	neg	0.733
丢盔弃甲	neg	0.733
赏罚不当	neg	0.733
赏罚不信	neg	0.733
丑态百出	neg	0.733
调三斡四	neg	0.733
攀龙附凤	neg	0.733
向火乞儿	neg	0.733
胁肩低眉	neg	0.733
虚掷光阴	neg	0.733
兵不血刃	pos	0.733
冰肌玉骨	pos	0.733
天上石麟	pos	0.733
出奇制胜	pos	0.733
以身殉职	pos	0.733
红花绿柳	pos	0.733
老少无欺	pos	0.733
谦谦君子	pos	0.733
手眼通天	neg	0.733
百二山河	pos	0.733
爱财如命	neg	0.733
按图索骥	neg	0.733
傲睨一世	neg	0.733
拔刀相助	pos	0.733
百步穿杨	pos	0.733
百废俱兴	pos	0.733
抱薪救火	neg	0.733
鄙俚浅陋	neg	0.733
博学多闻	pos	0.733
补偏救弊	pos	0.733
不耻下问	pos	0.733
不法常可	pos	0.733
不丰不杀	pos	0.733
不拘一格	pos	0.733
不可挽回	neg	0.733
朝歌暮宴	neg	0.733
陈规陋习	neg	0.733
称王称霸	neg	0.733
成人之美	pos	0.733
吃寡醋	neg	0.733
赤诚相待	pos	0.733
出将入相	pos	0.733
出水芙蓉	pos	0.733
穿凿附会	neg	0.733
吹胡子瞪眼	neg	0.733
此地无银三百两	neg	0.733
聪明反被聪明误	neg	0.733
大辂椎轮	pos	0.733
大做文章	neg	0.733
呆头呆脑	neg	0.733
当机立断	pos	0.733
得鱼忘筌	neg	0.733
灯红酒绿	neg	0.733
地灵人杰	pos	0.733
东扶西倒	neg	0.733
东施效颦	neg	0.733
洞若观火	pos	0.733
杜口裹足	neg	0.733
防微杜渐	pos	0.733
放诞风流	neg	0.733
奋发图强	pos	0.733
夫子自道	neg	0.733
附骥尾	neg	0.733
富国强兵	pos	0.733
覆雨翻云	neg	0.733
高才远识	pos	0.733
高视阔步	neg	0.733
高自标置	neg	0.733
告朔饩羊	neg	0.733
官运亨通	pos	0.733
归真反璞	pos	0.733
过甚其词	neg	0.733
海底捞月	neg	0.733
海枯石烂	pos	0.733
汗马功劳	pos	0.733
好高骛远	neg	0.733
红装素裹	pos	0.733
侯服玉食	neg	0.733
呼昼作夜	neg	0.733
诲人不倦	pos	0.733
浑头浑脑	neg	0.733
火急火燎	neg	0.733
鸡鸣狗盗	neg	0.733
极乐世界	pos	0.733
急攻尽利	neg	0.733
己饥己溺	pos	0.733
坚强不屈	pos	0.733
煎水作冰	neg	0.733
节衣缩食	pos	0.733
尽态极妍	pos	0.733
尽忠竭力	pos	0.733
近悦远来	pos	0.733
敬老怜贫	pos	0.733
据为己有	neg	0.733
倔头倔脑	neg	0.733
堪称第一	pos	0.733
宽宏海量	pos	0.733
老子婆娑	pos	0.733
乐善好施	pos	0.733
两面光	neg	0.733
两面三刀	neg	0.733
量力度德	pos	0.733
令人信服	pos	0.733
溜之大吉	neg	0.733
笼络人心	neg	0.733
马仰人翻	neg	0.733
蚂蚁缘槐	neg	0.733
瞒天过海	neg	0.733
毛头毛脑	neg	0.733
苗而不秀	neg	0.733
名不副实	neg	0.733
墨守陈规	neg	0.733
目无余子	neg	0.733
纳谏如流	pos	0.733
能工巧匠	pos	0.733
排山倒海	pos	0.733
披坚执锐	pos	0.733
平铺直序	neg	0.733
剖心析肝	pos	0.733
普渡众生	pos	0.733
前怕狼后怕虎	neg	0.733
秦晋之好	pos	0.733
勤俭持家	pos	0.733
勤能补拙	pos	0.733
情意恳挚	pos	0.733
屈打成招	neg	0.733
饶有风趣	pos	0.733
人头畜鸣	neg	0.733
日月入怀	pos	0.733
肉食者鄙	neg	0.733
山珍海错	pos	0.733
舍身图报	pos	0.733
生动活泼	pos	0.733
声誉鹊起	pos	0.733
时和年丰	pos	0.733
势如冰炭	neg	0.733
恃才傲物	neg	0.733
随波逐流	neg	0.733
他乡遇故知	pos	0.733
天崩地坼	neg	0.733
痛改前非	pos	0.733
投鞭断流	pos	0.733
徒劳往返	neg	0.733
兔丝燕麦	neg	0.733
望风而走	neg	0.733
微文深诋	neg	0.733
温文尔雅	pos	0.733
文恬武嬉	neg	0.733
蜗名微利	neg	0.733
无能之辈	neg	0.733
无事生非	neg	0.733
息息相通	pos	0.733
挟冰求温	neg	0.733
徇情枉法	neg	0.733
雅量高致	pos	0.733
雅人深致	pos	0.733
野调无腔	neg	0.733
衣香鬓影	pos	0.733
倚强凌弱	neg	0.733
因陋守旧	neg	0.733
因噎废食	neg	0.733
应对如流	pos	0.733
勇往直前	pos	0.733
有板有眼	pos	0.733
与民同乐	pos	0.733
正直公平	pos	0.733
知书达礼	pos	0.733
知书达理	pos	0.733
直言贾祸	neg	0.733
众矢之的	neg	0.733
壮士解腕	pos	0.733
斫轮老手	pos	0.733
自出心裁	pos	0.733
自行其是	neg	0.733
走笔成章	pos	0.733
坐吃山空	neg	0.733
鸨母	neg	0.733
枷锁	neg	0.733
娇女	pos	0.733
胜状	pos	0.733
古趣	pos	0.733
景胜	pos	0.733
儒将	pos	0.733
积郁	neg	0.733
妖术	neg	0.733
白党	neg	0.733
村话	neg	0.733
案犯	neg	0.733
赤佬	neg	0.733
烂账	neg	0.733
福星	pos	0.733
慈颜	pos	0.733
功碑	pos	0.733
风致	pos	0.733
败军	neg	0.733
悖谬	neg	0.733
沉渣	neg	0.733
斗筲	neg	0.733
飞语	neg	0.733
肝胆	pos	0.733
高才生	pos	0.733
好心人	pos	0.733
洪量	pos	0.733
花言巧语	neg	0.733
欢笑	pos	0.733
九尾狐	neg	0.733
凯歌	pos	0.733
懒虫	neg	0.733
良师益友	pos	0.733
喽啰	neg	0.733
皮毛	neg	0.733
魄力	pos	0.733
气概	pos	0.733
亲和力	pos	0.733
软骨头	neg	0.733
盛世	pos	0.733
死顽固	neg	0.733
通病	neg	0.733
颓风	neg	0.733
威望	pos	0.733
猬辞	neg	0.733
侠骨	pos	0.733
小辫子	neg	0.733
小气鬼	neg	0.733
心术	neg	0.733
血口	neg	0.733
烟鬼	neg	0.733
意中人	pos	0.733
英灵	pos	0.733
痈疽	neg	0.733
迂夫子	neg	0.733
志趣	pos	0.733
子虚	neg	0.733
欠拍	neg	0.733
有才	pos	0.733
费工夫	neg	0.733
会来事	pos	0.733
拔份儿	pos	0.733
毁害	neg	0.733
荟萃	pos	0.733
际逢	pos	0.733
观摩	pos	0.733
体惜	pos	0.733
婷婷	pos	0.733
解囊	pos	0.733
独吞	neg	0.733
胡闹	neg	0.733
焦愁	neg	0.733
丑诋	neg	0.733
反诬	neg	0.733
屈从	neg	0.733
熬磨	neg	0.733
拜请	pos	0.733
板着脸	neg	0.733
报国	pos	0.733
炳耀	pos	0.733
长于	pos	0.733
称兄道弟	pos	0.733
成性	neg	0.733
吹求	neg	0.733
撮弄	neg	0.733
调拨	neg	0.733
独擅	pos	0.733
多嫌	neg	0.733
放情	pos	0.733
风靡	pos	0.733
告负	neg	0.733
欢聚	pos	0.733
兼备	pos	0.733
骄纵	neg	0.733
敬慕	pos	0.733
溜门	neg	0.733
拿人	neg	0.733
佞笑	neg	0.733
强辩	neg	0.733
伤生	neg	0.733
盛产	pos	0.733
私吞	neg	0.733
搪塞	neg	0.733
逃税	neg	0.733
体念	pos	0.733
偷生	neg	0.733
妄言	neg	0.733
忤逆	neg	0.733
陷身	neg	0.733
虚造	neg	0.733
厌恨	neg	0.733
夷平	neg	0.733
臆断	neg	0.733
引荐	pos	0.733
遇险	neg	0.733
陨灭	neg	0.733
赞美	pos	0.733
找事	neg	0.733
治学	pos	0.733
忠于	pos	0.733
抓辫子	neg	0.733
装蒜	neg	0.733
自专	neg	0.733
坐待	neg	0.733
有一手	pos	0.733
仗恃	neg	0.733
肇祸	neg	0.733
轻健	pos	0.733
轻盈	pos	0.733
晴明	pos	0.733
琼浆	pos	0.733
儒商	pos	0.733
三好	pos	0.733
神通	pos	0.733
中魔	neg	0.733
抓瞎	neg	0.733
装相	neg	0.733
浊流	neg	0.733
恣肆	neg	0.733
通才	pos	0.733
文才	pos	0.733
霞光	pos	0.733
鲜灵	pos	0.733
谐和	pos	0.733
济楚	pos	0.733
轩豁	pos	0.733
逊顺	pos	0.733
奕奕	pos	0.733
英名	pos	0.733
颖悟	pos	0.733
有方	pos	0.733
郁葱	pos	0.733
家学	pos	0.733
娇好	pos	0.733
振发	pos	0.733
至性	pos	0.733
卓立	pos	0.733
足色	pos	0.733
尽意	pos	0.733
精蕴	pos	0.733
经师	pos	0.733
啰里啰唆	neg	0.733
笨头笨脑	neg	0.733
振奋人心	pos	0.733
不成材	neg	0.733
嘲谑	neg	0.733
火头上	neg	0.733
体恤	pos	0.733
表里如一	pos	0.733
漫漶	neg	0.733
没有头脑	neg	0.733
蔫不唧儿	neg	0.733
偏狭	neg	0.733
凭白无故	neg	0.733
舒舒服服	pos	0.733
浑金璞玉	pos	0.733
人欢马叫	pos	0.733
明火执仗	neg	0.733
难能可贵	pos	0.733
喜洋洋	pos	0.733
欣忭	pos	0.733
回嗔作喜	pos	0.733
击壤而歌	pos	0.733
受宠若惊	pos	0.733
嘻笑	pos	0.733
笑吟吟	pos	0.733
笑眯眯	pos	0.733
我见犹怜	pos	0.733
寸步不离	pos	0.733
拜别	pos	0.733
拜认	pos	0.733
内省不疚	pos	0.733
直爽	pos	0.733
颠扑不破	pos	0.733
范例	pos	0.733
临危不惧	pos	0.733
苗条	pos	0.733
风发	pos	0.733
悦目	pos	0.733
勤俭	pos	0.733
仁至义尽	pos	0.733
居安思危	pos	0.733
孝心	pos	0.733
默契	pos	0.733
文宗	pos	0.733
淳良	pos	0.733
真率	pos	0.733
淡泊	pos	0.733
朴厚	pos	0.733
尽责	pos	0.733
敢作敢当	pos	0.733
谦恭下士	pos	0.733
披沥	pos	0.733
平允	pos	0.733
可嘉	pos	0.733
知趣	pos	0.733
救人须救彻	pos	0.733
佐雍得尝	pos	0.733
温雅	pos	0.733
辛勤	pos	0.733
幽静	pos	0.733
明明白白	pos	0.733
飞速	pos	0.733
群雄	pos	0.733
劫富济贫	pos	0.733
从井救人	neg	0.733
水灵灵	pos	0.733
享乐在后	pos	0.733
纯洁性	pos	0.733
政通人和	pos	0.733
锐不可当	pos	0.733
惠而不费	pos	0.733
不落窠臼	pos	0.733
拔尖儿	pos	0.733
报效	pos	0.733
气势汹汹	neg	0.733
愤然作色	neg	0.733
没皮没脸	neg	0.733
投井下石	neg	0.733
白眼	neg	0.733
心硬	neg	0.733
使坏	neg	0.733
专横跋扈	neg	0.733
恶语中伤	neg	0.733
暗娼	neg	0.733
方寸已乱	neg	0.733
海底捞针	neg	0.733
吃无名醋	neg	0.733
别有用心	neg	0.733
有始无终	neg	0.733
舜日尧年	pos	0.733
悦近来远	pos	0.733
彰善瘅恶	pos	0.733
舞文弄法	neg	0.733
深自砥砺	pos	0.733
出手得卢	pos	0.733
节用爱人	pos	0.733
勤则不匮	pos	0.733
梦幻泡影	neg	0.733
奋发有为	pos	0.733
因人制宜	pos	0.733
迥然不同	pos	0.733
云泥殊路	neg	0.733
金科玉律	pos	0.733
放虎归山	neg	0.733
合浦珠还	pos	0.733
画地为牢	neg	0.733
夏雨雨人	pos	0.733
左辅右粥	pos	0.733
工力悉敌	pos	0.733
棋高一着	pos	0.733
精耕细作	pos	0.733
蔚成风气	pos	0.733
面目一新	pos	0.733
移风易俗	pos	0.733
赏不当功	neg	0.733
铜筋铁骨	pos	0.733
继往开来	pos	0.733
口若悬河	pos	0.733
鬼话连篇	neg	0.733
听而不闻	neg	0.733
照本宣科	neg	0.733
挟权倚势	neg	0.733
倚势挟权	neg	0.733
好吃懒做	neg	0.733
绰绰有裕	pos	0.733
曳裾王门	neg	0.733
四壁萧然	neg	0.733
腹诽心谤	neg	0.733
调嘴弄舌	neg	0.733
囤积居奇	neg	0.733
殚财竭力	pos	0.733
逆来顺受	neg	0.733
盛食厉兵	pos	0.733
枕戈汗马	pos	0.733
兵荒马乱	neg	0.733
烽鼓不息	neg	0.733
室人交谪	neg	0.733
买椟还珠	neg	0.733
于今为烈	neg	0.733
出口伤人	neg	0.733
曲突徙薪	pos	0.733
铜臭满身	neg	0.733
封官许愿	neg	0.733
放浪形骸	neg	0.733
冶容诲淫	neg	0.733
饱以老拳	neg	0.733
询谋佥同	pos	0.733
聊以塞责	neg	0.733
高阳酒徒	neg	0.733
春和景明	pos	0.733
水碧山绿	pos	0.733
繁华胜地	pos	0.733
一以贯之	pos	0.733
一曝十寒	neg	0.733
杜口结舌	neg	0.733
雄心豹胆	neg	0.733
官样文章	neg	0.733
压良为贱	neg	0.733
庸中佼佼	pos	0.733
有眼如盲	neg	0.733
蜗角虚名	neg	0.733
功成事立	pos	0.733
不羁之才	pos	0.733
甘贫守志	pos	0.733
心中有数	pos	0.733
千万买邻	pos	0.733
有过之无不及	pos	0.733
左右采获	pos	0.733
询于刍荛	pos	0.733
桂林一枝	pos	0.733
文思敏捷	pos	0.733
有条有理	pos	0.733
龙行虎步	pos	0.733
一饭千金	pos	0.733
正直无私	pos	0.733
金石为开	pos	0.733
宽人大度	pos	0.733
生寄死归	pos	0.733
百发百中	pos	0.733
知己知彼	pos	0.733
前歌后舞	pos	0.733
威震天下	pos	0.733
火眼金睛	pos	0.733
肺腑之言	pos	0.733
伐毛洗髓	pos	0.733
如鸟兽散	neg	0.733
阿谀谄媚	neg	0.733
妒贤嫉能	neg	0.733
消损白日	neg	0.733
当面错过	neg	0.733
马后炮	neg	0.733
寡不敌众	neg	0.733
不文不武	neg	0.733
冢中枯骨	neg	0.733
酒囊饭袋	neg	0.733
救经引足	neg	0.733
揠苗助长	neg	0.733
拾人牙慧	neg	0.733
管窥蠡测	neg	0.733
谄词令色	neg	0.733
十羊九牧	neg	0.733
杀鸡取卵	neg	0.733
别风淮雨	neg	0.733
一片丹心	pos	0.733
肝脑涂地	pos	0.733
晨昏定省	pos	0.733
以终天年	pos	0.733
不吝金玉	pos	0.733
功成不居	pos	0.733
傲睨自若	neg	0.733
孤高自诩	neg	0.733
眄视指使	neg	0.733
争名夺利	neg	0.733
沽激虚名	neg	0.733
嫁祸于人	neg	0.733
大放厥词	neg	0.733
懦夫	neg	0.733
盛气凌人	neg	0.733
挑刺儿	neg	0.733
无所不为	neg	0.733
刁滑	neg	0.733
包藏祸心	neg	0.733
傲岸	neg	0.733
颐指气使	neg	0.733
油腔滑调	neg	0.733
伧俗	neg	0.733
摆门面	neg	0.733
孟浪	neg	0.733
疏懒	neg	0.733
自食其言	neg	0.733
悖逆	neg	0.733
作态	neg	0.733
擅权	neg	0.733
因循守旧	neg	0.733
厚古薄今	neg	0.733
世俗	neg	0.733
顽固派	neg	0.733
卸磨杀驴	neg	0.733
阿谀逢迎	neg	0.733
岂有此理	neg	0.733
荒诞不经	neg	0.733
博大	pos	0.733
才情	pos	0.733
昌明	pos	0.733
蹭蹬	neg	0.733
超伦	pos	0.733
称美	pos	0.733
诚服	pos	0.733
垂手	pos	0.733
纯良	pos	0.733
串骗	neg	0.733
得用	neg	0.733
敌寇	neg	0.733
渎职	neg	0.733
反咬	neg	0.733
犯禁	neg	0.733
苟合	neg	0.733
达人	pos	0.733
典要	pos	0.733
秽迹	neg	0.733
混噩	neg	0.733
卷逃	neg	0.733
旷费	neg	0.733
笃论	pos	0.733
肚才	pos	0.733
婀娜	pos	0.733
范本	pos	0.733
芳容	pos	0.733
丰茂	pos	0.733
丰盛	pos	0.733
赅博	pos	0.733
干才	pos	0.733
理亏	neg	0.733
留难	neg	0.733
马贼	neg	0.733
冒功	neg	0.733
媚骨	neg	0.733
骨力	pos	0.733
墨吏	neg	0.733
内难	neg	0.733
泡汤	neg	0.733
骗取	neg	0.733
强求	neg	0.733
宏富	pos	0.733
浑古	pos	0.733
屈枉	neg	0.733
裙带	neg	0.733
私枭	neg	0.733
宿弊	neg	0.733
锁链	neg	0.733
逃学	neg	0.733
偷税	neg	0.733
屠夫	neg	0.733
瓦解	neg	0.733
外侮	neg	0.733
妄语	neg	0.733
险僻	neg	0.733
邪财	neg	0.733
凶相	neg	0.733
虚名	neg	0.733
虚掷	neg	0.733
厌腻	neg	0.733
妖妄	neg	0.733
胰见	neg	0.733
淫书	neg	0.733
迂见	neg	0.733
迂拙	neg	0.733
渔利	pos	0.733
切当	pos	0.733
勤苦	pos	0.733
殒越	neg	0.733
够味儿	pos	0.733
应有尽有	pos	0.733
萎靡不振	neg	0.733
淡雅	pos	0.733
朴实	pos	0.733
远大	pos	0.733
勤谨	pos	0.733
文不对题	neg	0.733
铺张	neg	0.733
闭关自守	neg	0.733
衰朽	neg	0.733
深邃	pos	0.733
扬眉吐气	pos	0.733
主心骨	pos	0.733
透彻	pos	0.733
一往无前	pos	0.733
繁芜	neg	0.733
拜谒	pos	0.733
生搬硬套	neg	0.733
横暴	neg	0.733
含含糊糊	neg	0.733
扎眼	neg	0.733
欣羡	pos	0.733
艳羡	pos	0.733
见好	pos	0.733
顶级	pos	0.733
聪敏	pos	0.733
惯技	neg	0.733
蠢蠢欲动	neg	0.733
盛典	pos	0.733
宗派	neg	0.733
阻遏	neg	0.733
嘴皮子	neg	0.733
熙攘	pos	0.733
幸事	pos	0.733
有味	pos	0.733
余热	pos	0.733
解围	pos	0.733
板着面孔	neg	0.733
日升月恒	pos	0.733
愁云	pos	0.733
不知所从	neg	0.733
道路相望	pos	0.733
较紧牙关	pos	0.733
罪加一等	neg	0.733
天长地久	pos	0.733
耳软心活	neg	0.733
爪牙	neg	0.733
执傲	neg	0.733
全盛	pos	0.733
柔婉	pos	0.733
润泽	pos	0.733
省事	pos	0.733
盛情	pos	0.733
时贤	pos	0.733
爽捷	pos	0.733
装门面	neg	0.733
滋长	neg	0.733
自炫	neg	0.733
嘴敞	neg	0.733
贴体	pos	0.733
沃土	pos	0.733
无垠	pos	0.733
细润	pos	0.733
纤秀	pos	0.733
相宜	pos	0.733
新禧	pos	0.733
欣快	pos	0.733
雅洁	pos	0.733
烟景	pos	0.733
艳称	pos	0.733
天矫	pos	0.733
意蕴	pos	0.733
熠熠	pos	0.733
圆熟	pos	0.733
皎皎	pos	0.733
赞幕	pos	0.733
直诚	pos	0.733
中选	pos	0.733
孜孜	pos	0.733
精义	pos	0.733
啰啰唆唆	neg	0.733
本本主义	neg	0.733
疑心生暗鬼	neg	0.733
呆气	neg	0.733
德性	neg	0.733
隔靴搔痒	neg	0.733
中正	pos	0.733
耻骂	neg	0.733
悔之不及	neg	0.733
绰约多姿	pos	0.733
毛毛躁躁	neg	0.733
平淡无味	neg	0.733
识趣	pos	0.733
可圈可点	pos	0.733
曲线美	pos	0.733
求真务实	pos	0.733
清纯	pos	0.733
俏美	pos	0.733
料事如神	pos	0.733
蓬蓬勃勃	pos	0.733
爱国如家	pos	0.733
使人愉快	pos	0.733
甜津津	pos	0.733
乐乐陶陶	pos	0.733
天伦之乐	pos	0.733
笑咪咪	pos	0.733
奔放	pos	0.733
声气相通	neg	0.733
豁达	pos	0.733
壮志	pos	0.733
始终如一	pos	0.733
好汉	pos	0.733
胆大心细	pos	0.733
高见	pos	0.733
隆重	pos	0.733
名贵	pos	0.733
绮丽	pos	0.733
俏丽	pos	0.733
孝道	pos	0.733
文静	pos	0.733
暖流	pos	0.733
仁厚	pos	0.733
严正	pos	0.733
胸无城府	pos	0.733
忠直	pos	0.733
赤心	pos	0.733
憨直	pos	0.733
刚劲	pos	0.733
勇悍	pos	0.733
雍容	pos	0.733
高效	pos	0.733
奇秀	pos	0.733
清正廉洁	pos	0.733
善人	pos	0.733
言必有中	pos	0.733
俊雅	pos	0.733
得逞	neg	0.733
刻毒	neg	0.733
诓骗	neg	0.733
鳄鱼眼泪	neg	0.733
虎狼	neg	0.733
繁缛	neg	0.733
多心	neg	0.733
世事纷扰	neg	0.733
求贤若渴	pos	0.733
民生在勤	pos	0.733
高车驷马	neg	0.733
劳师动众	neg	0.733
别有见地	pos	0.733
自出机杼	pos	0.733
贫贱不移	pos	0.733
威武不屈	pos	0.733
一隅之见	neg	0.733
众盲摸象	neg	0.733
他山之石	pos	0.733
目无全牛	pos	0.733
运用自如	pos	0.733
长生久视	pos	0.733
能屈能伸	pos	0.733
布鼓雷门	neg	0.733
罪人不孥	pos	0.733
赏善罚恶	pos	0.733
摇唇鼓舌	neg	0.733
吃著不尽	pos	0.733
山高水险	neg	0.733
曾参杀人	neg	0.733
贪花恋酒	neg	0.733
百败不折	pos	0.733
看人眉睫	neg	0.733
斗而铸兵	neg	0.733
有头没脑	neg	0.733
势不两立	neg	0.733
郢书燕说	neg	0.733
弱肉强食	neg	0.733
防患未然	pos	0.733
灯蛾扑火	neg	0.733
敷衍塞责	neg	0.733
犯上作乱	neg	0.733
匹夫之勇	neg	0.733
马工枚速	pos	0.733
斗筲之人	neg	0.733
兔角龟毛	neg	0.733
胸中有数	pos	0.733
荣华富贵	pos	0.733
异途同归	pos	0.733
剥茧抽丝	pos	0.733
聪明智慧	pos	0.733
青出于蓝而胜于蓝	pos	0.733
伶俐乖巧	pos	0.733
脱口成章	pos	0.733
援笔成章	pos	0.733
古貌古心	pos	0.733
宛然如生	pos	0.733
勿为左右袒	pos	0.733
屡试不爽	pos	0.733
趁热打铁	pos	0.733
革旧维新	pos	0.733
摧坚陷阵	pos	0.733
未卜先知	pos	0.733
弃暗投明	pos	0.733
迁善改过	pos	0.733
辙乱旗靡	neg	0.733
拾人涕唾	neg	0.733
好歹不分	neg	0.733
老蚕作茧	neg	0.733
轻裘缓带	pos	0.733
忘其所以	neg	0.733
各自为政	neg	0.733
元龙高卧	neg	0.733
东涂西抹	neg	0.733
傲睨万物	neg	0.733
锋芒必露	neg	0.733
夸功自大	neg	0.733
哦耶	pos	0.733
老顽固	neg	0.733
文过饰非	neg	0.733
屈节	neg	0.733
祸心	neg	0.733
俗气	neg	0.733
班门弄斧	neg	0.733
莽撞	neg	0.733
张狂	neg	0.733
狎昵	neg	0.733
放浪	neg	0.733
粗率	neg	0.733
疲沓	neg	0.733
耍心眼儿	neg	0.733
吹毛求疵	neg	0.733
等因奉此	neg	0.733
鸟尽弓藏	neg	0.733
伯乐	pos	0.733
才名	pos	0.733
长项	pos	0.733
痴呆	neg	0.733
充畅	pos	0.733
吹拍	neg	0.733
恶语	neg	0.733
醇和	pos	0.733
慈心	pos	0.733
赐光	pos	0.733
大节	pos	0.733
顶事	pos	0.733
骄躁	neg	0.733
放怀	pos	0.733
攻研	pos	0.733
光润	pos	0.733
炮灰	neg	0.733
戕贼	neg	0.733
强逼	neg	0.733
窃据	neg	0.733
圈拢	neg	0.733
疏放	neg	0.733
私图	neg	0.733
逃票	neg	0.733
颓放	neg	0.733
瞎抓	neg	0.733
小报告	neg	0.733
懈劲	neg	0.733
虚夸	neg	0.733
虚诈	neg	0.733
喧扰	neg	0.733
夷灭	neg	0.733
阴损	neg	0.733
淤积	neg	0.733
迂远	neg	0.733
愚傻	neg	0.733
越权	neg	0.733
成材	pos	0.733
通情达理	pos	0.733
克敌制胜	pos	0.733
夹生	neg	0.733
下场	neg	0.733
造次	neg	0.733
先辈	pos	0.733
珠圆玉润	pos	0.733
悔过自新	pos	0.733
中坚	pos	0.733
泥塑木雕	neg	0.733
一语破的	pos	0.733
至诚	pos	0.733
胡搅蛮缠	neg	0.733
侵越	neg	0.733
晶莹	pos	0.733
蒙昧	neg	0.733
反革命	neg	0.733
疲敝	neg	0.733
缪说	neg	0.733
教条	neg	0.733
揩油	neg	0.733
剌戾	neg	0.733
丰润	pos	0.733
奋志	pos	0.733
舛误	neg	0.733
贵客	pos	0.733
博采	pos	0.733
横逆	neg	0.733
空洞无物	neg	0.733
暗昧	neg	0.733
师出无名	neg	0.733
妖里妖气	neg	0.733
酒后之勇	neg	0.733
漠然置之	neg	0.733
千虑一得	pos	0.733
盲从	neg	0.733
波澜老成	pos	0.733
金相玉质	pos	0.733
浇瓜之惠	pos	0.733
斩将搴旗	pos	0.733
过犹不及	neg	0.733
拙口钝腮	neg	0.733
不知薡蕫	neg	0.733
以己度人	neg	0.733
不栉进士	pos	0.733
兴师动众	neg	0.733
窈窕淑女	pos	0.733
河润泽及	pos	0.733
遮人耳目	neg	0.733
谋及庶人	pos	0.733
举一反三	pos	0.733
顺风使帆	neg	0.733
大处着眼	pos	0.733
豪奢放逸	pos	0.733
以汤止沸	neg	0.733
藏头露尾	neg	0.733
黄粱梦	neg	0.733
粤犬吠雪	neg	0.733
附赘悬疣	neg	0.733
稍胜一筹	pos	0.733
觊觎	neg	0.733
惩前毖后	pos	0.733
扬清激浊	pos	0.733
高才捷足	pos	0.733
没头没脑	neg	0.733
醋坛子	neg	0.733
谤书	neg	0.733
煽诱	neg	0.733
河晏水清	pos	0.733
秦镜高悬	pos	0.733
赤忱	pos	0.733
忘我	pos	0.733
拜领	pos	0.733
输理	neg	0.733
入画	pos	0.733
踏踏实实	pos	0.733
娇媚	pos	0.733
懂礼	pos	0.733
难以沟通	neg	0.733
甘醇	pos	0.733
公平正直	pos	0.733
手脚麻利	pos	0.733
毫无错误	pos	0.733
稳练	pos	0.733
婉娈	pos	0.733
雄俊	pos	0.733
秀挺	pos	0.733
雄文	pos	0.733
玉液	pos	0.733
袅袅婷婷	pos	0.733
真迹	pos	0.733
宝藏	pos	0.733
警辟	pos	0.733
有纪律	pos	0.733
敬意	pos	0.733
酸不溜丢	neg	0.733
秩然不紊	pos	0.733
歪歪扭扭	neg	0.733
大大咧咧	neg	0.733
娴淑	pos	0.733
芊芊	pos	0.733
清湛	pos	0.733
真真实实	pos	0.733
精神不振	neg	0.733
脾气暴	neg	0.733
峭直	pos	0.733
省时	pos	0.733
明窗净几	pos	0.733
娇羞	pos	0.733
名高难副	neg	0.733
败将	neg	0.733
打先锋	pos	0.733
言过其实	neg	0.733
实心眼儿	pos	0.733
规整	pos	0.733
居心叵测	neg	0.733
漫天要价	neg	0.733
不毛之地	neg	0.733
才高运蹇	neg	0.733
衰萎	neg	0.733
绑匪	neg	0.733
妖魔	neg	0.733
肠肥脑满	neg	0.733
造谤生事	neg	0.733
临阵脱逃	neg	0.733
望风而逃	neg	0.733
斗鸡走狗	neg	0.733
城狐社鼠	neg	0.733
迷昏汤	neg	0.733
貌似公正	neg	0.733
油嘴	neg	0.733
粗制滥造	neg	0.733
撒刁	neg	0.733
辱没	neg	0.733
不值一哂	neg	0.733
花花公子	neg	0.733
丑行	neg	0.733
催迫	neg	0.733
放恣	neg	0.733
非礼	neg	0.733
匪穴	neg	0.733
姑宽	neg	0.733
官气	neg	0.733
卖友	neg	0.733
谋陷	neg	0.733
贪生	neg	0.733
外祸	neg	0.733
嫌憎	neg	0.733
争宠	neg	0.733
含混不清	neg	0.733
乱腾腾	neg	0.733
犯急	neg	0.733
臆测	neg	0.733
不容置辩	pos	0.733
利欲熏心	neg	0.733
朋比为奸	neg	0.733
死气沉沉	neg	0.733
邪魔外道	neg	0.733
笑面夜叉	neg	0.733
一手包办	neg	0.733
张眉努眼	neg	0.733
谄上欺下	neg	0.733
血流漂杵	neg	0.733
窜扰	neg	0.733
独夫	neg	0.733
拐卖	neg	0.733
裹乱	neg	0.733
狂吠	neg	0.733
娄子	neg	0.733
掳掠	neg	0.733
乱套	neg	0.733
添乱	neg	0.733
怨府	neg	0.733
热劲	pos	0.733
荣升	pos	0.733
胜境	pos	0.733
姣翠	pos	0.733
喜闻乐见	pos	0.733
甘霖	pos	0.733
鸿运	pos	0.733
投合	pos	0.733
即兴	pos	0.733
娇娘	pos	0.733
晶亮	pos	0.733
喜笑颜开	pos	0.733
瑞兽珍禽	pos	0.733
珠玉在侧	pos	0.733
同甘共苦	pos	0.733
养生送死	pos	0.733
都丽	pos	0.733
活现	pos	0.733
出其不意	pos	0.733
金言	pos	0.733
神工鬼斧	pos	0.733
乡贤	pos	0.733
老师宿儒	pos	0.733
敢勇当先	pos	0.733
敬老慈幼	pos	0.733
厚遇	pos	0.733
华年	pos	0.733
忠信	pos	0.733
九鼎	pos	0.733
楚楚动人	pos	0.733
童叟无欺	pos	0.733
可人	pos	0.733
杂七杂八	neg	0.733
无所畏忌	pos	0.733
红情绿意	pos	0.733
五光十色	pos	0.733
娇小玲珑	pos	0.733
先意承志	neg	0.733
风韵	pos	0.733
别别扭扭	neg	0.733
生机勃勃	pos	0.733
数米而炊	neg	0.733
轻飘	neg	0.733
谢忱	pos	0.733
行贿	neg	0.733
幸臣	neg	0.733
絮絮	neg	0.733
嘉酿	pos	0.733
驿使梅花	pos	0.733
意马心猿	neg	0.733
因公假私	neg	0.733
淫心匿行	neg	0.733
饮胆尝血	pos	0.733
鹰击毛挚	neg	0.733
营私罔利	neg	0.733
郢中白雪	pos	0.733
应机立断	pos	0.733
雍容大雅	pos	0.733
有气没力	neg	0.733
诱秦诓楚	neg	0.733
予取予携	neg	0.733
语近词冗	neg	0.733
遇水叠桥	pos	0.733
鬻鸡为凤	neg	0.733
托庇	neg	0.733
面墙而立	neg	0.733
绵力薄材	neg	0.733
翻来覆去	neg	0.733
风驰电掣	pos	0.733
因人成事	pos	0.733
系风捕影	neg	0.733
趑趄不前	neg	0.733
依样画葫芦	neg	0.733
箪食壶浆	pos	0.733
撮盐入火	neg	0.733
喏喏连声	neg	0.733
闭门羹	neg	0.733
包羞忍耻	pos	0.733
不见棺材不落泪	neg	0.733
硁砭之愚	neg	0.733
争先恐后	pos	0.733
驷不及舌	pos	0.733
送旧迎新	neg	0.733
岁寒三友	pos	0.733
饕口馋舌	neg	0.733
桃李之馈	neg	0.733
天方夜谭	neg	0.733
头梢自领	neg	0.733
逃难	neg	0.733
陶铸	pos	0.733
套交情	neg	0.733
村学究语	neg	0.733
寸长尺技	neg	0.733
撮科打哄	pos	0.733
打富济贫	pos	0.733
大吆小喝	neg	0.733
大头小尾	pos	0.733
代越庖俎	neg	0.733
戴天履地	pos	0.733
单刀直入	pos	0.733
胆大心雄	pos	0.733
胆粗气壮	pos	0.733
诞幻不经	neg	0.733
弹空说嘴	neg	0.733
道山学海	pos	0.733
道东说西	neg	0.733
道微德薄	neg	0.733
道殣相属	neg	0.733
德重恩弘	pos	0.733
雕文织采	pos	0.733
雕虫小巧	neg	0.733
雕虫篆刻	neg	0.733
跌宕风流	pos	0.733
蹀躞不下	neg	0.733
丢三拉四	neg	0.733
东方不亮西方亮	pos	0.733
东床娇婿	pos	0.733
东游西逛	neg	0.733
花枪	neg	0.733
黄口小儿	neg	0.733
浑厚	pos	0.733
巧偷豪夺	neg	0.733
轻生重义	pos	0.733
轻财仗义	pos	0.733
轻怜疼惜	pos	0.733
区闻陬见	neg	0.733
让逸竞劳	pos	0.733
人亡家破	neg	0.733
人面狗心	neg	0.733
忍苦耐劳	pos	0.733
日旰忘餐	pos	0.733
日干夕惕	pos	0.733
日丽风和	pos	0.733
柔情侠骨	pos	0.733
柔肠百转	pos	0.733
如此而已	neg	0.733
如拾地芥	pos	0.733
如汤沃雪	pos	0.733
如解倒悬	pos	0.733
如龙似虎	pos	0.733
儒雅风流	pos	0.733
入火赴汤	pos	0.733
入海算沙	neg	0.733
软谈丽语	pos	0.733
撒娇撒痴	pos	0.733
三十而立	pos	0.733
三台八座	pos	0.733
三灾六难	neg	0.733
三纸无驴	neg	0.733
三跪九叩	pos	0.733
三臡八菹	pos	0.733
桑中之喜	neg	0.733
丧家之狗	neg	0.733
山穷水绝	neg	0.733
讪皮讪脸	neg	0.733
伤弓之鸟	neg	0.733
赏不逾时	pos	0.733
赏贤使能	pos	0.733
上天入地	pos	0.733
舍近求远	neg	0.733
射石饮羽	pos	0.733
身不遇时	neg	0.733
身首异地	neg	0.733
身远心近	pos	0.733
深仁厚泽	pos	0.733
深计远虑	pos	0.733
深情厚意	pos	0.733
神工鬼力	pos	0.733
神乎其神	pos	0.733
神来之笔	pos	0.733
神眉鬼眼	neg	0.733
神清气朗	pos	0.733
神号鬼哭	neg	0.733
神机鬼械	neg	0.733
神谟远算	pos	0.733
尸禄素飡	neg	0.733
失时落势	neg	0.733
失魂荡魄	neg	0.733
刺激	neg	0.733
粗活	neg	0.733
造化小儿	neg	0.733
力不胜任	neg	0.733
西洋景	neg	0.733
先达	pos	0.733
扫灭	neg	0.733
瑟瑟	neg	0.733
上房	pos	0.733
嘉肴	pos	0.733
骑牛读汉书	pos	0.733
骑鹤维扬	neg	0.733
棋逢敌手	pos	0.733
气决泉达	pos	0.733
弃义倍信	neg	0.733
明眼人	pos	0.733
纳福	pos	0.733
贻误	neg	0.733
义卖	pos	0.733
意志	pos	0.733
元夜	pos	0.733
援外	pos	0.733
云翳	neg	0.733
晕车	neg	0.733
击节称赏	pos	0.733
太丘道广	pos	0.733
不弃草昧	pos	0.733
未能免俗	neg	0.733
立足之地	neg	0.733
深壁高垒	pos	0.733
朝发夕至	pos	0.733
千岩竞秀	pos	0.733
纷红骇绿	pos	0.733
引车卖浆	neg	0.733
饮冰吞檗	pos	0.733
饮犊上流	pos	0.733
鹰击长空	pos	0.733
营私植党	neg	0.733
郢匠挥斤	pos	0.733
映雪囊萤	pos	0.733
雍容典雅	pos	0.733
游蜂戏蝶	neg	0.733
游戏翰墨	neg	0.733
有我无人	neg	0.733
有气无力	neg	0.733
有声没气	neg	0.733
狖轭鼯轩	pos	0.733
鱼游濠上	pos	0.733
愚夫蠢妇	neg	0.733
语言无味	neg	0.733
玉石不分	neg	0.733
鬻宠擅权	neg	0.733
各为其主	neg	0.733
乳臭末干	neg	0.733
蔽聪塞明	neg	0.733
有限如盲	neg	0.733
驽马铅刀	neg	0.733
寡闻少见	neg	0.733
坎井之蛙	neg	0.733
了不长进	neg	0.733
心闲手敏	pos	0.733
急起直迫	pos	0.733
有以善处	pos	0.733
删繁就简	pos	0.733
不折不扣	pos	0.733
一步一个脚印	pos	0.733
以指挠沸	neg	0.733
锋芒不露	neg	0.733
闭目塞听	neg	0.733
以耳代目	neg	0.733
扣槃扪烛	neg	0.733
以古非今	neg	0.733
远求骐骥	pos	0.733
作壁上观	neg	0.733
落落穆穆	neg	0.733
芳兰竞体	pos	0.733
不相闻问杜门谢客	neg	0.733
流水落花	pos	0.733
龙马精神	pos	0.733
龙盘凤翥	pos	0.733
鸾孤凤只	neg	0.733
鸾停鹄峙	pos	0.733
鸾鹄停峙	pos	0.733
闾阎安堵	pos	0.733
麻痹大意	neg	0.733
骂天咒地	neg	0.733
谩藏诲盗	neg	0.733
漫天过海	neg	0.733
盲人说象	neg	0.733
柔情密意	pos	0.733
柔肤弱体	pos	0.733
如花似月	pos	0.733
如指诸掌	pos	0.733
如汤浇雪	pos	0.733
如蹈水火	neg	0.733
乳臭未除	neg	0.733
入主出奴	neg	0.733
入理切情	pos	0.733
枘圆凿方	neg	0.733
撒痴撒娇	pos	0.733
三人成虎	neg	0.733
三吐三握	pos	0.733
三长四短	neg	0.733
三从四德	neg	0.733
三头八臂	pos	0.733
三沐三薰	pos	0.733
桑弧蓬矢	pos	0.733
丧魂失魄	neg	0.733
山止川行	pos	0.733
山穷水断	neg	0.733
扇风点火	neg	0.733
伤化败俗	neg	0.733
赏功罚罪	pos	0.733
赏贤罚暴	pos	0.733
韶颜稚齿	pos	0.733
舍近即远	neg	0.733
射利沽名	neg	0.733
身心交瘁	neg	0.733
身退功成	pos	0.733
身当矢石	pos	0.733
深仇宿怨	neg	0.733
深奸巨猾	neg	0.733
深惟重虑	pos	0.733
神工意匠	pos	0.733
神而明之	pos	0.733
神来气旺	pos	0.733
神飞色舞	pos	0.733
神清气爽	pos	0.733
神魂飞越	pos	0.733
神会心融	pos	0.733
神融气泰	pos	0.733
神郁气悴	neg	0.733
尸禄素餐	neg	0.733
失张失志	neg	0.733
失精落彩	neg	0.733
古董	neg	0.733
褪套儿	neg	0.733
托马斯主义	neg	0.733
玩儿完	neg	0.733
亡国	neg	0.733
忘形	neg	0.733
口耳相传	neg	0.733
岿然不动	pos	0.733
揽辔澄清	pos	0.733
乐而不荒	pos	0.733
乐极悲生	neg	0.733
乐道遗荣	pos	0.733
雷令风行	pos	0.733
磊落豪横	pos	0.733
离鸾别鹤	neg	0.733
历精更始	pos	0.733
连宵达旦	neg	0.733
敛手屏足	neg	0.733
量枘制凿	pos	0.733
两头三绪	neg	0.733
辽东豕	neg	0.733
富贵浮云	pos	0.733
落落难合	neg	0.733
手足重茧	neg	0.733
猪突豨勇	neg	0.733
人弃我取	neg	0.733
齐心协力	pos	0.733
天下一家	pos	0.733
莫测高深	pos	0.733
簧舌	neg	0.733
浑蛋	neg	0.733
见危致命	pos	0.733
见风是雨	neg	0.733
见溺不救	pos	0.733
见弹求鹗	neg	0.733
江湖骗子	neg	0.733
讲文张字	pos	0.733
降颜屈体	pos	0.733
娇鸾雏凤	pos	0.733
骄奢淫泆	neg	0.733
焦眉愁眼	neg	0.733
角巾私第	neg	0.733
较若画一	pos	0.733
洁身自守	pos	0.733
桀傲不驯	neg	0.733
截发锉稿	pos	0.733
解衣般礴	pos	0.733
借交报仇	neg	0.733
今日有酒今日醉	pos	0.733
金石交情	pos	0.733
金相玉映	pos	0.733
金瓶落井	neg	0.733
金台市骏	pos	0.733
金浆玉醴	pos	0.733
金镳玉络	pos	0.733
锦心绣腹	pos	0.733
锦绣肝肠	pos	0.733
进可替不	pos	0.733
进退失措	neg	0.733
进退狐疑	neg	0.733
进退无途	neg	0.733
进退维艰	neg	0.733
进贤任能	pos	0.733
进贤兴功	pos	0.733
祲威盛容	pos	0.733
惊才绝艳	pos	0.733
惊心丧魄	neg	0.733
惊采绝艳	pos	0.733
惊慌无措	neg	0.733
井井有绪	pos	0.733
景星凤皇	pos	0.733
胫大于股	neg	0.733
敬谢不敏	pos	0.733
镜圆璧合	pos	0.733
鸠夺鹊巢	neg	0.733
九衢三市	pos	0.733
救灾恤患	pos	0.733
救黥医劓	pos	0.733
居利思义	neg	0.733
志得气盈	pos	0.733
质伛影曲	neg	0.733
掷地赋声	pos	0.733
中流击楫	pos	0.733
重气徇名	pos	0.733
周穷恤匮	pos	0.733
昼日三接	pos	0.733
骤不及防	neg	0.733
珠连璧合	pos	0.733
珠歌翠舞	pos	0.733
铢积锱累	pos	0.733
逐字逐句	pos	0.733
逐鹿中原	pos	0.733
转败为成	pos	0.733
坠溷飘茵	neg	0.733
拙嘴笨腮	neg	0.733
灼见真知	pos	0.733
酌水知源	pos	0.733
孜孜无怠	pos	0.733
足足有余	pos	0.733
足踏实地	pos	0.733
钻穴逾隙	neg	0.733
钻隙逾墙	neg	0.733
樽前月下	pos	0.733
左建外易	neg	0.733
作舍道边	neg	0.733
坐上琴心	pos	0.733
坐失机宜	neg	0.733
做鬼做神	neg	0.733
谙练	pos	0.733
撒娇撤痴	neg	0.733
贼喊捉贼	neg	0.733
横眉竖眼	neg	0.733
离经叛道	neg	0.733
退有后言	neg	0.733
有利可图	neg	0.733
无精汀采	neg	0.733
无影无踪	neg	0.733
偏信则暗	neg	0.733
随行就市	pos	0.733
桃来李答	pos	0.733
斗而铸锥	neg	0.733
豆萁相煎	neg	0.733
独是独非	neg	0.733
对症发药	pos	0.733
顿挫抑扬	pos	0.733
恶声恶气	neg	0.733
儿女心肠	pos	0.733
发短心长	pos	0.733
凡偶近器	neg	0.733
返邪归正	pos	0.733
方桃譬李	pos	0.733
放刁把滥	neg	0.733
飞灾横祸	neg	0.733
非驴非马	neg	0.733
分斤拨两	neg	0.733
分贫振穷	pos	0.733
焚林而畋	neg	0.733
风不鸣条	pos	0.733
风行水上	pos	0.733
风雨如磐	neg	0.733
风平波息	pos	0.733
红颜	pos	0.733
嫡系	pos	0.733
抵罪	neg	0.733
地主阶级	neg	0.733
郎当	neg	0.733
炮舰政策	neg	0.733
偏食	neg	0.733
骈枝	neg	0.733
种花	pos	0.733
巧发奇中	pos	0.733
轻死重气	pos	0.733
轻财好士	pos	0.733
轻怜痛惜	pos	0.733
情深一往	pos	0.733
曲意迎合	neg	0.733
确固不拔	pos	0.733
人莫予毒	neg	0.733
人间重晚晴	pos	0.733
刃迎缕解	pos	0.733
日角珠庭	pos	0.733
日丽风清	pos	0.733
抢白	neg	0.733
巧劲儿	pos	0.733
切磋	pos	0.733
窃窃	neg	0.733
亲炙	pos	0.733
舞文饰智	neg	0.733
惜指失掌	neg	0.733
洗心涤虑	pos	0.733
夏虫语冰	neg	0.733
鲜车健马	pos	0.733
弦无虚发	pos	0.733
显祖扬名	pos	0.733
乡壁虚造	neg	0.733
橡茹藿歠	neg	0.733
心如刀锉	neg	0.733
耍子	neg	0.733
两面派	pos	0.733
流芳	pos	0.733
蹙蹙靡骋	neg	0.733
打鸡骂狗	neg	0.733
大展宏图	pos	0.733
呆似木鸡	neg	0.733
带减腰围	pos	0.733
戴高帽儿	neg	0.733
戴鸡佩豚	pos	0.733
殚精极虑	pos	0.733
胆小如豆	neg	0.733
淡水交情	pos	0.733
党同伐异	neg	0.733
倒持戈矛	neg	0.733
蹈赴汤火	pos	0.733
道同契合	pos	0.733
道高魔重	pos	0.733
道听耳食	neg	0.733
得步进步	neg	0.733
低头哈腰	neg	0.733
砥厉廉隅	pos	0.733
刁钻促狭	pos	0.733
雕章缛彩	pos	0.733
雕虫末伎	neg	0.733
钓名要誉	neg	0.733
调嘴调舌	neg	0.733
跌荡不拘	pos	0.733
顶踵捐糜	pos	0.733
东抄西袭	neg	0.733
东家效颦	neg	0.733
东诓西骗	neg	0.733
逃奔	neg	0.733
天国	pos	0.733
跼天蹐地	neg	0.733
捐残去杀	neg	0.733
开口见心	pos	0.733
开门延盗	neg	0.733
刻雾裁风	pos	0.733
枯本竭源	neg	0.733
款学寡闻	neg	0.733
拉大旗作虎皮	neg	0.733
狼羊同饲	neg	0.733
浪迹萍踪	neg	0.733
劳筋苦骨	neg	0.733
雷惊电绕	pos	0.733
犁庭扫穴	pos	0.733
连明达夜	neg	0.733
量凿正枘	pos	0.733
寥寥无几	pos	0.733
爱惜羽毛	pos	0.733
临深履薄	neg	0.733
大事不糊涂	pos	0.733
食不重昧	pos	0.733
绳趋尺步	pos	0.733
治病救人	pos	0.733
惹草拈花	neg	0.733
貂裘换酒	neg	0.733
青眼	pos	0.733
情调	pos	0.733
情味	pos	0.733
手重	neg	0.733
耍钱	neg	0.733
洗垢求瑕	neg	0.733
下陵上替	neg	0.733
仙姿玉质	pos	0.733
闲情逸趣	pos	0.733
嫌好道恶	neg	0.733
显亲扬名	pos	0.733
相待如宾	pos	0.733
向若而叹	pos	0.733
枭蛇鬼怪	neg	0.733
心不应口	neg	0.733
哭穷	neg	0.733
亏本	pos	0.733
披沥肝胆	pos	0.733
贫嘴薄舌	neg	0.733
欺君罔上	neg	0.733
其势汹汹	neg	0.733
骑鹤上扬州	neg	0.733
骑驴索句	pos	0.733
气血方刚	pos	0.733
不中	neg	0.733
藏掖	neg	0.733
应点	pos	0.733
云冈石窟	pos	0.733
和气致祥	pos	0.733
公门桃李	pos	0.733
繁文缛节	neg	0.733
月明千里	neg	0.733
深沟高垒	pos	0.733
一草一木	neg	0.733
磨洋工	neg	0.733
诸位	pos	0.733
蔼然仁者	pos	0.733
爱富嫌贫	neg	0.733
爱日惜力	pos	0.733
安分知足	pos	0.733
安心落意	pos	0.733
安身为乐	pos	0.733
暗箭伤人	neg	0.733
昂昂自若	pos	0.733
昂然自得	pos	0.733
傲然屹立	pos	0.733
鳌掷鲸吞	pos	0.733
八珍玉食	pos	0.733
巴巴结结	pos	0.733
拔苗助长	neg	0.733
跋扈飞扬	neg	0.733
白首之心	pos	0.733
百弊丛生	neg	0.733
百花齐放	pos	0.733
摆袖却金	pos	0.733
败俗伤风	neg	0.733
班香宋艳	pos	0.733
半上落下	neg	0.733
帮虎吃食	neg	0.733
薄唇轻言	neg	0.733
保盈持泰	pos	0.733
抱玉握珠	pos	0.733
抱朴含真	pos	0.733
豹死留皮	pos	0.733
卑谄足恭	neg	0.733
杯影蛇弓	neg	0.733
背义忘恩	neg	0.733
背井离乡	pos	0.733
本枝百世	pos	0.733
比屋可封	pos	0.733
炙鸡渍酒	pos	0.733
中原逐鹿	pos	0.733
朱唇玉面	pos	0.733
珠联玉映	pos	0.733
逐物不还	neg	0.733
逐新趣异	pos	0.733
杼柚之空	neg	0.733
铸木镂冰	neg	0.733
抓破面皮	neg	0.733
专欲难成	neg	0.733
谆谆不倦	pos	0.733
兹事体大	pos	0.733
足不出户	neg	0.733
足食足兵	pos	0.733
钻穴逾墙	neg	0.733
钻懒帮闲	neg	0.733
左支右吾	neg	0.733
左家娇女	pos	0.733
佐饔得尝	pos	0.733
坐井窥天	neg	0.733
坐而待弊	neg	0.733
凿饮耕食	pos	0.733
按期	pos	0.733
反面无情	neg	0.733
庸言庸行	neg	0.733
和光同尘	pos	0.733
故作高深	neg	0.733
自卖自夸	neg	0.733
骄傲	neg	0.733
不稼不穑	neg	0.733
蹇蹇匪躬	pos	0.733
见风使帆	neg	0.733
见义敢为	pos	0.733
见德思齐	pos	0.733
建功立事	pos	0.733
剑胆琴心	pos	0.733
江淹才尽	neg	0.733
浆水不交	pos	0.733
降尊纡贵	pos	0.733
浇淳散朴	neg	0.733
骄奢放逸	neg	0.733
焦思苦虑	neg	0.733
焦唇干肺	neg	0.733
狡焉思肆	neg	0.733
衔石填海	pos	0.733
洁己奉公	pos	0.733
桀贪骜诈	neg	0.733
截趾适履	neg	0.733
解衣包火	neg	0.733
解黏去缚	pos	0.733
斤斤较量	neg	0.733
金口玉音	pos	0.733
金石可开	pos	0.733
金城千里	pos	0.733
金刚怒目	pos	0.733
金辉玉洁	pos	0.733
谨终慎始	pos	0.733
锦篇绣帙	pos	0.733
锦囊还矢	pos	0.733
进退迍邅	neg	0.733
进退无依	neg	0.733
进退路穷	neg	0.733
进旅退旅	pos	0.733
进种善群	pos	0.733
进贤进能	pos	0.733
进锐退速	neg	0.733
惊才风逸	pos	0.733
惊心眩目	neg	0.733
惊心骇目	neg	0.733
惊肉生髀	neg	0.733
惊喜交集	pos	0.733
惊魂夺魄	neg	0.733
井井有序	pos	0.733
井管拘墟	neg	0.733
京兆眉妩	pos	0.733
敬贤下士	pos	0.733
镜分鸾凤	neg	0.733
九阍虎豹	neg	0.733
酒虎诗龙	pos	0.733
救火拯溺	pos	0.733
救燎助薪	neg	0.733
居安资深	pos	0.733
局天扣地	neg	0.733
乱麻麻	neg	0.733
背债	neg	0.733
奔突	neg	0.733
比及	pos	0.733
辟邪	pos	0.733
东捞西摸	neg	0.733
东闯西踱	neg	0.733
斗挹箕扬	neg	0.733
都俞吁咈	pos	0.733
独出新裁	pos	0.733
睹始知终	pos	0.733
断长续短	pos	0.733
钝口拙腮	neg	0.733
恶衣粝食	pos	0.733
翻手云覆手雨	neg	0.733
反风灭火	pos	0.733
饭囊衣架	neg	0.733
飞檐走壁	pos	0.733
废私立公	pos	0.733
分金掰两	neg	0.733
分丝析缕	pos	0.733
奋武扬威	pos	0.733
风言醋语	neg	0.733
河蟹	neg	0.733
忽悠	neg	0.733
虎穴	neg	0.733
低回	pos	0.733
嫡派	pos	0.733
良家	pos	0.733
流寇主义	neg	0.733
惜别	pos	0.733
仙逝	pos	0.733
显形	neg	0.733
撒酒疯	neg	0.733
散毒	neg	0.733
臊气	neg	0.733
嫂嫂	pos	0.733
沙场	neg	0.733
赏脸	pos	0.733
上第	pos	0.733
上将	pos	0.733
泡病号	neg	0.733
凛若冰霜	neg	0.733
流风余韵	pos	0.733
流离播迁	pos	0.733
柳绿桃红	pos	0.733
龙飞虎跳	pos	0.733
龙翔虎跃	pos	0.733
路叟之忧	neg	0.733
露钞雪纂	pos	0.733
鸾分凤离	neg	0.733
旅进旅退	neg	0.733
谩天谩地	neg	0.733
慢藏诲盗	neg	0.733
毛羽未丰	neg	0.733
没可奈何	neg	0.733
迷离徜恍	neg	0.733
胡思乱量	neg	0.733
胡诌乱道	neg	0.733
回邪入正	pos	0.733
讳树数马	pos	0.733
浑沦吞枣	neg	0.733
活龙鲜健	pos	0.733
饥不暇食	pos	0.733
机杼一家	pos	0.733
鹡鸰在原	pos	0.733
吉网罗钳	neg	0.733
即鹿无虞	neg	0.733
济人利物	pos	0.733
寄人檐下	neg	0.733
加膝坠渊	neg	0.733
颊上三毛	pos	0.733
假誉驰声	neg	0.733
开眼	pos	0.733
远虑深谋	pos	0.733
云中仙鹤	pos	0.733
云窗月帐	pos	0.733
允执其中	pos	0.733
赃私狼藉	neg	0.733
造恶不悛	neg	0.733
贼臣逆子	neg	0.733
札手舞脚	neg	0.733
斩关夺隘	pos	0.733
招花惹草	neg	0.733
昭聋发聩	pos	0.733
朝歌夜弦	neg	0.733
真知卓见	pos	0.733
枕善而居	pos	0.733
正视绳行	pos	0.733
枝叶扶苏	pos	0.733
直内方外	pos	0.733
指手划脚	neg	0.733
指雁为羹	neg	0.733
委宛	pos	0.733
文化买办	neg	0.733
污毒	neg	0.733
无方	neg	0.733
徒托空言	neg	0.733
文韬武略	pos	0.733
污手垢面	neg	0.733
停学	neg	0.733
统帅	pos	0.733
活罪	neg	0.733
面誉背非	neg	0.733
铭肤镂骨	pos	0.733
目光如鼠	neg	0.733
目动言肆	neg	0.733
目击道存	pos	0.733
能言快语	pos	0.733
泥猪癞狗	neg	0.733
拈酸吃醋	neg	0.733
浓桃艳李	pos	0.733
女中尧舜	pos	0.733
十世单传	pos	0.733
十米九糠	neg	0.733
十发十中	pos	0.733
识才尊贤	pos	0.733
识微见几	pos	0.733
拾陈蹈故	neg	0.733
食不重肉	pos	0.733
食饥息劳	pos	0.733
使乖弄巧	neg	0.733
屎屁直流	neg	0.733
事与原违	neg	0.733
饰非养过	neg	0.733
视民如子	pos	0.733
视同拱璧	pos	0.733
视远步高	neg	0.733
室徒四壁	neg	0.733
誓死不渝	pos	0.733
适性任情	pos	0.733
手不应心	neg	0.733
手脚干净	pos	0.733
首善之地	pos	0.733
书生之见	neg	0.733
输心服意	pos	0.733
鼠入牛角	neg	0.733
鼠屎污羹	neg	0.733
鼠臂虮肝	neg	0.733
数典忘祖	neg	0.733
束手无计	neg	0.733
束手听命	neg	0.733
树同拔异	neg	0.733
霜露之悲	neg	0.733
水月观音	pos	0.733
水明山秀	pos	0.733
顺口开河	neg	0.733
顺风行船	pos	0.733
说白道黑	neg	0.733
司马青衫	neg	0.733
死有余责	neg	0.733
死别生离	neg	0.733
死样活气	neg	0.733
四海皆兄弟	pos	0.733
带孝	pos	0.733
捣毁	neg	0.733
便当	pos	0.733
变脸	neg	0.733
殡仪馆	neg	0.733
兵变	neg	0.733
饼干	pos	0.733
病床	neg	0.733
病害	neg	0.733
病象	neg	0.733
波荡	neg	0.733
伯祖	pos	0.733
不敏	neg	0.733
向学	pos	0.733
啸傲	pos	0.733
韶华	pos	0.733
哂纳	pos	0.733
胜迹	pos	0.733
剿除	pos	0.733
能事	pos	0.733
窳惰	neg	0.733
肠阻塞	neg	0.733
唱对台戏	neg	0.733
朝奉	pos	0.733
沉吟	neg	0.733
吃不来	neg	0.733
吃得住	pos	0.733
痴想	neg	0.733
笔大如椽	pos	0.733
碧鬟红袖	pos	0.733
辩口利舌	pos	0.733
标新领异	pos	0.733
别开一格	pos	0.733
冰寒于水	pos	0.733
兵强则灭	pos	0.733
并容遍覆	pos	0.733
播穅眯目	neg	0.733
博闻强志	pos	0.733
不直一文	neg	0.733
不知疼痒	neg	0.733
不食烟火	pos	0.733
不爽累黍	pos	0.733
不落边际	neg	0.733
不经之语	neg	0.733
不择生冷	neg	0.733
不避斧钺	neg	0.733
不识局面	neg	0.733
不辩菽麦	neg	0.733
惨绿年华	pos	0.733
豺狼横道	neg	0.733
倡条冶叶	pos	0.733
长林丰草	pos	0.733
长戟高门	pos	0.733
远谋深算	pos	0.733
刖趾适屦	neg	0.733
云中白鹤	pos	0.733
云容月貌	pos	0.733
云窗霞户	pos	0.733
允执厥中	pos	0.733
赃私狼籍	neg	0.733
澡身浴德	pos	0.733
贼臣乱子	neg	0.733
沾风惹草	neg	0.733
湛恩汪濊	pos	0.733
招事惹非	neg	0.733
朝歌暮弦	neg	0.733
真金烈火	pos	0.733
枕籍经史	pos	0.733
正大堂皇	pos	0.733
证龟成鳖	neg	0.733
脂膏莫润	pos	0.733
直言切谏	pos	0.733
指李推张	neg	0.733
指瑕造隙	neg	0.733
面谀背毁	neg	0.733
妙想天开	pos	0.733
明心见性	pos	0.733
鸣凤朝阳	pos	0.733
谬想天开	neg	0.733
目不苟视	pos	0.733
目睫之论	neg	0.733
拏风跃云	pos	0.733
能牙利齿	pos	0.733
泥车瓦马	neg	0.733
黏皮着骨	neg	0.733
牛羊勿践	pos	0.733
怕痛怕痒	neg	0.733
鹏霄万里	pos	0.733
十光五色	pos	0.733
十眠九坐	neg	0.733
时亨运泰	pos	0.733
识时达务	pos	0.733
识变从宜	pos	0.733
食不充饥	neg	0.733
食不终味	neg	0.733
食荼卧棘	neg	0.733
使心作幸	neg	0.733
使酒骂座	neg	0.733
饰非拒谏	neg	0.733
视人如伤	pos	0.733
视死犹归	pos	0.733
视财如命	neg	0.733
室如县罄	neg	0.733
誓以皦日	pos	0.733
适可而止	pos	0.733
守缺抱残	neg	0.733
兽心人面	neg	0.733
叔度陂湖	pos	0.733
熟路轻车	pos	0.733
鼠肝虫臂	neg	0.733
鼠腹蜗肠	neg	0.733
鼠窃狗偷	neg	0.733
束手坐视	neg	0.733
束手就殪	neg	0.733
束蒲为脯	neg	0.733
双凫一雁	neg	0.733
水天一色	pos	0.733
水长船高	pos	0.733
顺风张帆	pos	0.733
说是谈非	neg	0.733
死乞百赖	neg	0.733
死灰槁木	neg	0.733
死败涂地	neg	0.733
死声淘气	neg	0.733
胡越同舟	pos	0.733
滑泥扬波	neg	0.733
黄口孺子	neg	0.733
诲淫诲盗	neg	0.733
昏定晨省	pos	0.733
混混噩噩	neg	0.733
火上加油	neg	0.733
机变如神	pos	0.733
急公好施	pos	0.733
嘉言善行	pos	0.733
假公营私	neg	0.733
云雨巫山	pos	0.733
自拔来归	pos	0.733
百舍重趼	neg	0.733
艰苦朴素	pos	0.733
卜昼卜夜	neg	0.733
厌齑暮盐	neg	0.733
委肉虎蹊	neg	0.733
鸿雁哀鸣	neg	0.733
拜年	pos	0.733
班班	pos	0.733
包打听	neg	0.733
徒拥虚名	neg	0.733
渡江战役	pos	0.733
眼晕	neg	0.733
阳间	pos	0.733
唠扯	pos	0.733
老实巴交	pos	0.733
雷害	neg	0.733
蒲柳	pos	0.733
气质	pos	0.733
牵就	neg	0.733
面誉背毁	neg	0.733
谋图不轨	neg	0.733
目量意营	pos	0.733
能言快说	pos	0.733
泥古拘方	neg	0.733
拈酸泼醋	neg	0.733
鸟声兽心	neg	0.733
嗫嚅小儿	neg	0.733
弄鬼妆幺	neg	0.733
庖丁解牛	pos	0.733
人道	pos	0.733
认输	neg	0.733
戎首	neg	0.733
容止	pos	0.733
行不副言	neg	0.733
说情	neg	0.733
私访	pos	0.733
素淡	pos	0.733
风雨晦暝	neg	0.733
佛头着粪	pos	0.733
肤末支离	neg	0.733
扶墙摸壁	neg	0.733
浮花浪蕊	neg	0.733
附会穿凿	neg	0.733
改恶为善	pos	0.733
隔壁撺椽	neg	0.733
公报私仇	neg	0.733
拱手听命	neg	0.733
狗续貂尾	neg	0.733
铁幕	neg	0.733
听信	neg	0.733
土狗子	neg	0.733
人治	pos	0.733
容克地主	neg	0.733
冗官	pos	0.733
入定	pos	0.733
私娼	neg	0.733
私情	neg	0.733
思乡	pos	0.733
太平	pos	0.733
胸有成算	pos	0.733
牢狱	neg	0.733
老脸	neg	0.733
立功赎罪	pos	0.733
超度	pos	0.733
超支	neg	0.733
沉沧	neg	0.733
吃得来	pos	0.733
闹意见	neg	0.733
牛角尖	neg	0.733
笔扫千军	pos	0.733
辨如悬河	pos	0.733
膘肥体壮	pos	0.733
别树一旗	pos	0.733
冰魂素魄	pos	0.733
拨草瞻风	pos	0.733
伯乐一顾	pos	0.733
擘两分星	pos	0.733
不自满假	pos	0.733
不易之论	pos	0.733
不知痛痒	neg	0.733
不值一笑	neg	0.733
不偏不党	pos	0.733
不测之罪	neg	0.733
不蔓不支	pos	0.733
不学无识	neg	0.733
不磷不缁	pos	0.733
不识泰山	neg	0.733
步步生莲华	pos	0.733
操戈同室	neg	0.733
禅世雕龙	pos	0.733
罢职	neg	0.733
摆样子	neg	0.733
拜辞	pos	0.733
拜堂	pos	0.733
半吊子	neg	0.733
棒儿香	pos	0.733
彩风随鸦	neg	0.733
带牛佩犊	pos	0.733
雨淋日炙	neg	0.733
云程发轫	pos	0.733
玉楼赴召	neg	0.733
优患余生	neg	0.733
艰难竭蹶	neg	0.733
衣食不周	neg	0.733
红颜薄命	neg	0.733
虱处裈中	neg	0.733
美人	pos	0.733
辩难	neg	0.733
瘭疽	neg	0.733
别是	neg	0.733
摈斥	neg	0.733
并重	pos	0.733
病粒	neg	0.733
不患	pos	0.733
不稳平衡	neg	0.733
不旋踵	neg	0.733
逢机立断	pos	0.733
否往泰来	pos	0.733
浮石沉木	neg	0.733
腹有鳞甲	neg	0.733
干名采誉	neg	0.733
干脆利落	pos	0.733
高自位置	pos	0.733
公买公卖	pos	0.733
相好	pos	0.733
响马	neg	0.733
宵小	neg	0.733
申饬	pos	0.733
神人	pos	0.733
神异	pos	0.733
盛服	pos	0.733
失禁	neg	0.733
失言	neg	0.733
朴茂	pos	0.733
气味	neg	0.733
器识	pos	0.733
面是背非	neg	0.733
妙绝时人	pos	0.733
鸣雁直木	pos	0.733
谬妄无稽	neg	0.733
暮翠朝红	neg	0.733
能上能下	pos	0.733
能写会算	pos	0.733
你追我赶	pos	0.733
黏皮带骨	neg	0.733
凝脂点漆	pos	0.733
弄眉挤眼	neg	0.733
怕死贪生	neg	0.733
写意	pos	0.733
新陈代谢	pos	0.733
信念	pos	0.733
行径	neg	0.733
絮语	neg	0.733
驿寄梅花	pos	0.733
因陋就寡	neg	0.733
淫言狎语	neg	0.733
托病	neg	0.733
挖墙脚	neg	0.733
顽健	pos	0.733
王道	pos	0.733
各不相谋	neg	0.733
错认颜标	neg	0.733
东扶西例	neg	0.733
姑妄听之	neg	0.733
相机行事	pos	0.733
因风吹火	pos	0.733
一推六二五	neg	0.733
成竹在胸	pos	0.733
中立不倚	pos	0.733
举一废百	neg	0.733
日中必熭	neg	0.733
袭人故智	neg	0.733
依流平进	neg	0.733
勇而无谋	neg	0.733
地主之谊	pos	0.733
冷谈	neg	0.733
想望风采	pos	0.733
不值一顾	neg	0.733
自信不疑	pos	0.733
委屈求全	neg	0.733
依附	neg	0.733
不通水火	neg	0.733
笔下超生	pos	0.733
不劣方头	neg	0.733
抓尖要强	pos	0.733
滔滔	pos	0.733
逃匿	neg	0.733
炽燥	neg	0.733
存十一于千百	neg	0.733
寸长尺短	neg	0.733
大好河山	pos	0.733
大兴土木	neg	0.733
带水拖泥	neg	0.733
戴天蹐地	pos	0.733
戴圆履方	pos	0.733
单刀赴会	pos	0.733
胆大心小	pos	0.733
诞妄不经	neg	0.733
弹冠结绶	pos	0.733
倒因为果	neg	0.733
蹈仁履义	pos	0.733
道西说东	neg	0.733
道骨仙风	pos	0.733
道貌凛然	pos	0.733
道头知尾	pos	0.733
得手应心	pos	0.733
砥节厉行	pos	0.733
雕虫薄技	neg	0.733
调唇弄舌	neg	0.733
跌脚捶胸	neg	0.733
鲽离鹣背	neg	0.733
丢盔抛甲	neg	0.733
东南之秀	pos	0.733
东窗事犯	neg	0.733
花样	neg	0.733
回头	pos	0.733
打气	pos	0.733
大国主义	neg	0.733
莺俦燕侣	pos	0.733
至圣至明	pos	0.733
正品	pos	0.733
背约	neg	0.733
奔头儿	pos	0.733
崩落	neg	0.733
毙命	neg	0.733
下药	neg	0.733
扫墓	neg	0.733
赏赐	pos	0.733
上坟	pos	0.733
冀望	pos	0.733
嫁祸	neg	0.733
偏乡僻壤	neg	0.733
贫嘴恶舌	neg	0.733
破脑刳心	pos	0.733
骑扬州鹤	neg	0.733
骑驴吟灞上	pos	0.733
杞国之忧	neg	0.733
气谊相投	pos	0.733
弃好背盟	neg	0.733
磨砺	pos	0.733
纳降	pos	0.733
义师	pos	0.733
应卯	neg	0.733
圆场	pos	0.733
允洽	pos	0.733
晕池	neg	0.733
奔走呼号	neg	0.733
人地生疏	neg	0.733
十风五雨	pos	0.733
千回百转	neg	0.733
干云蔽日	pos	0.733
彩虹	pos	0.733
残局	neg	0.733
引绳切墨	pos	0.733
饮冰茹蘖	pos	0.733
隐若敌国	pos	0.733
鹰瞵虎视	neg	0.733
营营苟苟	neg	0.733
应付裕如	pos	0.733
佣中佼佼	pos	0.733
游蜂浪蝶	neg	0.733
游手偷闲	neg	0.733
有征无战	pos	0.733
有声无气	neg	0.733
渔人之利	pos	0.733
愚夫愚妇	neg	0.733
鸢肩豺目	neg	0.733
不分皂白	neg	0.733
少不更事	neg	0.733
有限不识泰山	neg	0.733
庸懦无能	neg	0.733
眼明手快	pos	0.733
声嘶力竭	neg	0.733
步履维艰	neg	0.733
因势利导	pos	0.733
寻根究底	pos	0.733
洞烛其奸	neg	0.733
与世偃仰	pos	0.733
虚左以待	pos	0.733
雍容闲雅	pos	0.733
不足齿数	neg	0.733
措置裕如	pos	0.733
从令如流	pos	0.733
冰山难靠	neg	0.733
杜门却扫	neg	0.733
不甘雌伏	pos	0.733
露红烟紫	pos	0.733
露纂雪钞	pos	0.733
鸾孤凤寡	neg	0.733
鸾翔凤翥	pos	0.733
捰袖揎拳	neg	0.733
闾阎扑地	pos	0.733
履汤蹈火	pos	0.733
埋头顾影	neg	0.733
漫天开价	neg	0.733
盲翁扪籥	neg	0.733
柔筋脆骨	neg	0.733
如山压卵	pos	0.733
如花似朵	pos	0.733
如饥如渴	pos	0.733
如汤泼雪	pos	0.733
如胶如漆	pos	0.733
如蹈汤火	neg	0.733
入地无门	neg	0.733
入圣超凡	pos	0.733
枘凿方圆	neg	0.733
洒洒潇潇	neg	0.733
三尸五鬼	neg	0.733
三年化碧	pos	0.733
三贞九烈	pos	0.733
三清四白	pos	0.733
三头六证	pos	0.733
三衅三浴	pos	0.733
桑弧蒿矢	pos	0.733
丧胆游魂	neg	0.733
山肴海错	pos	0.733
伤心疾首	neg	0.733
赏立诛必	pos	0.733
上下一心	pos	0.733
少言寡语	neg	0.733
舍近务远	neg	0.733
射鱼指天	neg	0.733
身先士众	pos	0.733
身败名隳	neg	0.733
身微力薄	neg	0.733
深文巧诋	neg	0.733
深耕易耨	pos	0.733
深恶痛疾	neg	0.733
神不守舍	neg	0.733
神至之笔	pos	0.733
神到之笔	pos	0.733
神飞气扬	pos	0.733
神情不属	neg	0.733
神魂荡飏	neg	0.733
神意自若	pos	0.733
神头鬼面	neg	0.733
升官发财	pos	0.733
失张失致	neg	0.733
失惊倒怪	neg	0.733
吞没	neg	0.733
托派	neg	0.733
亡国奴	neg	0.733
望族	pos	0.733
微辞	neg	0.733
跼天促地	neg	0.733
捐金抵璧	pos	0.733
开物成务	pos	0.733
开雾睹天	pos	0.733
侃侃谔谔	pos	0.733
恐后争先	neg	0.733
岿然独存	pos	0.733
拉三扯四	neg	0.733
来者勿拒	pos	0.733
狼艰狈蹶	neg	0.733
乐而不淫	pos	0.733
乐极悲来	neg	0.733
连明连夜	neg	0.733
连宵彻曙	neg	0.733
量金买赋	pos	0.733
寥若晨星	pos	0.733
山高水长	pos	0.733
同心同德	pos	0.733
见豕负涂	neg	0.733
见风转篷	neg	0.733
见经识经	pos	0.733
见钱眼红	neg	0.733
剑及履及	pos	0.733
渐至佳境	pos	0.733
将天就地	neg	0.733
降心下气	pos	0.733
交相辉映	pos	0.733
骄生惯养	neg	0.733
胶柱调瑟	neg	0.733
焦眉皱眼	neg	0.733
角户分门	neg	0.733
较德焯勤	pos	0.733
诘曲聱牙	neg	0.733
洁身自爱	pos	0.733
桀骜不恭	neg	0.733
截发留宾	pos	0.733
解衣槃磅	pos	0.733
借身报仇	pos	0.733
今月古月	neg	0.733
金玉之言	pos	0.733
金石良言	pos	0.733
金相玉振	pos	0.733
金钗换酒	neg	0.733
金榜挂名	pos	0.733
金声玉色	pos	0.733
金镳玉辔	pos	0.733
锦胸绣口	pos	0.733
锦绣河山	pos	0.733
进可替否	pos	0.733
进退失图	neg	0.733
进退首鼠	neg	0.733
进退无措	neg	0.733
进贤拔能	pos	0.733
进贤黜佞	pos	0.733
禁中颇牧	pos	0.733
惊天地泣鬼神	pos	0.733
惊心裂胆	neg	0.733
惊弦之鸟	neg	0.733
惊惶无措	neg	0.733
惊群动众	neg	0.733
井底鸣蛙	neg	0.733
景星庆云	pos	0.733
敬小慎微	neg	0.733
靖言庸回	neg	0.733
镜里采花	neg	0.733
鸠僭鹊巢	neg	0.733
久束湿薪	neg	0.733
酒病花愁	neg	0.733
救苦弭灾	pos	0.733
救饥拯溺	pos	0.733
钟鼓之色	pos	0.733
众人拾柴火焰高	pos	0.733
重望高名	pos	0.733
朱衣点头	pos	0.733
诛故贳误	pos	0.733
珠规玉矩	pos	0.733
珠还合浦	pos	0.733
铢称寸量	pos	0.733
逐近弃远	neg	0.733
逐电追风	pos	0.733
祝不胜诅	neg	0.733
铸山煮海	pos	0.733
抓破脸子	neg	0.733
专心一志	pos	0.733
追趋逐耆	neg	0.733
孜孜无倦	pos	0.733
邹缨齐紫	neg	0.733
足兵足食	pos	0.733
俎樽折冲	pos	0.733
醉吐相茵	pos	0.733
樽酒论文	pos	0.733
坐地自划	neg	0.733
做神做鬼	neg	0.733
安眠	pos	0.733
乱伦	neg	0.733
碌碌无奇	neg	0.733
人模人样	neg	0.733
眼皮子薄	neg	0.733
俗下文字	neg	0.733
碎瓦颓垣	neg	0.733
桃红柳绿	pos	0.733
天生地设	pos	0.733
头稍自领	neg	0.733
斗志昂扬	pos	0.733
豆萁燃豆	neg	0.733
对景挂画	pos	0.733
阿党比周	neg	0.733
迩安远至	pos	0.733
烦文缛礼	neg	0.733
犯而不校	pos	0.733
方员可施	pos	0.733
放刁撒泼	neg	0.733
飞殃走祸	neg	0.733
飞谋钓谤	neg	0.733
肥肠满脑	neg	0.733
焚林而狩	neg	0.733
红艳艳	pos	0.733
糊涂虫	neg	0.733
砥砺	pos	0.733
弟兄	pos	0.733
跌宕	pos	0.733
宽慰	pos	0.733
平妥	pos	0.733
戕身伐命	neg	0.733
巧语花言	neg	0.733
轻死重义	pos	0.733
轻财好施	pos	0.733
轻薄无行	neg	0.733
情深义重	pos	0.733
曲意奉迎	neg	0.733
确乎不拔	pos	0.733
仁人志士	pos	0.733
任怨任劳	pos	0.733
日角偃月	pos	0.733
荣宗耀祖	pos	0.733
亲笔	pos	0.733
钦定	pos	0.733
洗耳拱听	pos	0.733
喜新厌故	neg	0.733
仙风道格	pos	0.733
鲜眉亮眼	pos	0.733
闲情别致	pos	0.733
涎玉沫珠	pos	0.733
显祖扬宗	pos	0.733
相忘形骸	pos	0.733
响彻云表	pos	0.733
橡饭菁羹	neg	0.733
效颦学步	neg	0.733
挟细拿粗	neg	0.733
心如刀锯	neg	0.733
心神恍惚	neg	0.733
寸木岑楼	neg	0.733
寸蹄尺缣	neg	0.733
大人先生	neg	0.733
大呼小喝	neg	0.733
大块文章	pos	0.733
呆如木鸡	neg	0.733
待月西厢	pos	0.733
戴笠故交	pos	0.733
丹书白马	pos	0.733
担雪填井	neg	0.733
殚精竭力	pos	0.733
胆小如鼷	neg	0.733
淡而不厌	neg	0.733
党同妒异	neg	0.733
倒三颠四	neg	0.733
蹈汤赴火	pos	0.733
道同义合	pos	0.733
道旁苦李	neg	0.733
得其所哉	pos	0.733
砥砺名号	pos	0.733
刁钻促掏	pos	0.733
雕章镂句	pos	0.733
雕虫末技	neg	0.733
钓名欺世	neg	0.733
调嘴学舌	neg	0.733
跌荡不羁	pos	0.733
顶踵尽捐	pos	0.733
东床佳婿	pos	0.733
东闪西挪	neg	0.733
东滚西爬	neg	0.733
逃遁	neg	0.733
逃逸	neg	0.733
讨俏	pos	0.733
天幸	pos	0.733
跼高天蹐厚地	neg	0.733
拒虎进狼	neg	0.733
镌空妄实	neg	0.733
开口见喉咙	pos	0.733
克肩一心	pos	0.733
课语讹言	neg	0.733
枯鱼衔索	neg	0.733
匡救弥缝	pos	0.733
浪蝶狂蜂	neg	0.733
牢甲利兵	pos	0.733
乐退安贫	pos	0.733
乐新厌旧	neg	0.733
磊磊落落	pos	0.733
连明彻夜	neg	0.733
连章累牍	neg	0.733
炼石补天	pos	0.733
撩火加油	neg	0.733
刚毅木讷	pos	0.733
沉潜刚克	pos	0.733
因陋就简	pos	0.733
助我张目	pos	0.733
休戚相关	pos	0.733
能者多劳	pos	0.733
深文周纳	neg	0.733
缱绻	pos	0.733
巧计	pos	0.733
亲知	pos	0.733
倾谈	pos	0.733
清君侧	neg	0.733
守成	pos	0.733
耍无赖	neg	0.733
洗垢求瘢	neg	0.733
柙虎樊熊	neg	0.733
鲜衣良马	neg	0.733
闲花埜草	neg	0.733
嫌好道歉	neg	0.733
相庄如宾	pos	0.733
心如古井	pos	0.733
心悦神怡	pos	0.733
平易近民	pos	0.733
七首八脚	neg	0.733
骑鹤上维扬	neg	0.733
琪花玉树	pos	0.733
弃书捐剑	pos	0.733
千里一曲	pos	0.733
民智	pos	0.733
磨折	neg	0.733
众生	pos	0.733
矮人看场	neg	0.733
爱鹤失众	neg	0.733
安心乐业	pos	0.733
安宅正路	pos	0.733
暗箭难防	neg	0.733
昂首挺胸	pos	0.733
昂霄耸壑	pos	0.733
傲世轻物	neg	0.733
鳌掷鲸呿	pos	0.733
八面受敌	pos	0.733
扒高踩低	neg	0.733
拔萃出群	pos	0.733
跋扈恣睢	neg	0.733
白骨再肉	pos	0.733
白水鉴心	pos	0.733
百川归海	pos	0.733
百花生日	pos	0.733
百世不磨	pos	0.733
败德辱行	neg	0.733
败国亡家	neg	0.733
斑衣戏彩	pos	0.733
半死半生	neg	0.733
帮闲钻懒	neg	0.733
宝刀不老	pos	0.733
保泰持盈	pos	0.733
抱表寝绳	pos	0.733
抱椠怀铅	pos	0.733
鲍鱼之次	neg	0.733
卑鄙龌龊	neg	0.733
杯羹之让	neg	0.733
背义负信	neg	0.733
背盟败约	neg	0.733
本固邦宁	pos	0.733
志满气得	pos	0.733
治郭安邦	pos	0.733
智周万物	pos	0.733
中流一壸	pos	0.733
忠驱义感	pos	0.733
众星拱北	pos	0.733
周公吐哺	pos	0.733
朱唇粉面	pos	0.733
朱颜翠发	pos	0.733
珠光宝气	pos	0.733
珠璧交辉	pos	0.733
铢累寸积	pos	0.733
主少国疑	neg	0.733
杼柚其空	neg	0.733
铸甲销戈	pos	0.733
抓破脸皮	neg	0.733
追欢作乐	neg	0.733
谆谆告戒	pos	0.733
捉班做势	neg	0.733
字顺文从	pos	0.733
足不出门	neg	0.733
足食丰衣	pos	0.733
足尺加二	neg	0.733
嘴快舌长	neg	0.733
醉酒饱德	pos	0.733
遵道秉义	pos	0.733
左支右调	neg	0.733
左书右息	neg	0.733
作浪兴风	neg	0.733
坐而待毙	neg	0.733
爱人儿	pos	0.733
安神	pos	0.733
按时	pos	0.733
鄙吝复萌	neg	0.733
富贵骄人	neg	0.733
不敢越雷池一步	neg	0.733
闻风而逃	neg	0.733
见小暗大	neg	0.733
见风使船	neg	0.733
见义当为	pos	0.733
见弹求鸮	neg	0.733
建功立业	pos	0.733
贱目贵耳	neg	0.733
江淹梦笔	neg	0.733
浆酒藿肉	neg	0.733
降尊临卑	pos	0.733
浇醇散朴	neg	0.733
骄奢淫佚	neg	0.733
焦眉苦脸	neg	0.733
燋头烂额	neg	0.733
皦短心长	pos	0.733
衔沙填海	pos	0.733
洁己从公	pos	0.733
桀傲不恭	neg	0.733
截胫剖心	neg	0.733
解衣抱火	neg	0.733
借公行私	neg	0.733
今夕何夕	pos	0.733
金口御言	pos	0.733
金石至交	pos	0.733
金相玉式	pos	0.733
金刚眼睛	pos	0.733
金浆玉液	pos	0.733
金断觿决	pos	0.733
锦片前程	pos	0.733
锦绣山河	pos	0.733
进寸退尺	neg	0.733
进退失所	neg	0.733
进退两端	neg	0.733
进退无所	neg	0.733
进退维亟	neg	0.733
进贤用能	pos	0.733
进贤达能	pos	0.733
晋惠闻蛙	neg	0.733
惊心骇神	neg	0.733
惊慌失色	neg	0.733
惊魂摄魄	neg	0.733
井井有法	pos	0.733
警愦觉聋	pos	0.733
京兆画眉	pos	0.733
敬贤重士	pos	0.733
镜花水月	neg	0.733
鸠居鹊巢	neg	0.733
九关虎豹	neg	0.733
酒瓮饭囊	neg	0.733
救火扬沸	pos	0.733
救难解危	pos	0.733
居安虑危	pos	0.733
局地扣天	neg	0.733
卖狗皮膏药	neg	0.733
高抬贵手	neg	0.733
保不定	pos	0.733
暴君政治	neg	0.733
奔袭	pos	0.733
比肩	pos	0.733
鞭笞	neg	0.733
东横西倒	neg	0.733
独行独断	neg	0.733
睹著知微	pos	0.733
对牛鼓簧	neg	0.733
多情多义	pos	0.733
阿世媚俗	neg	0.733
噩噩浑浑	pos	0.733
翻黄倒皂	neg	0.733
反裘负薪	neg	0.733
饭囊酒瓮	neg	0.733
废寝忘餐	pos	0.733
分星拨两	neg	0.733
核讹诈政策	neg	0.733
后起	pos	0.733
胡搅	neg	0.733
嫡亲	pos	0.733
调情	neg	0.733
良人	pos	0.733
劣种	neg	0.733
流丽	pos	0.733
仙子	pos	0.733
涎着脸	neg	0.733
散伙	neg	0.733
沙文主义	neg	0.733
芟荑	neg	0.733
伤逝	neg	0.733
商约	pos	0.733
上刑	neg	0.733
凛若秋霜	neg	0.733
流离转徙	pos	0.733
柳门竹巷	pos	0.733
柳影花阴	pos	0.733
六街三市	pos	0.733
龙飞凤翔	pos	0.733
龙蛰蠖屈	pos	0.733
龙腾虎踞	pos	0.733
露影藏形	neg	0.733
论高寡合	neg	0.733
攞袖揎拳	neg	0.733
马角乌头	neg	0.733
谩辞哗说	neg	0.733
没法奈何	neg	0.733
没头没脸	neg	0.733
迷离惝恍	neg	0.733
胡猜乱想	neg	0.733
胡诌乱说	neg	0.733
鹘仑吞枣	neg	0.733
淮王鸡狗	neg	0.733
回光反照	neg	0.733
混水摸鱼	neg	0.733
活蹦活跳	pos	0.733
击排冒没	neg	0.733
激薄停浇	pos	0.733
极武穷兵	neg	0.733
颊上三毫	pos	0.733
坚额健舌	neg	0.733
孤俦寡匹	neg	0.733
谷贱伤农	neg	0.733
鼓唇咋舌	neg	0.733
故弄虚玄	neg	0.733
顾小失大	neg	0.733
刮垢磨光	neg	0.733
关门打狗	pos	0.733
光彩陆离	pos	0.733
广开言路	pos	0.733
归真反朴	pos	0.733
规贤矩圣	pos	0.733
诡言浮说	neg	0.733
鬼瞰高明	neg	0.733
贵古贱今	neg	0.733
果熟蒂落	pos	0.733
邯郸学步	neg	0.733
寒心消志	neg	0.733
好模好样	pos	0.733
好谋善断	pos	0.733
合胆同心	pos	0.733
和衷共济	pos	0.733
河沙世界	pos	0.733
河溓海夷	pos	0.733
鹤骨松姿	pos	0.733
横三竖四	neg	0.733
横挑鼻子竖挑眼	neg	0.733
横冲直闯	neg	0.733
横祸飞灾	neg	0.733
衡石程书	pos	0.733
鸿鳦满纸	neg	0.733
侯门似海	neg	0.733
狐裘蒙茸	neg	0.733
师表	pos	0.733
师兄	pos	0.733
施诊	pos	0.733
识荆	pos	0.733
实证主义	neg	0.733
世界主义	pos	0.733
事务主义	neg	0.733
屯街塞巷	neg	0.733
托诸空言	neg	0.733
头等	pos	0.733
十生九死	neg	0.733
十雨五风	pos	0.733
十载寒窗	pos	0.733
识文谈字	pos	0.733
识微见远	pos	0.733
拾带重还	pos	0.733
食不重味	pos	0.733
食甘寝安	pos	0.733
豕分蛇断	neg	0.733
使性傍气	neg	0.733
屎流屁滚	neg	0.733
势穷力屈	neg	0.733
饰垢掩疵	neg	0.733
视死如生	pos	0.733
视同秦越	neg	0.733
视微知著	pos	0.733
逝者如斯	neg	0.733
誓同生死	pos	0.733
适性忘虑	pos	0.733
手不释书	pos	0.733
手脚无措	neg	0.733
首善之区	pos	0.733
书香人家	pos	0.733
输肝剖胆	pos	0.733
鼠心狼肺	neg	0.733
鼠雀之牙	neg	0.733
鼠窜狗盗	neg	0.733
数黑论黄	neg	0.733
束手无措	neg	0.733
束修自好	pos	0.733
树倒根摧	neg	0.733
霜露之感	neg	0.733
水火不避	pos	0.733
水佩风裳	pos	0.733
顺天从人	pos	0.733
顺风扯帆	pos	0.733
说白道绿	neg	0.733
司马昭之心	neg	0.733
死有余罪	neg	0.733
死告活央	neg	0.733
死诸葛能走生仲达	pos	0.733
四通八达	pos	0.733
便秘	neg	0.733
变性	neg	0.733
辩护士	pos	0.733
殡葬	neg	0.733
兵火	neg	0.733
饼子	pos	0.733
病原虫	neg	0.733
伯祖母	pos	0.733
不佞	neg	0.733
不失为	pos	0.733
乡愿	neg	0.733
少艾	pos	0.733
神物	pos	0.733
生变	neg	0.733
失欢	neg	0.733
恺悌	pos	0.733
剿灭	pos	0.733
闹哄	neg	0.733
泥腿	neg	0.733
蝇蝇	neg	0.733
优遇	pos	0.733
超经济剥削	neg	0.733
朝贡	pos	0.733
称谢	pos	0.733
吃教	neg	0.733
持家	pos	0.733
壁间蛇影	pos	0.733
辩口利辞	pos	0.733
标新竞异	pos	0.733
别开蹊径	pos	0.733
兵销革偃	pos	0.733
并疆兼巷	pos	0.733
播糠眯目	neg	0.733
博览五车	pos	0.733
不刊之论	pos	0.733
不伏烧埋	neg	0.733
不直一钱	neg	0.733
不知就里	neg	0.733
不染一尘	pos	0.733
不爽毫发	pos	0.733
不经之说	neg	0.733
不晓世务	neg	0.733
不避汤火	neg	0.733
不识东家	neg	0.733
材士练兵	pos	0.733
操之过切	neg	0.733
谗口铄金	neg	0.733
倡情冶思	neg	0.733
岳岳荦荦	pos	0.733
云心水性	neg	0.733
云过天空	pos	0.733
赃官污吏	neg	0.733
躁言丑句	neg	0.733
贼眉贼眼	neg	0.733
张公吃酒李公颠	pos	0.733
招是生非	neg	0.733
真独简贵	pos	0.733
震古铄今	pos	0.733
正大堂煌	pos	0.733
政以贿成	neg	0.733
执文害意	neg	0.733
直言正色	pos	0.733
植党自私	neg	0.733
指皂为白	neg	0.733
指亲托故	neg	0.733
妙算神机	pos	0.733
明来暗往	neg	0.733
鸣鹤之应	pos	0.733
目牛无全	pos	0.733
能伸能屈	pos	0.733
泥猪瓦狗	neg	0.733
牛角书生	pos	0.733
驽马恋栈豆	neg	0.733
拍马溜须	neg	0.733
十年磨剑	pos	0.733
十病九痛	neg	0.733
时来运转	pos	0.733
识时达变	pos	0.733
拾人唾涕	neg	0.733
食不充肠	neg	0.733
食不遑味	neg	0.733
食鱼遇鲭	pos	0.733
使心别气	neg	0.733
使贤任能	pos	0.733
事捷功倍	pos	0.733
饰非掩过	neg	0.733
视下如伤	pos	0.733
视为儿戏	neg	0.733
室如悬罄	neg	0.733
誓死不屈	pos	0.733
适如其分	pos	0.733
适情任欲	neg	0.733
手高眼低	neg	0.733
守阙抱残	neg	0.733
兽困则噬	neg	0.733
疏财重义	pos	0.733
熟路轻辙	pos	0.733
鼠肚鸡肠	neg	0.733
鼠腹鸡肠	neg	0.733
鼠首偾事	neg	0.733
束手待死	neg	0.733
束手就毙	neg	0.733
束椽为柱	neg	0.733
霜凋夏绿	neg	0.733
水中捉月	neg	0.733
水来土掩	pos	0.733
水尽山穷	pos	0.733
说黄道黑	neg	0.733
死中求生	pos	0.733
死求白赖	neg	0.733
死里求生	pos	0.733
孤悬客寄	neg	0.733
鼓舌掀簧	neg	0.733
故作玄虚	neg	0.733
顾而言他	neg	0.733
顾影弄姿	neg	0.733
怪形怪状	neg	0.733
观隅反三	pos	0.733
冠上加冠	neg	0.733
光车骏马	pos	0.733
归十归一	pos	0.733
规行矩止	neg	0.733
贵人多忘事	neg	0.733
贵远鄙近	neg	0.733
咳声叹气	neg	0.733
酣歌醉舞	neg	0.733
含宫咀征	pos	0.733
含瑕积垢	pos	0.733
韩寿分香	neg	0.733
河东狮子	neg	0.733
河清海晏	pos	0.733
涸鱼得水	pos	0.733
鹤鸣之士	pos	0.733
黑漆皮灯	neg	0.733
横行直撞	neg	0.733
横从穿贯	pos	0.733
闳言高论	pos	0.733
鸿爪春泥	pos	0.733
鸿图华构	pos	0.733
鸿隐凤伏	neg	0.733
后浪催前浪	pos	0.733
狐唱枭和	neg	0.733
狐鸣鱼书	neg	0.733
师父	pos	0.733
诗篇	pos	0.733
十七勇士	pos	0.733
实地	pos	0.733
试看	pos	0.733
收拢	neg	0.733
胡言乱道	neg	0.733
胡说白道	neg	0.733
话长说短	neg	0.733
怀银纡紫	pos	0.733
焕然如新	pos	0.733
黄金世界	pos	0.733
浑浑沌沌	neg	0.733
肌劈理解	pos	0.733
及宾有鱼	neg	0.733
急功近名	neg	0.733
际遇风云	pos	0.733
嘉言善状	pos	0.733
假虎张威	neg	0.733
活地狱	neg	0.733
冬日可爱	pos	0.733
花好月圆	pos	0.733
张敞画眉	pos	0.733
荡析离居	neg	0.733
草行露宿	neg	0.733
吹箫乞食	neg	0.733
吃着不尽	pos	0.733
眉睫之祸	neg	0.733
科头跣足	neg	0.733
把头	neg	0.733
拜把子	pos	0.733
拜扫	pos	0.733
班师	pos	0.733
为裘为箕	pos	0.733
眼睁睁	neg	0.733
唠嗑	pos	0.733
檑木	neg	0.733
冷宫	neg	0.733
联欢	pos	0.733
不务空名	pos	0.733
腼颜事仇	neg	0.733
邈处欿视	pos	0.733
鸣于乔木	pos	0.733
目无三尺	neg	0.733
泥名失实	neg	0.733
年高望重	pos	0.733
弄鬼掉猴	neg	0.733
行不从径	neg	0.733
说闲话	neg	0.733
私窝子	neg	0.733
死气白赖	neg	0.733
贪脏	neg	0.733
逢吉丁辰	pos	0.733
否去泰来	pos	0.733
肤见谫识	neg	0.733
福善祸淫	neg	0.733
干脆利索	pos	0.733
膏场绣浍	pos	0.733
公报私雠	neg	0.733
铁拳	pos	0.733
停闭	neg	0.733
通缉	neg	0.733
偷闲	neg	0.733
推延	neg	0.733
人儿	pos	0.733
人事	neg	0.733
私生子	neg	0.733
肃立	pos	0.733
贪污犯	neg	0.733
肠伤寒	neg	0.733
唱独角戏	neg	0.733
超重	neg	0.733
吃得消	pos	0.733
痴长	pos	0.733
能耐	pos	0.733
弩钝	neg	0.733
笔下生花	pos	0.733
避凉附炎	neg	0.733
辨若悬河	pos	0.733
表里为奸	neg	0.733
宾来如归	pos	0.733
冰洁玉清	pos	0.733
拨乱为治	pos	0.733
伯乐相马	pos	0.733
捕影系风	neg	0.733
不可多得	pos	0.733
不名一格	pos	0.733
不知利害	neg	0.733
不得其所	pos	0.733
不僧不俗	neg	0.733
不讳之门	pos	0.733
不识起倒	neg	0.733
才高七步	pos	0.733
材优干济	pos	0.733
参天两地	pos	0.733
拆东补西	neg	0.733
搀行夺市	neg	0.733
长才广度	pos	0.733
长风破浪	pos	0.733
霸主	neg	0.733
拜见	pos	0.733
拜天地	pos	0.733
半衰期	neg	0.733
帮腔	neg	0.733
棒喝	neg	0.733
兴味素然	neg	0.733
相敬如宾	pos	0.733
长安居大不易	neg	0.733
猿鹤虫沙	neg	0.733
蝉腹龟肠	neg	0.733
裘弊金尽	neg	0.733
一无长物	neg	0.733
猢狲入袋	neg	0.733
巢毁卵破	neg	0.733
扁桃体炎	neg	0.733
变色龙	neg	0.733
辨客	pos	0.733
辩士	pos	0.733
别提	pos	0.733
摈除	neg	0.733
冰凉	neg	0.733
病案	neg	0.733
病房	neg	0.733
病院	neg	0.733
簸荡	neg	0.733
不迭	neg	0.733
讽德诵功	pos	0.733
否终则泰	pos	0.733
浮石沈木	neg	0.733
浮笔浪墨	neg	0.733
高自标树	pos	0.733
格不相入	pos	0.733
公道合理	pos	0.733
献词	pos	0.733
小人儿	pos	0.733
斜路	neg	0.733
韶光	pos	0.733
舍命	pos	0.733
审美	pos	0.733
生前	neg	0.733
胜地	pos	0.733
盛装	pos	0.733
失敬	neg	0.733
失陪	neg	0.733
器宇	pos	0.733
前茅	pos	0.733
状行	pos	0.733
健儿	pos	0.733
淫朋狎友	neg	0.733
引虎拒狼	neg	0.733
饮水曲肱	pos	0.733
隐然敌国	pos	0.733
鹰觑鹘望	pos	0.733
郢人斤斧	pos	0.733
应答如流	pos	0.733
拥篲救火	neg	0.733
油头滑面	neg	0.733
游刃余地	pos	0.733
有口无行	neg	0.733
有脚书厨	pos	0.733
牖中窥日	neg	0.733
余食赘行	neg	0.733
渔翁之利	neg	0.733
榆木圪垯	neg	0.733
与世沈浮	neg	0.733
雨顺风调	pos	0.733
语长心重	pos	0.733
郁郁苍苍	pos	0.733
托故	neg	0.733
枉驾	pos	0.733
违心	neg	0.733
蒙昧无知	neg	0.733
书生气十足	neg	0.733
五谷不分	neg	0.733
黔驴之技	neg	0.733
皮相之谈	neg	0.733
鸡鹜争食	neg	0.733
不可教训	neg	0.733
东摇西摆	neg	0.733
执两用中	pos	0.733
循名责实	pos	0.733
予取于求	neg	0.733
浮光掠影	neg	0.733
以意为之	neg	0.733
风雨无阻	pos	0.733
虚与委蛇	neg	0.733
令人起敬	pos	0.733
一瓣心香	pos	0.733
半推半就	neg	0.733
附骥名彰	neg	0.733
不甘后人	pos	0.733
随方逐圆	neg	0.733
碎玉零玑	pos	0.733
桃夭李艳	pos	0.733
腾腾兀兀	neg	0.733
替古人担忧	neg	0.733
挑三检四	neg	0.733
条修叶贯	pos	0.733
通险畅机	pos	0.733
同德协力	pos	0.733
偷闲躲静	neg	0.733
滑腻	pos	0.733
黄色音乐	neg	0.733
黔驴技孤	neg	0.733
锵金铿玉	pos	0.733
切理厌心	pos	0.733
轻财重士	pos	0.733
轻薄无礼	neg	0.733
劝善戒恶	pos	0.733
鹊垒巢鸠	neg	0.733
日角龙颜	pos	0.733
镕今铸古	pos	0.733
入孝出悌	pos	0.733
塞井夷灶	pos	0.733
三好两歹	neg	0.733
三期贤佞	neg	0.733
三谏之义	pos	0.733
桑荫未移	pos	0.733
删华就素	pos	0.733
善始令终	pos	0.733
伤言扎语	neg	0.733
赏高罚下	pos	0.733
上下同欲	pos	0.733
少条失教	neg	0.733
设心处虑	neg	0.733
射影含沙	neg	0.733
身名两泰	pos	0.733
深入显出	pos	0.733
深文傅会	neg	0.733
深猷远计	pos	0.733
神不附体	neg	0.733
神兵天将	pos	0.733
神怡心旷	pos	0.733
神流气鬯	pos	0.733
诗书发冢	neg	0.733
保不齐	pos	0.733
抱佛脚	neg	0.733
贲临	pos	0.733
显荣	pos	0.733
三花脸	neg	0.733
扫帚星	neg	0.733
讪脸	neg	0.733
健将	pos	0.733
义学	pos	0.733
愈合	pos	0.733
越级	neg	0.733
百星不如一月	neg	0.733
口角春风	neg	0.733
为人说项	pos	0.733
大水冲了龙王庙	neg	0.733
樗栎庸材	neg	0.733
一路福星	pos	0.733
粉妆玉琢	pos	0.733
桂子飘香	pos	0.733
奇花异卉	pos	0.733
灵丹圣药	pos	0.733
财运	pos	0.733
查封	neg	0.733
引咎责躬	pos	0.733
饮水思源	pos	0.733
隐鳞戢羽	pos	0.733
鹰心雁爪	pos	0.733
迎门请盗	pos	0.733
郢人斤斫	pos	0.733
应答如响	pos	0.733
庸中皦皦	pos	0.733
用管窥天	neg	0.733
忧公忘私	pos	0.733
油头滑脸	neg	0.733
游戏人世	neg	0.733
有文无行	neg	0.733
有头有脑	pos	0.733
于安思危	pos	0.733
余桃啖君	neg	0.733
余勇可贾	pos	0.733
渔翁得利	neg	0.733
榆木疙瘩	neg	0.733
玉食锦衣	neg	0.733
鬻良杂苦	neg	0.733
认奴作郎	neg	0.733
不识之无	neg	0.733
上不得台盘	neg	0.733
求田问舍	neg	0.733
蹑手蹑脚	neg	0.733
心中无数	neg	0.733
犹豫不决	neg	0.733
闻声相思	pos	0.733
折节下士	pos	0.733
行若无事	pos	0.733
柔远镇迩	pos	0.733
如鱼似水	pos	0.733
如履如临	pos	0.733
辱国殃民	neg	0.733
软香温玉	pos	0.733
塞耳盗钟	neg	0.733
三户亡秦	pos	0.733
三好两歉	neg	0.733
三差两错	neg	0.733
三智五猜	neg	0.733
三翻四复	neg	0.733
散言碎语	neg	0.733
丧天害理	neg	0.733
杀身成义	pos	0.733
山容海纳	pos	0.733
善眉善眼	pos	0.733
伤风败化	neg	0.733
赏善罚否	pos	0.733
上援下推	neg	0.733
少年老诚	pos	0.733
设心积虑	neg	0.733
歙漆阿胶	pos	0.733
身名俱泰	pos	0.733
深切著明	pos	0.733
深见远虑	pos	0.733
深图远算	pos	0.733
神功圣化	pos	0.733
神完气足	pos	0.733
神思恍惚	neg	0.733
神牵鬼制	neg	0.733
神短气浮	neg	0.733
神摇目夺	pos	0.733
神枢鬼藏	pos	0.733
神怿气愉	pos	0.733
胜残去杀	pos	0.733
失道寡助	neg	0.733
诗情画意	pos	0.733
托陈取消派	neg	0.733
君子好逑	pos	0.733
开口见胆	pos	0.733
克逮克容	pos	0.733
课嘴撩牙	neg	0.733
狼顾虎视	neg	0.733
浪蝶游蜂	neg	0.733
楞眉横眼	neg	0.733
连枝分叶	pos	0.733
连帙累牍	neg	0.733
怜新弃旧	neg	0.733
恋酒迷花	neg	0.733
坐怀不乱	pos	0.733
修旧利废	pos	0.733
一体同心	pos	0.733
三头六臂	pos	0.733
一鼻孔出气	neg	0.733
黄色文学	neg	0.733
蹇之匪躬	pos	0.733
见兔放鹰	pos	0.733
见几而作	pos	0.733
见素抱朴	pos	0.733
剑戟森森	neg	0.733
江郎才尽	neg	0.733
将勤补拙	pos	0.733
降本流末	neg	0.733
交臂相失	neg	0.733
椒焚桂折	neg	0.733
焦唇敝舌	neg	0.733
狡焉思逞	neg	0.733
揭箧担囊	neg	0.733
诘屈謷牙	neg	0.733
桀骜难驯	neg	0.733
截鹤续凫	neg	0.733
解纷排难	pos	0.733
金石之言	pos	0.733
金枝玉叶	pos	0.733
金屋娇娘	pos	0.733
金貂取酒	pos	0.733
金闺国士	pos	0.733
金声掷地	pos	0.733
谨始虑终	pos	0.733
锦囊佳句	pos	0.733
进道若踡	neg	0.733
进贤退愚	pos	0.733
进德修业	pos	0.733
荆棘铜驼	neg	0.733
惊起梁尘	pos	0.733
鲸吞蛇噬	neg	0.733
井渫不食	pos	0.733
径情直行	pos	0.733
敬老慈穉	pos	0.733
静言庸违	neg	0.733
迥然不群	pos	0.733
酒肉兄弟	neg	0.733
救偏补弊	pos	0.733
治国安邦	pos	0.733
栉霜沐露	pos	0.733
重义轻财	pos	0.733
昼阴夜阳	neg	0.733
朱颜绿发	pos	0.733
珠投璧抵	neg	0.733
珠璧联辉	pos	0.733
铢量寸度	pos	0.733
逐风追电	pos	0.733
主文谲谏	neg	0.733
杼柚空虚	neg	0.733
铸新淘旧	pos	0.733
追欢取乐	neg	0.733
捉影捕风	neg	0.733
孜孜不辍	pos	0.733
孳孳不倦	pos	0.733
镞砺括羽	pos	0.733
钻冰求火	neg	0.733
左道旁门	neg	0.733
作歹为非	neg	0.733
作贼心虚	neg	0.733
坐而论道	neg	0.733
卖乖	neg	0.733
着三不着两	neg	0.733
欺人	neg	0.733
细大不捐	neg	0.733
如丘而止	neg	0.733
唯唯连声	neg	0.733
浅斟低唱	neg	0.733
谈优务劣	neg	0.733
韬光韫玉	pos	0.733
桃腮粉脸	pos	0.733
忑忑忐忐	neg	0.733
条贯部分	pos	0.733
同美相妒	neg	0.733
投戈讲艺	pos	0.733
东猎西渔	neg	0.733
独立王国	neg	0.733
杜渐防微	pos	0.733
断长补短	pos	0.733
敦默寡言	pos	0.733
讹以传讹	neg	0.733
恶衣蔬食	pos	0.733
恶紫夺朱	neg	0.733
二缶钟惑	neg	0.733
伐罪吊民	pos	0.733
反朴还淳	pos	0.733
饭来开口	neg	0.733
方头不律	neg	0.733
飞檐走脊	pos	0.733
吠影吠声	neg	0.733
分劳赴功	pos	0.733
丰墙墝下	neg	0.733
虎势	pos	0.733
滴溜溜	pos	0.733
抵排	neg	0.733
学问	pos	0.733
抠字眼儿	neg	0.733
拉交情	neg	0.733
切理餍心	pos	0.733
青蝇点璧	neg	0.733
轻身殉义	pos	0.733
轻财敬士	pos	0.733
穷不失义	pos	0.733
曲学诐行	neg	0.733
劝善黜恶	pos	0.733
鹊返鸾回	pos	0.733
榷酒征茶	neg	0.733
热心快肠	pos	0.733
人情恟恟	neg	0.733
仁言利溥	pos	0.733
日昃不食	pos	0.733
镕古铸今	pos	0.733
抢险	pos	0.733
俏式	pos	0.733
情操	pos	0.733
屈尊	pos	0.733
良宵	pos	0.733
亮堂堂	pos	0.733
琳琅	pos	0.733
喽罗	neg	0.733
堂奥	pos	0.733
逃命	neg	0.733
陶钧	pos	0.733
天安门事件	neg	0.733
天然	pos	0.733
据义履方	neg	0.733
刊心刻骨	pos	0.733
口中雌黄	neg	0.733
夸大其辞	neg	0.733
困兽犹斗	neg	0.733
揽辔中原	pos	0.733
狼奔鼠窜	neg	0.733
楞头楞脑	neg	0.733
离鸾别凤	neg	0.733
沥血披心	pos	0.733
连天烽火	neg	0.733
连舆接席	pos	0.733
廉而不刿	pos	0.733
眼里揉不下沙子	pos	0.733
不远千里	pos	0.733
一身都是胆	pos	0.733
精打细算	pos	0.733
规行矩步	neg	0.733
和而不同	pos	0.733
周而不比	pos	0.733
旁求俊彦	pos	0.733
手急眼快	pos	0.733
别开生面	pos	0.733
强记	pos	0.733
驱迫	neg	0.733
洗心回面	pos	0.733
夏虫疑冰	neg	0.733
闲言淡语	neg	0.733
显姓扬名	pos	0.733
乡利倍义	neg	0.733
祥风时雨	pos	0.733
像煞有介事	neg	0.733
霄鱼垂化	pos	0.733
胁肩低首	neg	0.733
心忙意乱	pos	0.733
孔方兄	neg	0.733
亏折	pos	0.733
披肝露胆	pos	0.733
飘瓦虚舟	neg	0.733
破肝糜胃	pos	0.733
七步八叉	pos	0.733
七窍玲珑	pos	0.733
骑上扬州鹤	neg	0.733
骑鹤扬州	neg	0.733
棋逢对手	pos	0.733
杞天之虑	neg	0.733
气吞湖海	pos	0.733
弃邪从正	pos	0.733
弃瑕取用	pos	0.733
掐尖落钞	neg	0.733
彩霞	pos	0.733
义务劳动	pos	0.733
约会	pos	0.733
岳丈	pos	0.733
早退	neg	0.733
强而后可	neg	0.733
束缊请火	pos	0.733
春风夏雨	pos	0.733
歃血为盟	pos	0.733
物以类聚	neg	0.733
屈高就下	pos	0.733
不食之地	neg	0.733
曲径通幽	pos	0.733
明日黄花	neg	0.733
金石丝竹	pos	0.733
文房四宝	pos	0.733
明断	pos	0.733
爱博而情不专	neg	0.733
安魂定魄	pos	0.733
安生服业	pos	0.733
安故重迁	neg	0.733
案无留牍	pos	0.733
暗室不欺	pos	0.733
昂头挺胸	pos	0.733
傲慢少礼	neg	0.733
傲雪凌霜	pos	0.733
鳌头独占	pos	0.733
八面莹澈	pos	0.733
拔山超海	pos	0.733
拔群出萃	pos	0.733
霸王别姬	neg	0.733
白衣公卿	pos	0.733
百二河山	pos	0.733
百举百全	pos	0.733
百万雄师	pos	0.733
搬唇弄舌	neg	0.733
半间不界	neg	0.733
棒打鸳鸯	neg	0.733
饱暖生淫欲	neg	0.733
抱打不平	pos	0.733
抱瓮出灌	neg	0.733
掷地有声	pos	0.733
智圆行方	pos	0.733
重男轻女	neg	0.733
周规折矩	neg	0.733
肘胁之患	neg	0.733
铢寸累积	pos	0.733
铢积寸累	pos	0.733
逐句逐字	pos	0.733
逐流忘返	neg	0.733
逐机应变	pos	0.733
助人下石	neg	0.733
驻颜益寿	pos	0.733
转灾为福	pos	0.733
妆聋做哑	neg	0.733
捉风捕月	neg	0.733
浊质凡姿	neg	0.733
孜孜汲汲	pos	0.733
孳孳矻矻	pos	0.733
足不窥户	neg	0.733
足高气扬	neg	0.733
尊俎折冲	pos	0.733
左枝右梧	neg	0.733
作辍无常	neg	0.733
坐失良机	neg	0.733
坐收渔利	neg	0.733
坐视成败	neg	0.733
坐树无言	pos	0.733
凿空投隙	neg	0.733
安息	pos	0.733
投章摘句	neg	0.733
巧言如簧	neg	0.733
心术不正	neg	0.733
装神弄鬼	neg	0.733
食而不知其味	neg	0.733
佯为不知	neg	0.733
孤行已见	neg	0.733
不因人热	neg	0.733
俭不中礼	neg	0.733
见利思义	pos	0.733
见神见鬼	neg	0.733
见缝插针	pos	0.733
剑及屦及	pos	0.733
谏尸谤屠	neg	0.733
将无作有	neg	0.733
降心俯首	pos	0.733
交能易作	pos	0.733
焦唇干舌	neg	0.733
挢抂过正	neg	0.733
斠若画一	pos	0.733
诘屈磝碻	neg	0.733
洁身累行	pos	0.733
桀骜不逊	neg	0.733
解衣磅礴	pos	0.733
借面吊丧	neg	0.733
金玉锦绣	pos	0.733
金光盖地	pos	0.733
金枷玉锁	neg	0.733
金章玉句	pos	0.733
金榜题名	pos	0.733
金声玉服	pos	0.733
锦瑟华年	pos	0.733
锦囊玉轴	pos	0.733
进利除害	pos	0.733
进贤退佞	pos	0.733
进贤黜奸	pos	0.733
兢兢乾乾	pos	0.733
敬老恤贫	pos	0.733
靖言庸违	neg	0.733
镜里观花	neg	0.733
灸艾分痛	pos	0.733
酒绿灯红	neg	0.733
救急扶伤	pos	0.733
拘文牵义	neg	0.733
落忍	pos	0.733
卖俏	neg	0.733
清风明月	pos	0.733
能近取譬	pos	0.733
福分	pos	0.733
本位主义	neg	0.733
碧油油	pos	0.733
良药	pos	0.733
亮眼人	pos	0.733
误场	neg	0.733
戏子	neg	0.733
鲜花	pos	0.733
现成饭	neg	0.733
萨噶达娃节	pos	0.733
扫平	pos	0.733
赏封	pos	0.733
炮舰外交	neg	0.733
貔虎	pos	0.733
翩跹	pos	0.733
平实	pos	0.733
绝艺	pos	0.733
岳峙渊渟	pos	0.733
云净天空	pos	0.733
云舒霞卷	pos	0.733
运斧般门	neg	0.733
赃货狼藉	neg	0.733
沾花惹草	neg	0.733
鹯视狼顾	neg	0.733
招是揽非	neg	0.733
朝梁暮周	neg	0.733
贞不绝俗	pos	0.733
铮铮佼佼	pos	0.733
正正堂堂	pos	0.733
之死不渝	pos	0.733
执迷不返	neg	0.733
直言极谏	pos	0.733
止于至善	pos	0.733
指东话西	neg	0.733
志士仁人	pos	0.733
尾巴主义	neg	0.733
温吞	neg	0.733
稳键	pos	0.733
窝工	neg	0.733
颓垣废址	neg	0.733
吞刀刮肠	pos	0.733
托之空言	neg	0.733
瓦影龟鱼	neg	0.733
违条犯法	neg	0.733
位卑言高	neg	0.733
无幽不烛	pos	0.733
推谢	neg	0.733
十成九稳	pos	0.733
十拏九稳	pos	0.733
石赤不夺	pos	0.733
识明智审	pos	0.733
识礼知书	pos	0.733
食不充口	neg	0.733
食不累味	pos	0.733
食生不化	neg	0.733
使心用腹	neg	0.733
使酒骂坐	neg	0.733
事半功百	pos	0.733
饰非文过	neg	0.733
视人如子	pos	0.733
视死若归	pos	0.733
是非颠倒	neg	0.733
适以相成	pos	0.733
守正不桡	pos	0.733
授柄于人	neg	0.733
书通二酉	pos	0.733
熟思审处	pos	0.733
鼠穴寻羊	neg	0.733
鼠盗狗窃	neg	0.733
鼠啮蠹蚀	neg	0.733
束手束足	neg	0.733
束手就禽	neg	0.733
束教管闻	neg	0.733
树德务滋	pos	0.733
爽然若失	neg	0.733
水秀山明	pos	0.733
水底捞针	neg	0.733
顺水顺风	pos	0.733
顺风使舵	neg	0.733
说是道非	neg	0.733
死乞白赖	neg	0.733
死眉瞪眼	neg	0.733
死声活气	neg	0.733
大熊猫	pos	0.733
悼念	pos	0.733
献旗	pos	0.733
哓哓	neg	0.733
上座	pos	0.733
神枪手	pos	0.733
吭哧	neg	0.733
僬侥	neg	0.733
结核杆菌	neg	0.733
闹玄虚	neg	0.733
幽情	pos	0.733
愚民政策	neg	0.733
抄袭	neg	0.733
超员	neg	0.733
尘肺	neg	0.733
吃大锅饭	neg	0.733
赤白痢	neg	0.733
笔走龙蛇	pos	0.733
璧坐玑驰	pos	0.733
辨物居方	pos	0.733
冰洁渊清	pos	0.733
秉笔直书	pos	0.733
不入时宜	neg	0.733
不可告人	neg	0.733
不知所厝	neg	0.733
不知寝食	pos	0.733
不凉不酸	neg	0.733
不问皂白	neg	0.733
不挠不折	pos	0.733
不讳之朝	pos	0.733
不识一丁	neg	0.733
才高气清	pos	0.733
材茂行絜	pos	0.733
财运亨通	pos	0.733
参天贰地	pos	0.733
拆东墙补西墙	neg	0.733
谄笑胁肩	neg	0.733
远至迩安	pos	0.733
岳镇渊渟	pos	0.733
运掉自如	pos	0.733
赃贿狼藉	neg	0.733
造作矫揉	neg	0.733
泽吻磨牙	neg	0.733
贼头鬼脑	neg	0.733
斩钉切铁	pos	0.733
招风惹雨	neg	0.733
朝梁暮晋	neg	0.733
贞松劲柏	pos	0.733
铮铮铁汉	pos	0.733
正正经经	pos	0.733
之死靡二	pos	0.733
执迷不醒	neg	0.733
指山说磨	neg	0.733
指东说西	neg	0.733
志在四海	pos	0.733
孤雌寡鹤	neg	0.733
鼓吹喧阗	pos	0.733
鼓腹击壤	pos	0.733
固执成见	neg	0.733
故家乔木	neg	0.733
顾盼自豪	neg	0.733
冠屦倒施	neg	0.733
贯朽粟腐	pos	0.733
光前绝后	pos	0.733
广见洽闻	pos	0.733
龟冷支床	neg	0.733
佹形僪状	neg	0.733
鬼头滑脑	neg	0.733
桂玉之地	pos	0.733
果刑信赏	pos	0.733
过都历块	pos	0.733
海屋筹添	pos	0.733
骇状殊形	neg	0.733
酣嬉淋漓	pos	0.733
含冰茹檗	pos	0.733
函盖充周	pos	0.733
韩卢逐块	neg	0.733
毫分缕析	pos	0.733
好善恶恶	pos	0.733
合衷共济	pos	0.733
和风丽日	pos	0.733
河目海口	pos	0.733
河门海口	neg	0.733
河清云庆	pos	0.733
鹤困鸡群	neg	0.733
横拖倒拽	neg	0.733
闳意妙指	pos	0.733
鸿泥雪爪	pos	0.733
鸿渐于干	pos	0.733
鸿断鱼沈	pos	0.733
狐裘尨茸	neg	0.733
狐鸣篝火	neg	0.733
师母	pos	0.733
施与	pos	0.733
时尚	pos	0.733
实验主义	neg	0.733
事大主义	neg	0.733
胡枝扯叶	neg	0.733
胡诌乱扯	neg	0.733
慌手慌脚	neg	0.733
黄雀伺蝉	neg	0.733
潢池盗弄	neg	0.733
恢诡谲怪	neg	0.733
浑抡吞枣	neg	0.733
魂不赴体	neg	0.733
祸起萧墙	neg	0.733
豁然开悟	pos	0.733
饥不遑食	pos	0.733
机心械肠	neg	0.733
鸡争鹅斗	neg	0.733
吉祥如意	pos	0.733
嫉贤傲士	neg	0.733
加膝坠泉	neg	0.733
家无担石	neg	0.733
假眉三道	neg	0.733
骨董	neg	0.733
鸡肋	neg	0.733
并蒂芙蓉	pos	0.733
鸾风和鸣	pos	0.733
独占鳖头	pos	0.733
闷雷	neg	0.733
冷板凳	neg	0.733
破鞋	neg	0.733
启迪	pos	0.733
谦辞	pos	0.733
前驱	pos	0.733
惹是非	neg	0.733
入垄	neg	0.733
行侠好义	pos	0.733
杏脸桃腮	pos	0.733
熊韬豹略	pos	0.733
俨乎其然	neg	0.733
杨花心性	neg	0.733
摇头摆脑	neg	0.733
颂词	pos	0.733
封己守残	neg	0.733
凤皇来仪	pos	0.733
改行为善	pos	0.733
乾乾翼翼	pos	0.733
革面悛心	pos	0.733
隔屋撺椽	neg	0.733
各得其宜	pos	0.733
通窍	pos	0.733
土鳖	neg	0.733
土专家	neg	0.733
推委	neg	0.733
劝勉	pos	0.733
荏弱	neg	0.733
锐气	pos	0.733
私货	neg	0.733
私刑	neg	0.733
随喜	pos	0.733
刑于之化	pos	0.733
行者让路	pos	0.733
杏腮桃脸	pos	0.733
煦色韶光	pos	0.733
艳紫妖红	pos	0.733
唱高调	neg	0.733
吃不消	neg	0.733
鄙夷不屑	neg	0.733
抃风儛润	pos	0.733
标新创异	pos	0.733
别具手眼	pos	0.733
冰清玉润	pos	0.733
兵无血刃	pos	0.733
博物洽闻	pos	0.733
不知高下	neg	0.733
不知颠倒	neg	0.733
不阴不阳	neg	0.733
不欺暗室	pos	0.733
不登大雅	neg	0.733
不遗巨细	pos	0.733
不辨菽粟	neg	0.733
材雄德茂	pos	0.733
长材小试	neg	0.733
变相	neg	0.733
彪柄	pos	0.733
宾服	pos	0.733
病虫害	neg	0.733
菠萝蜜	pos	0.733
不图	pos	0.733
不详	neg	0.733
佛眼相看	pos	0.733
否极阳回	pos	0.733
敷衍搪塞	neg	0.733
附炎趋热	neg	0.733
改柯易叶	pos	0.733
干巴利落	pos	0.733
高遏行云	pos	0.733
槁形灰心	neg	0.733
革邪反正	pos	0.733
隔靴爬痒	neg	0.733
弓影杯蛇	neg	0.733
公明正大	pos	0.733
功成名就	pos	0.733
攻疾防患	pos	0.733
拱揖指麾	pos	0.733
享年	pos	0.733
笑面虎	neg	0.733
舍身	pos	0.733
谱写	pos	0.733
齐截	pos	0.733
歧出	neg	0.733
牵扯	neg	0.733
谦让	pos	0.733
自视	neg	0.733
漫无目标	neg	0.733
卸任	neg	0.733
虚悬	neg	0.733
尖锐	pos	0.733
健步	pos	0.733
油头粉面	neg	0.733
意气飞扬	pos	0.733
淫言媟语	neg	0.733
引绳棋布	pos	0.733
饮冰食蘖	pos	0.733
隐居求志	pos	0.733
鹰瞵虎攫	neg	0.733
营蝇斐锦	neg	0.733
应弦而倒	pos	0.733
拥政爱民	pos	0.733
游骑无归	pos	0.733
有声无实	neg	0.733
渔人得利	neg	0.733
瑜百瑕一	pos	0.733
愚眉肉眼	neg	0.733
鸢肩羔膝	neg	0.733
渊涌风厉	pos	0.733
托福	neg	0.733
脱班	neg	0.733
枉费	neg	0.733
随人作计	neg	0.733
探赜索隐	pos	0.733
酬谢	pos	0.733
寸善片长	pos	0.733
打铁趁热	pos	0.733
大家风范	pos	0.733
大路椎轮	pos	0.733
大缪不然	neg	0.733
带金佩紫	pos	0.733
戴玄履黄	pos	0.733
戴霜履冰	pos	0.733
单见浅闻	neg	0.733
殚诚毕虑	pos	0.733
胆大泼天	pos	0.733
诞谩不经	neg	0.733
党邪丑正	neg	0.733
刀头燕尾	pos	0.733
倒持太阿	neg	0.733
蹈火探汤	pos	0.733
道同志合	pos	0.733
道高德重	pos	0.733
道边苦李	neg	0.733
得未尝有	pos	0.733
砥节砺行	pos	0.733
点头会意	pos	0.733
雕虫小艺	neg	0.733
钓名沽誉	neg	0.733
调词架讼	neg	0.733
跌脚槌胸	neg	0.733
顶门壮户	pos	0.733
东扯西拉	neg	0.733
东南之宝	pos	0.733
东窗消息	neg	0.733
滑溜	pos	0.733
锵金鸣玉	neg	0.733
强食弱肉	neg	0.733
憔神悴力	pos	0.733
切理会心	pos	0.733
青蝇染白	neg	0.733
轻车熟道	pos	0.733
轻财好义	pos	0.733
轻薄无知	neg	0.733
清风朗月	pos	0.733
情凄意切	neg	0.733
曲意承迎	neg	0.733
确然不群	pos	0.733
人情冷暖	neg	0.733
仁人义士	pos	0.733
日角龙庭	pos	0.733
荣谐伉俪	pos	0.733
柔远能迩	pos	0.733
如之奈何	neg	0.733
如坐春风	pos	0.733
如狼如虎	neg	0.733
如汤灌雪	pos	0.733
如胶投漆	pos	0.733
如原以偿	pos	0.733
乳声乳气	neg	0.733
入孝出弟	pos	0.733
入阁登坛	pos	0.733
枘凿冰炭	neg	0.733
洒心更始	pos	0.733
三日新妇	neg	0.733
三好二怯	neg	0.733
三贞五烈	pos	0.733
三阳交泰	pos	0.733
三头两日	neg	0.733
散灰扃户	neg	0.733
桑间之音	neg	0.733
搔着痒处	pos	0.733
山包海容	pos	0.733
山亏一篑	neg	0.733
伤心蒿目	neg	0.733
赏信罚必	pos	0.733
上下同心	pos	0.733
舍策追羊	pos	0.733
射像止啼	pos	0.733
身先朝露	neg	0.733
身做身当	pos	0.733
身废名裂	neg	0.733
深文曲折	neg	0.733
深根固本	pos	0.733
深恶痛嫉	neg	0.733
神不收舍	neg	0.733
神奸巨猾	neg	0.733
神采英拔	pos	0.733
神逝魄夺	neg	0.733
神超形越	pos	0.733
神魂飘荡	neg	0.733
神头鬼脸	neg	0.733
失之交臂	neg	0.733
失张失智	neg	0.733
诗云子曰	pos	0.733
错杂	neg	0.733
正骨	pos	0.733
眉目勿画	pos	0.733
误点	neg	0.733
现成话	neg	0.733
扫榻	pos	0.733
歃血	pos	0.733
上宾	pos	0.733
财礼	pos	0.733
一盘散沙	neg	0.733
牗中窥日	neg	0.733
人穷智短	neg	0.733
挈瓶之知	neg	0.733
浅见寡闻	neg	0.733
不成才	neg	0.733
振臂一呼	pos	0.733
东闪西躲	neg	0.733
自由放任	neg	0.733
下车作威	neg	0.733
直情径行	neg	0.733
壮土解腕	pos	0.733
右军习气	neg	0.733
漠不相关	neg	0.733
听之任之	neg	0.733
不以为意	neg	0.733
视如土芥	neg	0.733
大眼看小眼	neg	0.733
从善如登	pos	0.733
先意承旨	neg	0.733
附骥攀鸿	neg	0.733
固执已见	neg	0.733
凛如霜雪	neg	0.733
流离播越	pos	0.733
柳绿花红	pos	0.733
六韬三略	pos	0.733
龙眉凤目	pos	0.733
龙蛇飞舞	pos	0.733
龙颜凤姿	pos	0.733
漏尽钟鸣	neg	0.733
鲁殿灵光	pos	0.733
路柳墙花	neg	0.733
露宿风餐	neg	0.733
鸾音鹤信	pos	0.733
买王得羊	neg	0.733
卖乖弄俏	neg	0.733
谩天昧地	neg	0.733
迷而知返	pos	0.733
迷离徜仿	neg	0.733
花着	neg	0.733
灰不溜丢	neg	0.733
减师半德	neg	0.733
见事生风	neg	0.733
见财起意	neg	0.733
见精识精	pos	0.733
剑气箫心	pos	0.733
践规踏矩	neg	0.733
江郎才掩	neg	0.733
将无做有	neg	0.733
降心顺俗	neg	0.733
交詈聚唾	neg	0.733
骄侈淫虐	neg	0.733
教猱升木	neg	0.733
挢揉造作	neg	0.733
揭箧探囊	neg	0.733
诘屈聱牙	neg	0.733
洁清自矢	pos	0.733
桀骜自恃	neg	0.733
截铁斩钉	pos	0.733
解衣盘礴	pos	0.733
借客报仇	pos	0.733
金口木舌	pos	0.733
金石之交	pos	0.733
金昭玉粹	pos	0.733
金淘沙拣	pos	0.733
金尽裘敝	neg	0.733
金声玉润	pos	0.733
谨身节用	pos	0.733
锦绣心肠	pos	0.733
进退亡据	neg	0.733
进退惟谷	neg	0.733
进退无据	neg	0.733
进退双难	neg	0.733
进道若退	neg	0.733
进贤退奸	pos	0.733
进贤黜恶	pos	0.733
荆天棘地	neg	0.733
惊心吊胆	neg	0.733
惊心夺目	neg	0.733
惊魂动魄	neg	0.733
鲸吞虎噬	neg	0.733
井然有条	pos	0.733
径行直遂	pos	0.733
敬老慈少	pos	0.733
静言令色	neg	0.733
迥不犹人	pos	0.733
九烈三贞	pos	0.733
酒地花天	neg	0.733
酒龙诗虎	pos	0.733
救时厉俗	pos	0.733
拘挛补衲	neg	0.733
忘义	neg	0.733
巧言偏辞	neg	0.733
心为形役	neg	0.733
读书君子	pos	0.733
敦本务实	pos	0.733
多言多语	neg	0.733
掇臀捧屁	neg	0.733
讹以滋讹	neg	0.733
恶直丑正	neg	0.733
二心两意	neg	0.733
伐罪吊人	pos	0.733
反正还淳	pos	0.733
饭蔬饮水	pos	0.733
方头不劣	neg	0.733
飞声腾实	pos	0.733
分情破爱	neg	0.733
焚林竭泽	neg	0.733
丰墙峭阯	neg	0.733
虎彪彪	pos	0.733
嫡传	pos	0.733
乔迁	pos	0.733
俏皮话	neg	0.733
耍贫嘴	neg	0.733
劣株	neg	0.733
珑玲	pos	0.733
村夫俗子	neg	0.733
寸步难移	neg	0.733
搓手顿足	neg	0.733
打家截道	neg	0.733
大匠运斤	pos	0.733
大放厥辞	pos	0.733
大澈大悟	pos	0.733
待贾而沽	pos	0.733
戴清履浊	pos	0.733
丹凤朝阳	pos	0.733
担雪塞井	neg	0.733
胆大心粗	neg	0.733
胆壮气粗	pos	0.733
弹丸脱手	pos	0.733
党恶佑奸	neg	0.733
倒打一瓦	neg	0.733
倒峡泻河	pos	0.733
道弟称兄	pos	0.733
道傍苦李	neg	0.733
道殣相望	neg	0.733
德音莫违	neg	0.733
敌惠敌怨	pos	0.733
砥砺廉隅	pos	0.733
雕章绘句	pos	0.733
调三惑四	neg	0.733
跌宕昭彰	pos	0.733
跌弹斑鸠	neg	0.733
丢三忘四	neg	0.733
东支西吾	neg	0.733
东床娇客	pos	0.733
桃色	neg	0.733
天趣	pos	0.733
据高临下	neg	0.733
克爱克威	pos	0.733
口不择言	neg	0.733
口坠天花	neg	0.733
匡乱反正	pos	0.733
困心衡虑	neg	0.733
狼奔鼠偷	neg	0.733
狼顾鸢视	neg	0.733
乐极则悲	neg	0.733
乐道安命	pos	0.733
乐尽悲来	neg	0.733
楞头呆脑	neg	0.733
沥血叩心	pos	0.733
詈夷为跖	neg	0.733
连昏达曙	neg	0.733
连舆并席	pos	0.733
怜新厌旧	neg	0.733
恋酒贪花	neg	0.733
两世为人	pos	0.733
修心养性	pos	0.733
斤斤自守	neg	0.733
不忮不求	pos	0.733
修身洁行	pos	0.733
宵衣旰食	pos	0.733
于心何忍	neg	0.733
情怨理遣	neg	0.733
菩萨低眉	pos	0.733
有福同享	pos	0.733
见机行事	pos	0.733
不觉技痒	neg	0.733
巧取豪夺	pos	0.733
引绳批根	neg	0.733
瘦瘠	neg	0.733
耍笑	neg	0.733
析交离亲	neg	0.733
息黥补劓	pos	0.733
洗手奉公	pos	0.733
徙薪曲突	pos	0.733
鲜衣美食	neg	0.733
闲言冷语	neg	0.733
涎脸饧眼	neg	0.733
显山露水	pos	0.733
香草美人	pos	0.733
鸮心鹂舌	neg	0.733
心忙意急	pos	0.733
空喊	neg	0.733
亏蚀	pos	0.733
披肝沥血	pos	0.733
崎嵚历落	pos	0.733
骑鹤望扬州	neg	0.733
綦谿利跂	neg	0.733
杞人之忧	neg	0.733
气吞虹蜺	pos	0.733
气义相投	pos	0.733
弃恶从善	pos	0.733
砌红堆绿	pos	0.733
部分质变	neg	0.733
应名儿	neg	0.733
遇合	pos	0.733
元气	pos	0.733
晕船	neg	0.733
非意相干	neg	0.733
五鬼闹判	neg	0.733
旭日东升	pos	0.733
泯灭	neg	0.733
魔障	neg	0.733
拿架子	neg	0.733
爱素好古	pos	0.733
安国富民	pos	0.733
安心定志	pos	0.733
安于一隅	pos	0.733
岸然道貌	neg	0.733
昂首天外	neg	0.733
傲慢不逊	neg	0.733
傲头傲脑	neg	0.733
鳌里夺尊	pos	0.733
拔山举鼎	pos	0.733
拔了萝卜地皮宽	neg	0.733
霸道横行	neg	0.733
白眼相看	pos	0.733
百堵皆作	pos	0.733
百岁千秋	pos	0.733
败材伤锦	neg	0.733
拜赐之师	neg	0.733
半身不遂	neg	0.733
徬徨失措	neg	0.733
饱暖思淫欲	neg	0.733
抱诚守真	pos	0.733
暴内陵外	neg	0.733
杯中蛇影	neg	0.733
背公向私	neg	0.733
背暗投明	pos	0.733
逼良为娼	neg	0.733
治丝而棼	neg	0.733
智尽能索	neg	0.733
智勇兼全	pos	0.733
彘肩斗酒	pos	0.733
忠言逆耳	pos	0.733
众醉独醒	pos	0.733
铢铢较量	pos	0.733
主情造意	pos	0.733
驻红却白	pos	0.733
铸剑为犁	pos	0.733
妆模作样	neg	0.733
谆谆诰诫	pos	0.733
捉鸡骂狗	neg	0.733
浊泾清渭	pos	0.733
孜孜不懈	pos	0.733
孳孳汲汲	pos	0.733
足不逾户	neg	0.733
足高气强	neg	0.733
钻冰取火	neg	0.733
尊主泽民	pos	0.733
坐吃山崩	neg	0.733
坐食山空	neg	0.733
保不住	pos	0.733
奔忙	neg	0.733
本草纲目	pos	0.733
逼勒	neg	0.733
胖墩儿	pos	0.733
平正	pos	0.733
柳暗花遮	pos	0.733
龙生九种	neg	0.733
龙蟠虎伏	pos	0.733
鸾吟凤唱	pos	0.733
鸾跂鸿惊	pos	0.733
鸾鹄在庭	pos	0.733
论黄数黑	neg	0.733
洛阳纸贵	pos	0.733
掠影浮光	neg	0.733
骂天扯地	neg	0.733
漫天叫价	neg	0.733
盲人扪烛	neg	0.733
没计奈何	neg	0.733
没颠没倒	neg	0.733
迷途知反	pos	0.733
骨肉未寒	neg	0.733
骨腾肉飞	neg	0.733
鼓眼努睛	neg	0.733
鼓馁旗靡	neg	0.733
故步自画	neg	0.733
顾左右而言他	neg	0.733
顾景惭形	neg	0.733
刮野扫地	neg	0.733
乖唇蜜舌	neg	0.733
观眉说眼	neg	0.733
灌夫骂坐	neg	0.733
光彩耀目	pos	0.733
广譬曲谕	pos	0.733
贵人多忘	neg	0.733
贵壮贱弱	neg	0.733
滚瓜流水	pos	0.733
酣歌恒舞	neg	0.733
含牙戴角	neg	0.733
含明隐迹	pos	0.733
寒灰更然	pos	0.733
好行小慧	neg	0.733
和颜说色	pos	0.733
河清社鸣	pos	0.733
河汉江淮	pos	0.733
鹤骨龙筋	pos	0.733
鹤势螂形	pos	0.733
横行直走	neg	0.733
后来之秀	pos	0.733
呼群结党	neg	0.733
食物中毒	neg	0.733
市惠	neg	0.733
势治	neg	0.733
适中	pos	0.733
收揽	neg	0.733
袁安高卧	pos	0.733
岳岳磊磊	pos	0.733
云心鹤眼	pos	0.733
运斤如风	pos	0.733
择地而蹈	pos	0.733
斋心涤虑	pos	0.733
战无不克	pos	0.733
张眉努目	neg	0.733
招是搬非	neg	0.733
朝过夕改	pos	0.733
折冲之臣	pos	0.733
震聋发聩	pos	0.733
正正气气	pos	0.733
政清人和	pos	0.733
执迷不反	neg	0.733
直言正谏	pos	0.733
咫尺万里	pos	0.733
委罪	neg	0.733
温居	pos	0.733
文字狱	neg	0.733
徒负虚名	neg	0.733
托于空言	neg	0.733
王孙公子	pos	0.733
未足轻重	neg	0.733
未为不可	pos	0.733
无背无侧	neg	0.733
帖服	pos	0.733
通融	pos	0.733
痛击	neg	0.733
面不改容	pos	0.733
面是心非	neg	0.733
妙言要道	pos	0.733
鸣野食苹	pos	0.733
谬以千里	neg	0.733
目无尊长	neg	0.733
内峻外和	pos	0.733
能掐会算	pos	0.733
泥而不滓	pos	0.733
年高德卲	pos	0.733
弄神弄鬼	neg	0.733
十死不问	neg	0.733
十室九匮	neg	0.733
十转九空	neg	0.733
识字知书	pos	0.733
识涂老马	pos	0.733
食不二味	pos	0.733
食不兼味	pos	0.733
食古如鲠	neg	0.733
豕窜狼逋	neg	0.733
使性谤气	neg	0.733
市井无赖	neg	0.733
势穷力蹙	neg	0.733
饰智矜愚	neg	0.733
视死若生	pos	0.733
视如草芥	neg	0.733
视险若夷	pos	0.733
释生取义	neg	0.733
适心娱目	pos	0.733
适逢其时	pos	0.733
手到拈来	pos	0.733
守正不挠	pos	0.733
授人口实	neg	0.733
书香门户	pos	0.733
输肝沥胆	pos	0.733
鼠目麞头	neg	0.733
鼠偷狗盗	neg	0.733
鼠啮虫穿	neg	0.733
束手自毙	neg	0.733
束手就困	neg	0.733
束马悬车	neg	0.733
树高招风	neg	0.733
爽然自失	pos	0.733
水底捞月	neg	0.733
顺水行舟	pos	0.733
顺风使船	pos	0.733
说是弄非	neg	0.733
思归其雌	neg	0.733
死而不朽	pos	0.733
死骨更肉	pos	0.733
死声咷气	neg	0.733
献礼	pos	0.733
小动作	neg	0.733
携贰	neg	0.733
伸畅	pos	0.733
神气	pos	0.733
袅娜	pos	0.733
长生	pos	0.733
畅想	pos	0.733
超生	neg	0.733
吃不住	neg	0.733
吃劲	neg	0.733
孤形吊影	neg	0.733
鼓腹含哺	pos	0.733
瞽言妄举	neg	0.733
顾盼生辉	pos	0.733
寡情薄意	neg	0.733
怪雨盲风	neg	0.733
官法如炉	pos	0.733
冠履倒置	neg	0.733
贯朽粟陈	pos	0.733
光前启后	pos	0.733
轨物范世	pos	0.733
贵不召骄	neg	0.733
过甚其辞	neg	0.733
海阔天高	neg	0.733
函矢相攻	neg	0.733
好酒贪杯	pos	0.733
诃佛诋巫	neg	0.733
河水不犯井水	neg	0.733
河清海竭	neg	0.733
鹤膝蜂腰	neg	0.733
横拖倒扯	neg	0.733
横遮竖挡	neg	0.733
横恩滥赏	neg	0.733
轰堂大笑	neg	0.733
闳侈不经	neg	0.733
鸿爪雪泥	pos	0.733
鸿鹄将至	neg	0.733
狐奔鼠窜	neg	0.733
狐鸣篝中	neg	0.733
师公	pos	0.733
施威	neg	0.733
什么的	pos	0.733
释疑	pos	0.733
胡拉乱扯	neg	0.733
胡诌八扯	neg	0.733
化民易俗	pos	0.733
惠子知我	pos	0.733
浑俗和光	neg	0.733
混作一谈	neg	0.733
活剥生吞	neg	0.733
击壤鼓腹	pos	0.733
鸡犬无惊	pos	0.733
吉日良时	pos	0.733
计功谋利	neg	0.733
戛釜撞瓮	neg	0.733
假门假事	neg	0.733
尖言冷语	neg	0.733
活菩萨	pos	0.733
机心	neg	0.733
别鹤孤鸾	neg	0.733
菽水承欢	pos	0.733
风餐露宿	neg	0.733
尺寸之功	pos	0.733
反裘负当	neg	0.733
瓮牖绳枢	neg	0.733
道大莫容	neg	0.733
人为刀组	neg	0.733
上天无路	neg	0.733
罢黜	neg	0.733
拜寿	pos	0.733
般若	pos	0.733
榜眼	pos	0.733
闷倦	neg	0.733
软磨	neg	0.733
硕果	pos	0.733
私话	neg	0.733
思凡	neg	0.733
送人情	neg	0.733
随心	pos	0.733
礼遇	pos	0.733
联结	pos	0.733
砭庸针俗	neg	0.733
辨日炎凉	pos	0.733
别生枝节	neg	0.733
冰清玉粹	pos	0.733
兵未血刃	pos	0.733
秉公办理	pos	0.733
剥极则复	pos	0.733
博物君子	pos	0.733
不了不当	neg	0.733
不步人脚	pos	0.733
不知所错	neg	0.733
不知头脑	neg	0.733
不祧之宗	pos	0.733
不揣冒昧	pos	0.733
不愧下学	pos	0.733
不挠不屈	pos	0.733
不讳之路	pos	0.733
不识抬举	neg	0.733
才疏志大	pos	0.733
材高知深	pos	0.733
惨无人理	neg	0.733
柴立不阿	pos	0.733
阐扬光大	pos	0.733
长安少年	neg	0.733
长蛇封豕	neg	0.733
拜客	pos	0.733
变卦	neg	0.733
辩正	pos	0.733
病容	neg	0.733
不敷	neg	0.733
不下于	pos	0.733
风花雪月	neg	0.733
风雨时若	pos	0.733
封胡羯末	neg	0.733
凤毛济美	pos	0.733
凤凰来仪	pos	0.733
佛眼佛心	pos	0.733
否极泰回	pos	0.733
浮光略影	neg	0.733
干巴利脆	pos	0.733
櫜弓卧鼓	pos	0.733
革心易行	pos	0.733
隔靴抓痒	neg	0.733
公私两济	pos	0.733
破颜	pos	0.733
面谩腹诽	neg	0.733
乜斜缠帐	neg	0.733
铭心镂骨	pos	0.733
泥猪疥狗	neg	0.733
女中丈夫	pos	0.733
意前笔后	pos	0.733
因公行私	neg	0.733
阴凝冰坚	neg	0.733
银样蜡枪头	neg	0.733
崟崎磊落	pos	0.733
营私作弊	neg	0.733
郢人斫垩	pos	0.733
油嘴油舌	neg	0.733
有死无二	pos	0.733
有耻且格	pos	0.733
右翦左屠	pos	0.733
予取予夺	neg	0.733
榆枋之见	neg	0.733
与世浮沉	neg	0.733
雨旸时若	pos	0.733
语近指远	pos	0.733
语无诠次	neg	0.733
遇水架桥	pos	0.733
鬻声钓世	neg	0.733
渊鱼丛爵	neg	0.733
如堕烟海	neg	0.733
滥竿充数	neg	0.733
倍道而进	pos	0.733
灵便	pos	0.733
草率收兵	neg	0.733
舐糠及米	neg	0.733
脑中无数	neg	0.733
尊古卑今	neg	0.733
倒屣相迎	pos	0.733
秋风过耳	neg	0.733
三复斯言	pos	0.733
不在话下	pos	0.733
怡声下气	neg	0.733
探竿影草	pos	0.733
题名道姓	neg	0.733
添盐着醋	neg	0.733
轻言寡信	neg	0.733
清辞丽句	pos	0.733
囚首丧面	neg	0.733
权重秩卑	neg	0.733
染指垂涎	neg	0.733
人一己百	pos	0.733
仁柔寡断	neg	0.733
日旰忘食	pos	0.733
日昃忘食	pos	0.733
日锻月炼	pos	0.733
入文出武	pos	0.733
桑土绸缪	pos	0.733
上窜下跳	neg	0.733
深中隐厚	pos	0.733
神哗鬼叫	neg	0.733
存在主义	neg	0.733
假撇清	neg	0.733
鹣鲽	pos	0.733
脱漏	neg	0.733
维新	pos	0.733
据图刎首	neg	0.733
军不血刃	pos	0.733
开利除害	pos	0.733
空谷足音	pos	0.733
夸夸而谈	neg	0.733
括目相待	pos	0.733
揽辔登车	pos	0.733
冷言热语	neg	0.733
沥血披肝	pos	0.733
量体裁衣	pos	0.733
两头三面	neg	0.733
量能授官	pos	0.733
绳愆纠谬	pos	0.733
狷介之士	pos	0.733
分秒必争	pos	0.733
不敢告劳	pos	0.733
众擎易举	pos	0.733
自出心栽	pos	0.733
簧鼓	neg	0.733
毁誉	neg	0.733
掷地金声	pos	0.733
雉头狐腋	neg	0.733
钟鼎山林	pos	0.733
重厚少文	neg	0.733
肘腋之患	neg	0.733
珠圆玉洁	pos	0.733
铢分毫析	pos	0.733
铢积丝累	pos	0.733
逐浪随波	neg	0.733
柱小倾大	neg	0.733
拙嘴笨舌	neg	0.733
捉风捕影	neg	0.733
孜孜矻矻	pos	0.733
足衣足食	pos	0.733
钻穴逾垣	neg	0.733
钻坚研微	pos	0.733
醉玉颓山	pos	0.733
作言造语	neg	0.733
坐失事机	neg	0.733
凿空取办	neg	0.733
爱国主义	pos	0.733
安歇	pos	0.733
东磕西撞	neg	0.733
冬箑夏裘	neg	0.733
毒赋賸敛	neg	0.733
妒贤疾能	neg	0.733
断章取意	neg	0.733
多嘴献浅	neg	0.733
恶尘无染	pos	0.733
凡才浅识	neg	0.733
反裘伤皮	neg	0.733
贩交买名	neg	0.733
放泼撒豪	neg	0.733
分斤掰两	neg	0.733
分条析理	pos	0.733
焚林而田	neg	0.733
风雨不改	pos	0.733
糊弄局	neg	0.733
花花绿绿	pos	0.733
调笑	neg	0.733
周游	pos	0.733
拙见	pos	0.733
良种繁育	pos	0.733
了得	pos	0.733
讨便宜	neg	0.733
挑字眼儿	neg	0.733
巧干	pos	0.733
峭拔	pos	0.733
情理	pos	0.733
雾鳞云爪	neg	0.733
析言破律	neg	0.733
洗耳恭听	pos	0.733
仙风道气	pos	0.733
显祖荣宗	pos	0.733
响彻云际	pos	0.733
枭心鹤貌	neg	0.733
款留	pos	0.733
拉近乎	neg	0.733
披襟解带	pos	0.733
贫嘴滑舌	neg	0.733
骑鹤上扬	neg	0.733
骑驴风雪中	pos	0.733
气忍声吞	neg	0.733
千人一面	neg	0.733
千秋万古	pos	0.733
依偎	pos	0.733
义仓	pos	0.733
应典	pos	0.733
冤枉路	neg	0.733
元宵	pos	0.733
原宥	pos	0.733
脏字	neg	0.733
爱人以德	pos	0.733
多许少与	neg	0.733
逢人说项	pos	0.733
牵羊担酒	pos	0.733
银河倒泻	pos	0.733
磨练	pos	0.733
耐烦	pos	0.733
爱人利物	pos	0.733
碍足碍手	neg	0.733
安土乐业	pos	0.733
安内攘外	pos	0.733
安身乐业	pos	0.733
安忍无亲	pos	0.733
暗昧之事	neg	0.733
卬头阔步	pos	0.733
昂然直入	pos	0.733
傲睨一切	neg	0.733
遨翔自得	pos	0.733
八街九陌	pos	0.733
巴巴急急	pos	0.733
拔地倚天	pos	0.733
跋扈自恣	neg	0.733
白发丹心	pos	0.733
百般刁难	neg	0.733
败俗伤化	neg	0.733
班衣戏采	pos	0.733
伴食中书	neg	0.733
苞苴竿牍	neg	0.733
保境息民	pos	0.733
抱火卧薪	neg	0.733
抱蔓摘瓜	neg	0.733
抱子弄孙	pos	0.733
陂湖禀量	pos	0.733
杯觥交错	pos	0.733
背碑覆局	pos	0.733
背恩忘义	neg	0.733
本支百世	pos	0.733
比户可封	pos	0.733
偷合苟容	neg	0.733
引颈受戮	neg	0.733
蹇谔匪躬	pos	0.733
见义必为	pos	0.733
见噎废食	neg	0.733
剑态箫心	pos	0.733
槛花笼鹤	neg	0.733
江流日下	neg	0.733
将虾钓鳖	neg	0.733
降志辱身	neg	0.733
郊寒岛瘦	neg	0.733
骄泰淫泆	neg	0.733
焦金流石	neg	0.733
狡焉思启	neg	0.733
诘诎聱牙	neg	0.733
桀敖不驯	neg	0.733
截长补短	pos	0.733
解民倒悬	pos	0.733
解剑拜仇	pos	0.733
巾帼须眉	pos	0.733
金石不渝	pos	0.733
金波玉液	pos	0.733
金翅擘海	pos	0.733
金貂贳酒	pos	0.733
金针见血	pos	0.733
谨终如始	pos	0.733
锦团花簇	pos	0.733
锦囊佳制	pos	0.733
进退跋疐	neg	0.733
进退触篱	neg	0.733
进禄加官	neg	0.733
进贤屏恶	pos	0.733
荆棘满途	neg	0.733
惊心破胆	neg	0.733
惊心褫魄	neg	0.733
惊魂丧魄	neg	0.733
井井有方	pos	0.733
井渫莫食	pos	0.733
径情直遂	pos	0.733
敬姜犹绩	pos	0.733
九间朝殿	pos	0.733
酒色之徒	neg	0.733
救火投薪	neg	0.733
救焚拯溺	pos	0.733
居仁由义	pos	0.733
直溜溜	pos	0.733
附骥	neg	0.733
悉心	pos	0.733
现话	neg	0.733
筛糠	neg	0.733
扇动	neg	0.733
赏赉	pos	0.733
上等兵	pos	0.733
上书	pos	0.733
跑江湖	neg	0.733
跑辙	neg	0.733
披甲	pos	0.733
月貌花容	pos	0.733
云屯席卷	pos	0.733
云窗月户	pos	0.733
云兴霞蔚	pos	0.733
赃污狼籍	neg	0.733
赃秽狼藉	neg	0.733
贼子乱臣	neg	0.733
谮下谩上	neg	0.733
斩钢截铁	pos	0.733
仗节死义	pos	0.733
昭德塞违	pos	0.733
朝阳鸣凤	pos	0.733
真刀真枪	pos	0.733
枝叶扶疏	pos	0.733
执鞭坠镫	pos	0.733
指日誓心	pos	0.733
指鹿作马	neg	0.733
文化大革命	neg	0.733
徒子徒孙	neg	0.733
施绯拖绿	neg	0.733
十年读书	pos	0.733
十恶五逆	neg	0.733
识途老马	pos	0.733
拾人唾余	neg	0.733
食不知味	neg	0.733
食箪浆壶	pos	0.733
使羊将狼	neg	0.733
使嘴使舌	neg	0.733
饰非遂过	neg	0.733
视同陌路	neg	0.733
视为寇雠	neg	0.733
室怒市色	neg	0.733
誓死不贰	pos	0.733
适材适所	pos	0.733
收成弃败	neg	0.733
手疾眼快	pos	0.733
书不释手	pos	0.733
摅肝沥胆	pos	0.733
熟读深思	pos	0.733
鼠迹狐踪	neg	0.733
鼠凭社贵	neg	0.733
数白论黄	neg	0.733
束手旁观	neg	0.733
束手缚脚	neg	0.733
树大招风	neg	0.733
水到鱼行	pos	0.733
顺人应天	pos	0.733
顺非而泽	pos	0.733
死中求活	pos	0.733
死求百赖	neg	0.733
死模活样	neg	0.733
四海承风	pos	0.733
叨教	neg	0.733
高足	pos	0.733
阶段分化	neg	0.733
解人	pos	0.733
借端	neg	0.733
襟怀	pos	0.733
能人	pos	0.733
派头	neg	0.733
友情	pos	0.733
笔饱墨酣	pos	0.733
婢膝奴颜	neg	0.733
标新竖异	pos	0.733
别创一格	pos	0.733
冰壸秋月	pos	0.733
并世无两	pos	0.733
剥肤及髓	neg	0.733
博闻强识	pos	0.733
不分青白	neg	0.733
不吐不茹	pos	0.733
不拔一毛	neg	0.733
不咸不淡	neg	0.733
不教而诛	neg	0.733
不废江河	pos	0.733
不避水火	pos	0.733
不识好歹	neg	0.733
不护细行	neg	0.733
才夸八斗	pos	0.733
惨绿少年	pos	0.733
豺狼当路	neg	0.733
长材茂学	pos	0.733
长恶靡悛	neg	0.733
师长	pos	0.733
师爷	pos	0.733
施主	pos	0.733
识相	pos	0.733
食品污染	neg	0.733
世兄	pos	0.733
化鸱为凤	pos	0.733
还珠买椟	neg	0.733
黄粱一梦	neg	0.733
毁方投圆	neg	0.733
诲奸导淫	neg	0.733
混水捞鱼	neg	0.733
饥冻交切	pos	0.733
及时行乐	neg	0.733
计过自讼	pos	0.733
霁风朗月	pos	0.733
假人辞色	pos	0.733
混帐	neg	0.733
辑睦	pos	0.733
与世沉浮	neg	0.733
宜家宜室	pos	0.733
青蝇吊客	neg	0.733
风鬟雨鬓	neg	0.733
著作等身	pos	0.733
称薪而爨	neg	0.733
移东补西	neg	0.733
黄杨厄闻	neg	0.733
帮闲	neg	0.733
美女	pos	0.733
一二九运动	pos	0.733
起事	neg	0.733
气量	pos	0.733
气韵	pos	0.733
前贤	pos	0.733
人伦	pos	0.733
乳臭	neg	0.733
风车云马	neg	0.733
凤引九雏	pos	0.733
附势趋炎	neg	0.733
改恶从善	pos	0.733
干净利索	pos	0.733
高飞远举	pos	0.733
拱手让人	neg	0.733
狗续侯冠	neg	0.733
通好	pos	0.733
头面人物	neg	0.733
私奔	neg	0.733
私了	neg	0.733
颂歌	pos	0.733
塌实	pos	0.733
老江湖	neg	0.733
乐土	pos	0.733
抄用	neg	0.733
超载	neg	0.733
吃大户	pos	0.733
吃老本	neg	0.733
便血	neg	0.733
变质	neg	0.733
标准化	pos	0.733
冰雹	neg	0.733
兵舰	pos	0.733
并发症	neg	0.733
病原菌	neg	0.733
不大离	pos	0.733
不恤	neg	0.733
献身	pos	0.733
香花	pos	0.733
嚣浮	neg	0.733
小圈子	neg	0.733
绅士协定	pos	0.733
神权	neg	0.733
声威	pos	0.733
圣上	pos	0.733
失学	neg	0.733
懈气	neg	0.733
因难见巧	pos	0.733
支前	pos	0.733
尽让	pos	0.733
附会	neg	0.733
哜哜嘈嘈	neg	0.733
谏诤	pos	0.733
披毛索黡	neg	0.733
七舌八嘴	neg	0.733
其应若响	pos	0.733
弃过图新	pos	0.733
契船求剑	neg	0.733
泯没	neg	0.733
名言	pos	0.733
拿获	pos	0.733
义演	pos	0.733
燠热	neg	0.733
原形	neg	0.733
圆全	pos	0.733
分化瓦解	neg	0.733
花红柳绿	pos	0.733
竹头木屑	pos	0.733
秋月春风	pos	0.733
残喘	neg	0.733
庸耳俗目	neg	0.733
油嘴花唇	neg	0.733
游戏笔墨	neg	0.733
有心有意	pos	0.733
有头无脑	neg	0.733
予取予求	neg	0.733
余味无穷	pos	0.733
余子碌碌	neg	0.733
鱼鲁帝虎	neg	0.733
逾次超秩	neg	0.733
榆木脑袋	neg	0.733
各奔前程	pos	0.733
自己打自己的嘴巴	neg	0.733
绝长补短	pos	0.733
胸中无数	neg	0.733
索然无味	neg	0.733
柔枝嫩条	pos	0.733
如操左券	pos	0.733
稳操左券	pos	0.733
软硬兼施	pos	0.733
撒豆成兵	pos	0.733
三心两意	neg	0.733
三翻四覆	neg	0.733
散伤丑害	neg	0.733
珊珊来迟	neg	0.733
深根宁极	pos	0.733
神仙中人	pos	0.733
剩菜残羹	neg	0.733
搜章擿句	neg	0.733
随寓而安	pos	0.733
探幽索隐	pos	0.733
探囊胠箧	neg	0.733
添砖加瓦	pos	0.733
恬然自足	pos	0.733
挑精拣肥	neg	0.733
口惠	neg	0.733
庖代	neg	0.733
疲塌	neg	0.733
偏巧	pos	0.733
轻言肆口	neg	0.733
轻财贵义	pos	0.733
清歌曼舞	pos	0.733
求生害仁	neg	0.733
燃萁之敏	pos	0.733
热心苦口	pos	0.733
仁者能仁	pos	0.733
日旰不食	pos	0.733
日昃旰食	pos	0.733
日暖风恬	pos	0.733
切中	pos	0.733
犀角烛怪	pos	0.733
鲜衣怒马	neg	0.733
闲花野草	neg	0.733
嫌长道短	neg	0.733
现钟弗打	neg	0.733
相得益章	pos	0.733
心如金石	pos	0.733
心怡神旷	pos	0.733
历世摩钝	pos	0.733
轻生	neg	0.733
种子选手	pos	0.733
主力舰	pos	0.733
准将	pos	0.733
安老怀少	pos	0.733
奔走之友	pos	0.733
闭气	neg	0.733
蔽塞	neg	0.733
东冲西撞	neg	0.733
斗唇合舌	neg	0.733
杜隙防微	pos	0.733
对证下药	pos	0.733
遁天倍情	neg	0.733
恶衣菲食	pos	0.733
二分明月	pos	0.733
放达不羁	pos	0.733
飞流短长	neg	0.733
丰亨豫大	pos	0.733
抵抗	pos	0.733
地保	neg	0.733
良种	pos	0.733
亮铮铮	pos	0.733
胡言汉语	neg	0.733
胡说乱道	neg	0.733
悔罪自新	pos	0.733
火上添油	neg	0.733
击钵催诗	pos	0.733
假门假氏	neg	0.733
兼爱无私	pos	0.733
孤豚腐鼠	neg	0.733
鼓腹含和	pos	0.733
瞽言萏议	pos	0.733
故甚其词	neg	0.733
顾头不顾尾	neg	0.733
冠履倒易	neg	0.733
贯朽粟红	pos	0.733
海中捞月	neg	0.733
好心好意	pos	0.733
河海清宴	pos	0.733
实干	pos	0.733
劫持	neg	0.733
货色	neg	0.733
变天	neg	0.733
瘪三	neg	0.733
铿然	pos	0.733
用工夫	pos	0.733
诱致	neg	0.733
云起雪飞	pos	0.733
咂嘴弄舌	neg	0.733
造言生事	neg	0.733
整本大套	pos	0.733
执鞭随镫	pos	0.733
指山卖磨	neg	0.733
指东划西	neg	0.733
识文断字	pos	0.733
使性掼气	neg	0.733
视如陌路	neg	0.733
适居其反	neg	0.733
数短论长	neg	0.733
水底摸月	neg	0.733
顺天应人	pos	0.733
顺风吹火	pos	0.733
说地谈天	neg	0.733
思妇病母	neg	0.733
四通五达	pos	0.733
鼓脑争头	neg	0.733
故态复还	neg	0.733
怪声怪气	neg	0.733
冠山戴粒	pos	0.733
规重矩叠	pos	0.733
贵少贱老	neg	0.733
果行育德	pos	0.733
亥豕相望	neg	0.733
好善嫉恶	pos	0.733
合眼摸象	neg	0.733
河出伏流	pos	0.733
横三顺四	neg	0.733
横拖竖拉	neg	0.733
烘堂大笑	pos	0.733
厚生利用	pos	0.733
识见	pos	0.733
实用主义	neg	0.733
委过	neg	0.733
兀傲	neg	0.733
兔角牛翼	neg	0.733
推天抢地	neg	0.733
文籍先生	pos	0.733
无相无作	pos	0.733
逗趣儿	pos	0.733
力行	pos	0.733
普照	pos	0.733
群英会	pos	0.733
认错	pos	0.733
尘埃传染	neg	0.733
泥足巨人	neg	0.733
伯埙仲篪	pos	0.733
橡皮图章	neg	0.733
隐鳞戢翼	pos	0.733
千金市骨	pos	0.733
柔远怀来	pos	0.733
跌荡	pos	0.733
黄齑淡饭	neg	0.733
视死如饴	pos	0.733
荣辱	pos	0.733
浑浑沈沈	neg	0.733
驿路梅花	pos	0.733
意气洋洋	neg	0.733
存亡续绝	pos	0.733
打恭作揖	pos	0.733
大马金刀	pos	0.733
大胆包身	pos	0.733
带月披星	pos	0.733
戴月披星	pos	0.733
戴头识脸	pos	0.733
单文孤证	neg	0.733
胆大于身	pos	0.733
诞罔不经	neg	0.733
党邪陷正	neg	0.733
倒持干戈	neg	0.733
蹈火赴汤	pos	0.733
道存目击	pos	0.733
道高望重	pos	0.733
道貌俨然	pos	0.733
道头会尾	pos	0.733
得未曾有	pos	0.733
砥节励行	pos	0.733
点水不漏	pos	0.733
雕虫小事	neg	0.733
雕镂藻绘	neg	0.733
调停两用	neg	0.733
顶天踵地	pos	0.733
丢盔卸甲	neg	0.733
东南之美	pos	0.733
东窗计	neg	0.733
打前站	pos	0.733
大民族主义	neg	0.733
豆蔻华华	pos	0.733
刘毅答诏	pos	0.733
流风回雪	pos	0.733
流离琐尾	neg	0.733
柳烟花雾	pos	0.733
龙蛇飞动	pos	0.733
龙雏凤种	pos	0.733
露红烟绿	pos	0.733
鸾回凤翥	pos	0.733
驴年马月	neg	0.733
马入华山	pos	0.733
埋天怨地	neg	0.733
漫不加意	neg	0.733
门无杂客	pos	0.733
迷而知反	pos	0.733
迷涂知反	pos	0.733
宏达	pos	0.733
心如刀搅	neg	0.733
寸田尺宅	neg	0.733
打家截舍	neg	0.733
大彻大悟	pos	0.733
待兔守株	neg	0.733
戴笠乘车	pos	0.733
担雪填河	neg	0.733
殚谋戮力	pos	0.733
胆壮心雄	pos	0.733
淡饭黄齑	neg	0.733
党坚势盛	pos	0.733
蹈锋饮血	pos	0.733
道合志同	pos	0.733
道无拾遗	pos	0.733
道殣相枕	neg	0.733
德艺双馨	pos	0.733
敌国通舟	neg	0.733
砥砺名节	pos	0.733
貂狗相属	neg	0.733
雕虫刻篆	neg	0.733
钓誉沽名	neg	0.733
跌宕不羁	pos	0.733
跌荡风流	pos	0.733
东床姣婿	pos	0.733
东偷西摸	neg	0.733
东敲西逼	neg	0.733
众说	pos	0.733
爱民如子	pos	0.733
安富恤贫	pos	0.733
安心乐意	pos	0.733
安坐待毙	neg	0.733
暗锤打人	neg	0.733
昂首伸眉	pos	0.733
傲骨嶙嶙	pos	0.733
傲霜斗雪	pos	0.733
八面张罗	pos	0.733
拔葵啖枣	neg	0.733
把酒持螯	pos	0.733
白雪阳春	pos	0.733
百代文宗	pos	0.733
百卉千葩	pos	0.733
百兽率舞	pos	0.733
败化伤风	neg	0.733
败国丧家	neg	0.733
搬斤播两	neg	0.733
半面不忘	pos	0.733
傍人篱落	neg	0.733
宝珠市饼	pos	0.733
保家卫国	pos	0.733
抱残守阙	neg	0.733
抱薪救焚	neg	0.733
鲍鱼之肆	neg	0.733
杯弓市虎	neg	0.733
北宫婴儿	pos	0.733
背义负恩	neg	0.733
背山起楼	neg	0.733
逼人太甚	neg	0.733
荷荷	neg	0.733
黑枪	neg	0.733
领异标新	pos	0.733
六街三陌	pos	0.733
龙生九子	neg	0.733
龙飞凤翥	pos	0.733
龙翔凤舞	pos	0.733
龙盘虎拏	pos	0.733
龙头锯角	neg	0.733
龙蟠虬结	neg	0.733
陆詟水栗	pos	0.733
露餐风宿	neg	0.733
鸾只凤单	neg	0.733
鸾舆凤驾	pos	0.733
论黄数白	neg	0.733
洛阳才子	pos	0.733
履信思顺	pos	0.733
卖狗悬羊	neg	0.733
谩不经意	neg	0.733
孤雏腐鼠	neg	0.733
鼓唇摇舌	neg	0.733
顾犬补牢	neg	0.733
顾后瞻前	neg	0.733
瓜垢磨痕	neg	0.733
观化听风	pos	0.733
光彩溢目	pos	0.733
广种薄收	neg	0.733
闺英闱秀	pos	0.733
鬼哭神愁	neg	0.733
贵壮贱老	neg	0.733
过化存神	pos	0.733
过桥拆桥	neg	0.733
含牙带角	neg	0.733
含辛茹苦	pos	0.733
含商咀征	pos	0.733
寒心销志	neg	0.733
好行小惠	neg	0.733
和容悦色	pos	0.733
河清三日	pos	0.733
河溓海晏	pos	0.733
鹤骨松筋	pos	0.733
鹤短凫长	neg	0.733
黑言诳语	neg	0.733
横拦竖挡	neg	0.733
衡阳雁断	neg	0.733
泓峥萧瑟	pos	0.733
伪书	neg	0.733
未形之患	neg	0.733
死诸葛哧走生仲达	pos	0.733
右倾机会主义	neg	0.733
寓公	neg	0.733
河清海宴	pos	0.733
鸿爪留泥	pos	0.733
比冀齐飞	pos	0.733
把兄弟	pos	0.733
般配	pos	0.733
绑票	neg	0.733
对口疮	neg	0.733
同气连枝	pos	0.733
思深义重	pos	0.733
开宗明义	pos	0.733
言谈林薮	pos	0.733
促膝谈心	pos	0.733
平心而论	pos	0.733
不根之论	neg	0.733
泼妇骂街	neg	0.733
故旧不弃	pos	0.733
格守不渝	pos	0.733
戒骄戒操	pos	0.733
侧足而立	neg	0.733
盗憎主人	neg	0.733
燕语莺声	pos	0.733
甚嚣尘上	neg	0.733
引经据典	neg	0.733
焚花之论	neg	0.733
声振寰宇	pos	0.733
赤心相待	pos	0.733
坐言起行	pos	0.733
百事通	pos	0.733
拜节	pos	0.733
拜物教	neg	0.733
半文盲	neg	0.733
帮同	pos	0.733
爱人好士	pos	0.733
安良除暴	pos	0.733
暗室亏心	neg	0.733
傲睨得志	neg	0.733
巴人下里	neg	0.733
拔类超群	pos	0.733
白丁俗客	neg	0.733
白首不渝	pos	0.733
败柳残花	neg	0.733
拜将封侯	pos	0.733
搬石砸脚	neg	0.733
包藏奸心	neg	0.733
抱令守律	neg	0.733
暴敛横征	neg	0.733
杯蛇鬼车	neg	0.733
鼻孔辽天	neg	0.733
变戏法	pos	0.733
凑热闹儿	neg	0.733
负薪之忧	neg	0.733
宁缺毋滥	pos	0.733
轻怜重惜	pos	0.733
人心	pos	0.733
柔远怀迩	pos	0.733
柔枝嫩叶	pos	0.733
如虎傅翼	pos	0.733
如获至珍	pos	0.733
撒科打诨	neg	0.733
塞北江南	pos	0.733
三顾草庐	pos	0.733
三槐九棘	pos	0.733
三言讹虎	neg	0.733
杀鸡为黍	pos	0.733
善善恶恶	pos	0.733
商彝夏鼎	pos	0.733
身不由主	neg	0.733
身名俱灭	neg	0.733
神迷意夺	neg	0.733
委佗	pos	0.733
卫护	pos	0.733
文牍主义	neg	0.733
獬豸	pos	0.733
朽迈	neg	0.733
阳关道	pos	0.733
以文会友	pos	0.733
溢言虚美	neg	0.733
银钩铁画	pos	0.733
饮鸩解渴	neg	0.733
应对如响	pos	0.733
鹰扬虎噬	neg	0.733
硬气	pos	0.733
优容	pos	0.733
幽闲	pos	0.733
有嘴没心	pos	0.733
余党	neg	0.733
怨不得	pos	0.733
月饼	pos	0.733
正儿巴经	pos	0.733
烛花	pos	0.733
三六十	pos	0.733
二临	pos	0.733
仲有祝	pos	0.733
哈皮哈皮哈皮	pos	0.733
团旗	pos	0.733
姬娜	pos	0.733
左立才	pos	0.733
巨惠	pos	0.733
市府大楼	pos	0.733
常开森	pos	0.733
普拉缇	pos	0.733
欧碧玺	pos	0.733
浓荫	pos	0.733
熟稔	pos	0.733
爱玛士	pos	0.733
爱美甲	pos	0.733
牛霜	pos	0.733
皮棉	pos	0.733
简捷	pos	0.733
粉扑扑	pos	0.733
袁锦麟	pos	0.733
迪奥戴	pos	0.733
获救	neg	0.732
锚定	pos	0.732
库什	neg	0.732
股债	neg	0.732
内阁	neg	0.732
巴维	neg	0.732
初请	neg	0.732
库拉索	pos	0.732
以为	neg	0.732
筹码	neg	0.732
车队	pos	0.732
一则	neg	0.732
账面	neg	0.732
敏感	neg	0.732
十年	pos	0.732
尼玛让	neg	0.731
重启后	neg	0.731
太桑	neg	0.731
财源	pos	0.731
不能	neg	0.729
世界银行	neg	0.729
七年	neg	0.729
卡思密达	pos	0.729
绝佳	pos	0.728
沃尔玛	pos	0.728
汽油价格	neg	0.727
展开	neg	0.726
南非兰特	neg	0.726
美光	pos	0.726
边境地区	neg	0.725
干扰	neg	0.725
宕机	neg	0.725
对待	neg	0.725
沥青	neg	0.725
老年人	neg	0.725
汉莎	neg	0.725
减仓	neg	0.725
俞浩	neg	0.725
永远	neg	0.725
拜登	neg	0.725
倾覆	neg	0.725
错失良机	neg	0.725
现身	neg	0.725
乌方	neg	0.725
碎片	neg	0.725
两个	neg	0.724
避开	pos	0.724
复杂	neg	0.724
总结	pos	0.724
预估	pos	0.724
以及	neg	0.724
定为	pos	0.724
大众	neg	0.724
比超	pos	0.724
炼油	neg	0.724
电站	pos	0.724
朴妮	pos	0.724
依赖	neg	0.722
有色金属	pos	0.722
突然	neg	0.722
恩慈	pos	0.722
森开森	pos	0.722
一笔	pos	0.721
优质棉	pos	0.721
伦微	pos	0.721
净价	pos	0.721
叶祖新	pos	0.721
妞淘	pos	0.721
小柔	pos	0.721
志同	pos	0.721
悦享	pos	0.721
新笑林	pos	0.721
明友	pos	0.721
枝蔓	pos	0.721
梅花奖	pos	0.721
水保	pos	0.721
游山岳	pos	0.721
玛丽珍	pos	0.721
现款	pos	0.721
维家	pos	0.721
股份公司	pos	0.721
衣小川	pos	0.721
醇酒	pos	0.721
阿左美	pos	0.721
麟儿	pos	0.721
年度	pos	0.72
点将	pos	0.72
比较	neg	0.719
惨淡	neg	0.719
声称	neg	0.719
说法	neg	0.719
寿比南山	pos	0.719
让不让	neg	0.719
机器	pos	0.718
转为	neg	0.718
安东内	pos	0.718
北交所	pos	0.718
大豆价格	neg	0.717
新任	neg	0.717
会员制	pos	0.717
合力	neg	0.716
来自	neg	0.716
车型	neg	0.716
预算案	neg	0.715
美国防部	neg	0.715
运输船	neg	0.715
运动员	neg	0.715
工党	neg	0.715
闻泰	neg	0.715
克罗格	neg	0.715
随之	neg	0.715
两成	neg	0.715
企图	neg	0.715
乘联	neg	0.715
肠痉挛	neg	0.715
增产	pos	0.714
电信	pos	0.714
淡化	pos	0.714
一饱眼福	pos	0.714
军风	pos	0.714
广场	neg	0.713
盘初	pos	0.713
属于	pos	0.713
责任	neg	0.713
加利福尼亚州	neg	0.713
李顺圭	pos	0.713
水润	pos	0.713
欧豪来	pos	0.712
渣打银行	pos	0.711
成效	pos	0.711
逆转	pos	0.711
推广	pos	0.711
乌兹别克斯坦	pos	0.71
点球	pos	0.71
几个	pos	0.71
态度	pos	0.71
对于	pos	0.71
国民	pos	0.709
埃克森	pos	0.709
优惠	pos	0.709
美孚	pos	0.709
合约	neg	0.709
新闻	neg	0.708
丝婷	pos	0.708
修己	pos	0.708
兰宝	pos	0.708
张玉珊	pos	0.708
彩粉	pos	0.708
彭友	pos	0.708
微火	pos	0.708
招新	pos	0.708
曦妹	pos	0.708
曲家瑞	pos	0.708
最哈皮	pos	0.708
本区	pos	0.708
永相	pos	0.708
沈农	pos	0.708
漆器	pos	0.708
燕冰	pos	0.708
物候	pos	0.708
王力可	pos	0.708
白妈	pos	0.708
皮波丝	pos	0.708
祝二	pos	0.708
祝学姐	pos	0.708
祝长高	pos	0.708
美可馨	pos	0.708
美范	pos	0.708
翼起	pos	0.708
西联	pos	0.708
金辉	pos	0.708
钰莹	pos	0.708
防水表	pos	0.708
霍启刚	pos	0.708
露兰	pos	0.708
高品	pos	0.708
大卫	pos	0.707
封板	pos	0.707
险资	pos	0.707
太阳	pos	0.707
民生	pos	0.707
半决赛	pos	0.707
许可证	pos	0.707
城市更新	pos	0.707
一级	pos	0.707
天孚	pos	0.707
宇通	pos	0.707
各州	neg	0.707
正盛	pos	0.707
股普涨	pos	0.707
美方	neg	0.707
路演	pos	0.707
儒意	pos	0.707
原来	pos	0.707
预告	pos	0.706
求淡定	neg	0.706
电子电路	neg	0.706
费爱华	neg	0.706
路雪旗	neg	0.706
一年	pos	0.705
科技股	neg	0.705
获利	neg	0.704
选送	pos	0.704
我们	neg	0.703
牛肉	pos	0.703
履行	neg	0.702
冷门	neg	0.702
高风险	neg	0.702
经济衰退	neg	0.702
表达	neg	0.702
暂时	neg	0.702
酝酿	neg	0.702
区县	neg	0.7
通电子	neg	0.7
园区	pos	0.7
金市	neg	0.7
运输成本	neg	0.7
禁售	neg	0.7
休斯顿	neg	0.7
压垮	neg	0.7
金管局	pos	0.7
波動	neg	0.7
低俗	neg	0.7
营收超	pos	0.7
处境	neg	0.7
稀释	neg	0.7
动物	neg	0.7
负债率	neg	0.7
大陸	neg	0.7
谐波	pos	0.7
女孩	neg	0.7
涌现	neg	0.7
某些	neg	0.7
商业活动	neg	0.7
遇难者	neg	0.7
胜选	neg	0.7
补税	neg	0.7
余波	neg	0.7
攻坚	pos	0.7
黑天鹅	neg	0.7
全馆	pos	0.7
韩范儿	pos	0.7
通红	pos	0.699
接力	pos	0.699
闪耀	pos	0.699
钢材	neg	0.699
币种	pos	0.699
取得成效	pos	0.699
王毅	pos	0.699
用地	pos	0.699
圆桌	pos	0.699
推介	pos	0.699
演变	neg	0.699
价格调整	pos	0.699
硅料	pos	0.699
直言	neg	0.699
发展前景	pos	0.699
损毁	neg	0.699
东风汽车	pos	0.699
商汤	pos	0.699
酒吧	neg	0.699
高德	pos	0.699
计算能力	pos	0.699
输电	pos	0.699
聚变	pos	0.699
赶超	pos	0.699
清凉	pos	0.699
创出	pos	0.699
体现	pos	0.699
增派	pos	0.699
去世	neg	0.699
丰收	pos	0.699
数已	pos	0.699
惠丰	pos	0.699
轰出	pos	0.699
神华	pos	0.699
样本	pos	0.699
登月	pos	0.699
特拉	pos	0.699
心脏病	neg	0.699
再发	neg	0.699
经常性	pos	0.699
零封	pos	0.699
末段	pos	0.699
顶层	pos	0.699
队以	pos	0.699
十余家	pos	0.699
科恩	pos	0.699
廉价	neg	0.699
游说	neg	0.699
上纬	neg	0.699
能涨	pos	0.699
岚图	pos	0.699
中钨高新	pos	0.699
试飞	pos	0.699
热烈	pos	0.699
胜过	pos	0.699
两款	pos	0.699
频准	pos	0.699
体检	pos	0.699
审视	neg	0.699
破万	pos	0.699
爱尔兰	neg	0.698
应对	pos	0.697
清单	pos	0.697
甘嘎	neg	0.697
凉城	pos	0.697
原厂	pos	0.696
滋生	pos	0.696
新东方	pos	0.696
略高于	pos	0.696
上攻	pos	0.696
科大	pos	0.696
产值	pos	0.696
理念	pos	0.696
拉长	pos	0.696
冷链	pos	0.696
潜艇	pos	0.696
道富	pos	0.696
工商银行	pos	0.696
球队	pos	0.696
汇款	pos	0.696
率领	pos	0.696
高新	pos	0.696
即可	pos	0.696
黄金珠宝	pos	0.696
富有	pos	0.696
拟向	pos	0.696
斯坦利	pos	0.696
生辰	pos	0.696
做法	neg	0.695
卓雅	pos	0.695
各具特色	pos	0.695
今秋	pos	0.694
剧作家	pos	0.694
启点	pos	0.694
哈皮波士地	pos	0.694
商益凡	pos	0.694
噶玛巴钦诺	pos	0.694
国丰	pos	0.694
增选	pos	0.694
墨斯	pos	0.694
姜志焕	pos	0.694
定格	pos	0.694
小潮	pos	0.694
手书	pos	0.694
春芽	pos	0.694
柳岩春	pos	0.694
森男	pos	0.694
池中	pos	0.694
汤晓妍	pos	0.694
爱丽缇	pos	0.694
爱瑜	pos	0.694
留香	pos	0.694
祝亲	pos	0.694
祝婷	pos	0.694
祝微	pos	0.694
祝永	pos	0.694
纪行	pos	0.694
编钟	pos	0.694
脸盆架	pos	0.694
芬迪	pos	0.694
萨菲罗斯	pos	0.694
贝碧欧	pos	0.694
超漂	pos	0.694
路海珠	pos	0.694
郭秀标	pos	0.694
锦庭	pos	0.694
韩潮	pos	0.694
从中	pos	0.693
新版	pos	0.693
幅度	neg	0.693
买断式	pos	0.693
传统	pos	0.693
宏力	pos	0.693
先好	neg	0.693
半仲	neg	0.693
拉普拉斯	neg	0.693
梗阻	neg	0.693
欧尼玛	neg	0.693
解又	neg	0.693
解成	neg	0.693
遗忘症	neg	0.693
马丹	neg	0.693
发电量	neg	0.692
民主党	neg	0.692
医院	neg	0.692
市盈率	neg	0.692
芬兰	neg	0.692
大佬	neg	0.692
背离	neg	0.692
正等待	neg	0.692
万事如意	pos	0.692
力有木	pos	0.692
威廉姆斯	pos	0.691
孩子	neg	0.69
过于	neg	0.69
两次	neg	0.69
望成	pos	0.69
爱维尼	pos	0.69
好事	pos	0.689
花旗集团	pos	0.689
评价	pos	0.689
难得	pos	0.689
牛股	pos	0.689
伯克	pos	0.689
大奖赛	pos	0.689
撑起	pos	0.689
邮政	pos	0.689
变废为宝	pos	0.689
小立	pos	0.689
坚持	pos	0.687
生产者	neg	0.687
售价	pos	0.687
表明	neg	0.687
正当	pos	0.686
零售业	pos	0.686
供不应求	pos	0.686
阿布扎比	pos	0.686
用户	neg	0.686
转换	pos	0.686
欧菲光	neg	0.685
白酒	pos	0.685
科研机构	neg	0.685
美对	neg	0.685
南昌	neg	0.685
硬仗	neg	0.685
侨民	neg	0.685
以方	neg	0.685
敌方	neg	0.685
实习生	neg	0.685
轻型	neg	0.685
拮据	neg	0.685
雅加达	neg	0.685
一季	neg	0.685
数万	neg	0.685
生育率	neg	0.685
信贷风险	neg	0.685
产生分歧	neg	0.685
煤油	neg	0.685
判罚	neg	0.685
波尔多	neg	0.685
火灾事故	neg	0.685
硬币	neg	0.685
仍难	neg	0.685
老师	neg	0.685
摄影师	neg	0.685
剔除	neg	0.685
猖獗	neg	0.685
自新冠	neg	0.685
遭绑架	neg	0.685
圣保罗州	neg	0.685
强风	neg	0.685
资信	neg	0.685
连环	neg	0.685
出版商	neg	0.685
支配	neg	0.685
日幣	neg	0.685
抹平	neg	0.685
矿场	neg	0.685
气象局	neg	0.685
违背	neg	0.685
吸血	neg	0.685
站不住脚	neg	0.685
哥斯达黎加	neg	0.685
军事化	neg	0.685
对裕信	neg	0.685
热泵	neg	0.685
逆差	neg	0.685
惊慌失措	neg	0.685
秘书	neg	0.685
淄博	neg	0.685
急刹车	neg	0.685
黎以	neg	0.685
留置	neg	0.685
空谈	neg	0.685
一触即发	neg	0.685
住宅建设	neg	0.685
遗体	neg	0.685
孤立	neg	0.685
散布	neg	0.685
小学	neg	0.685
先驱	neg	0.685
拉低	neg	0.685
称有	neg	0.685
三连	neg	0.685
河南	neg	0.685
兴证	neg	0.685
抢购潮	neg	0.685
摩天大楼	neg	0.685
警员	neg	0.685
吉林省	neg	0.685
净亏	neg	0.685
蘑菇	neg	0.685
冰淇淋	neg	0.685
国融	neg	0.685
不以为然	neg	0.685
应声	neg	0.685
强行	neg	0.685
根源	neg	0.685
胁迫	neg	0.685
一纸	neg	0.685
股走弱	neg	0.685
压顶	neg	0.685
监管局	neg	0.685
严惩	neg	0.685
通勤	neg	0.685
令其	neg	0.685
国家安全部	neg	0.685
太快	neg	0.685
巴金	neg	0.685
兑付	neg	0.685
后门	neg	0.685
疲劳	neg	0.685
部件	neg	0.685
专业	pos	0.684
称其	neg	0.684
和平谈判	neg	0.684
前沿	pos	0.684
采用	pos	0.684
海盗	pos	0.684
教士	pos	0.683
包括	neg	0.683
联合会	neg	0.683
日美	neg	0.683
即便	neg	0.683
职位	neg	0.683
福利	neg	0.683
全线	pos	0.683
颓势	neg	0.683
毛为毛	neg	0.683
主营	pos	0.683
剪裁	pos	0.683
指引	pos	0.682
环境	pos	0.682
进程	pos	0.682
需要	pos	0.682
食品	neg	0.681
六问	neg	0.68
最严	neg	0.68
蒸馏	neg	0.68
共计	neg	0.68
韩华	neg	0.68
农作物	neg	0.68
白俄罗斯	neg	0.68
通知书	neg	0.68
指挥官	neg	0.68
盘前	pos	0.68
葡萄酒	neg	0.68
神话	neg	0.68
开盘价	neg	0.68
货币汇率	neg	0.68
却是	neg	0.68
将会	neg	0.68
各款	pos	0.68
复盘	pos	0.679
欧洲央行	neg	0.679
安全	neg	0.679
研报	pos	0.679
丰韵	pos	0.679
义捐	pos	0.679
乐静	pos	0.679
佰利	pos	0.679
兰心	pos	0.679
古韵	pos	0.679
哈皮巴夫地	pos	0.679
圣域	pos	0.679
多米尼加	pos	0.679
大运	pos	0.679
太史慈	pos	0.679
奥利安	pos	0.679
婆培	pos	0.679
婆禅南	pos	0.679
安大略省	pos	0.679
小景	pos	0.679
尘垢	pos	0.679
希妹	pos	0.679
招正财	pos	0.679
接纳	pos	0.679
林玲	pos	0.679
淡香	pos	0.679
澜庭	pos	0.679
熊果素	pos	0.679
瑛子	pos	0.679
登记费	pos	0.679
祝友友	pos	0.679
祝白	pos	0.679
祝祝	pos	0.679
祝考	pos	0.679
绸带	pos	0.679
育雏	pos	0.679
芭其乐	pos	0.679
芭芙地	pos	0.679
花茎	pos	0.679
范儿有木	pos	0.679
莫小白	pos	0.679
董明珠	pos	0.679
谷仓	pos	0.679
超有爱	pos	0.679
选登	pos	0.679
金有贞	pos	0.679
镂花	pos	0.679
静思语	pos	0.679
魁星	pos	0.679
鲁炜	pos	0.679
齐天	pos	0.679
力量	pos	0.678
二三十分	neg	0.678
先黎	neg	0.678
吐尼玛	neg	0.678
善宇	neg	0.678
回天无力	neg	0.678
正爽	neg	0.678
趾头	neg	0.678
醒仲	neg	0.678
馥郁	pos	0.678
超大型	pos	0.677
周度	pos	0.677
业务部门	pos	0.677
配送	pos	0.677
长三角	pos	0.677
蓝筹股	pos	0.677
本币	pos	0.677
肯定	pos	0.677
领军	pos	0.677
博彩	neg	0.676
负责	neg	0.676
收费	neg	0.676
焦点	neg	0.676
伤病	neg	0.676
瑞银	pos	0.676
头条	neg	0.676
出局	neg	0.676
基本面	pos	0.676
争夺战	neg	0.676
席位	pos	0.675
训练班	pos	0.675
笑星	pos	0.675
新岁	pos	0.675
欧耶耶	pos	0.675
京东	pos	0.673
巴黎	neg	0.673
实际	neg	0.673
么劲	neg	0.673
消息人士	neg	0.672
工程师	neg	0.671
购房	neg	0.671
凡茜	pos	0.671
美妆	pos	0.67
合资企业	pos	0.67
小额	pos	0.67
生态系统	pos	0.67
默克	pos	0.67
巨星	pos	0.67
突破性	pos	0.67
航空工业	pos	0.67
王萍萍	pos	0.67
营造	pos	0.67
钨价	pos	0.67
三号	pos	0.67
投资信托	pos	0.67
产品组合	pos	0.67
适口	pos	0.67
破蛋	pos	0.67
锂业	pos	0.669
国家电网	pos	0.669
链上	pos	0.669
公用事业	pos	0.669
迎接	pos	0.669
伊朗核	neg	0.669
生活必需品	pos	0.669
适用	pos	0.669
超美	pos	0.669
效应	pos	0.668
交付	pos	0.667
遣兴陶情	pos	0.667
乱坟岗	neg	0.667
马糊	neg	0.667
面面相睹	neg	0.667
美气	pos	0.667
面面相窥	neg	0.667
管见	neg	0.667
炮筒子	neg	0.667
日就月将	pos	0.667
乱葬岗子	neg	0.667
面面厮觑	neg	0.667
清歌妙舞	pos	0.667
觥觥	pos	0.667
惹草沾花	neg	0.667
日暖风和	pos	0.667
面面相看	neg	0.667
桑心好	neg	0.667
转债	neg	0.666
阴云	neg	0.666
白海豚	neg	0.666
干部	neg	0.666
极兔	neg	0.666
核燃料	neg	0.666
抢跑	neg	0.666
进行谈判	neg	0.666
合规性	neg	0.666
墨西哥湾	neg	0.666
传言	neg	0.666
一夜之间	neg	0.666
封杀	neg	0.666
难掩	neg	0.666
营收近	neg	0.666
暗盘	neg	0.666
对日元	neg	0.666
任期	neg	0.666
苏西	neg	0.666
透露	pos	0.666
官媒	neg	0.666
停滞不前	neg	0.666
占用	neg	0.666
旷日持久	neg	0.666
空者	neg	0.666
不如	neg	0.666
幸存者	neg	0.666
养殖	pos	0.666
唯特偶	neg	0.666
查理	neg	0.666
天然气	neg	0.666
大考	neg	0.666
尼玛阿	neg	0.666
沙特阿拉伯	neg	0.665
常识课	pos	0.665
结算	pos	0.664
长江	pos	0.664
下泻	neg	0.664
左立	pos	0.664
新枝	pos	0.664
渴望	pos	0.663
跳涨	pos	0.663
从而	pos	0.663
建造	pos	0.663
参议院	neg	0.663
塞勒	neg	0.663
封单	pos	0.663
一展风采	pos	0.663
一诗给	pos	0.663
丁达尔	pos	0.663
三冠	pos	0.663
东中	pos	0.663
乡级	pos	0.663
乳娘	pos	0.663
亦友	pos	0.663
优胜者	pos	0.663
兴蓉	pos	0.663
凯伦沃克	pos	0.663
刘佳怡	pos	0.663
努娜	pos	0.663
厅房	pos	0.663
吕克贝松	pos	0.663
四冠美	pos	0.663
天翼飞	pos	0.663
天蓝	pos	0.663
奥派阿西	pos	0.663
宝艺	pos	0.663
小皮皮	pos	0.663
布施	pos	0.663
帅学弟	pos	0.663
帕米尔	pos	0.663
应选	pos	0.663
开光加	pos	0.663
房博会	pos	0.663
拉丁美洲	pos	0.663
拾贰	pos	0.663
提名奖	pos	0.663
新爱婴	pos	0.663
星优儿	pos	0.663
晓川	pos	0.663
枝杈	pos	0.663
桑涅	pos	0.663
欧密达	pos	0.663
水芝	pos	0.663
泰勒莫里斯	pos	0.663
海云台	pos	0.663
烹茶	pos	0.663
焕心	pos	0.663
焕美	pos	0.663
玛哈嘎	pos	0.663
皮波士	pos	0.663
福朋	pos	0.663
纹银	pos	0.663
美术师	pos	0.663
花花更博	pos	0.663
董春	pos	0.663
赠本	pos	0.663
金卫	pos	0.663
锦葵	pos	0.663
阿奥特莱斯	pos	0.663
阿拉拉拉	pos	0.663
青金	pos	0.663
韩熙	pos	0.663
鹿岛	pos	0.663
麦生	pos	0.663
麻麻又生	pos	0.663
国企	pos	0.662
一轮	pos	0.662
通用汽车	pos	0.662
个协	neg	0.662
吾通真	neg	0.662
心欲	neg	0.662
次奥真	neg	0.662
武哲	neg	0.662
毛明明	neg	0.662
毛用	neg	0.662
法克法克法克	neg	0.662
玛淡	neg	0.662
自寻短见	neg	0.662
负号	neg	0.662
麻尼	neg	0.662
层叠	pos	0.662
每月	pos	0.661
华雄	pos	0.661
互换	pos	0.66
一批	pos	0.66
意愿	pos	0.66
社零	neg	0.66
凯茜	pos	0.66
娱乐	pos	0.659
批发	pos	0.659
红雀	pos	0.659
永享	pos	0.659
反内卷	pos	0.658
夺得	pos	0.658
部队	neg	0.658
社交	neg	0.658
办公室	neg	0.658
发债	pos	0.658
丽珍	pos	0.658
简约	pos	0.658
雪佛龙	pos	0.657
以太	neg	0.657
治疗	pos	0.657
博拉	neg	0.657
特惠	pos	0.657
祝全天	pos	0.657
珐琅	pos	0.657
白三效	pos	0.657
诺德	pos	0.656
安进	pos	0.656
锂价	pos	0.656
构筑	pos	0.656
申请	pos	0.656
三条	pos	0.656
飙至	pos	0.656
捷克队	pos	0.656
金融危机	neg	0.656
加方	pos	0.656
外企	pos	0.656
信息安全	pos	0.656
领头羊	pos	0.656
改进	pos	0.656
中文	pos	0.656
免疫	pos	0.656
高纯	pos	0.656
之所以	pos	0.656
休市	pos	0.656
志在	pos	0.656
淀粉	pos	0.656
前沿技术	pos	0.656
一条	neg	0.656
成长型	pos	0.656
内涨	pos	0.656
联网	pos	0.656
单一	pos	0.656
万豪	pos	0.656
追光	pos	0.656
德鲁	pos	0.656
豌豆	pos	0.656
仪器	pos	0.656
新闻频道	pos	0.656
利息收入	pos	0.656
信心十足	pos	0.656
百亿美元	pos	0.656
比利时队	pos	0.656
波西米亚	pos	0.656
路上	neg	0.655
狗狗	neg	0.655
意识	neg	0.655
你们	neg	0.655
周线	neg	0.655
古尔斯	neg	0.655
很难	neg	0.655
大爱	pos	0.655
造船	pos	0.654
货源	pos	0.654
年增	pos	0.654
感兴趣	pos	0.654
净收入	pos	0.654
诊断	pos	0.654
酒庄	pos	0.654
毛利	pos	0.654
信用卡	neg	0.654
政治局	pos	0.654
夺冠	pos	0.654
多所	pos	0.654
有研	pos	0.654
戈特	pos	0.654
年初	pos	0.654
聚辰	pos	0.654
血液	pos	0.654
接洽	pos	0.654
赛中	pos	0.654
中以	pos	0.654
强有力	pos	0.654
飞船	pos	0.654
只是	neg	0.654
手续费	pos	0.654
减亏	pos	0.654
西门子	pos	0.654
威尔逊	pos	0.654
深港	pos	0.654
净营收	pos	0.654
欧莱雅	pos	0.654
营收达	pos	0.654
国务卿	pos	0.654
从前	pos	0.654
主义	pos	0.654
挺进	pos	0.654
福田	pos	0.654
首开	pos	0.654
净化	pos	0.654
豪取	pos	0.654
大方向	pos	0.654
德克萨斯	pos	0.654
石墨	pos	0.654
各自	pos	0.654
收超	pos	0.654
梁文锋	pos	0.654
伙伴关系	pos	0.654
北方	neg	0.654
冒险	pos	0.654
商圈	pos	0.654
入境游	pos	0.654
解除武装	pos	0.654
客场	pos	0.654
便利店	pos	0.654
宽带	pos	0.654
以期	pos	0.654
远高于	pos	0.654
一举	pos	0.654
第一阶段	pos	0.654
政绩观	pos	0.654
路径	pos	0.653
或成	neg	0.653
反而	neg	0.653
仙福	pos	0.653
六年	neg	0.652
压制	neg	0.652
错过	neg	0.652
证券交易	neg	0.652
免费	neg	0.652
佛罗里达州	neg	0.652
怎么	neg	0.651
下泄	neg	0.651
销价	pos	0.651
祝老	pos	0.651
二季度	pos	0.65
进入	neg	0.65
大都会	pos	0.65
运输	neg	0.65
粳米	pos	0.65
债券	neg	0.649
机芯	pos	0.649
航空	pos	0.648
淀山	pos	0.648
储存	neg	0.647
运营	pos	0.647
成本	neg	0.647
母亲	neg	0.647
规范	pos	0.647
美银	pos	0.647
病毒	neg	0.647
下达	neg	0.647
世天	pos	0.647
新绿	pos	0.647
爱萌	pos	0.647
澄明	pos	0.646
憨态	pos	0.646
舍间	pos	0.646
圆领	pos	0.646
丽贺	pos	0.646
乐格思	pos	0.646
五冠潮	pos	0.646
五里河	pos	0.646
人民出版社	pos	0.646
仲晓静	pos	0.646
伊卡兰	pos	0.646
伊泰	pos	0.646
优惠酬宾	pos	0.646
何穗	pos	0.646
作保	pos	0.646
佳乐	pos	0.646
借东风	pos	0.646
分离式	pos	0.646
力耶	pos	0.646
包玫	pos	0.646
包申通	pos	0.646
南帕亚	pos	0.646
吉虹颖	pos	0.646
吴锦泉	pos	0.646
和敏	pos	0.646
哈密地区	pos	0.646
哈皮波丝	pos	0.646
哈皮波思	pos	0.646
哈米	pos	0.646
哈雷彗星	pos	0.646
大辉	pos	0.646
女帽	pos	0.646
如新滢	pos	0.646
宇儿	pos	0.646
安琪妹	pos	0.646
宝寿	pos	0.646
宝蓓	pos	0.646
家博	pos	0.646
容初丁	pos	0.646
希子	pos	0.646
广联	pos	0.646
开森	pos	0.646
总参谋部	pos	0.646
恒逸	pos	0.646
惠若琪	pos	0.646
戈雅	pos	0.646
戏剧家	pos	0.646
捧杯	pos	0.646
撷取	pos	0.646
敬献	pos	0.646
星言星	pos	0.646
显高	pos	0.646
晓莹	pos	0.646
晨悟	pos	0.646
曹先森	pos	0.646
李英爱	pos	0.646
杏黄	pos	0.646
杨政	pos	0.646
梦续法	pos	0.646
棋友	pos	0.646
楚群侠	pos	0.646
欣妍	pos	0.646
汪睿	pos	0.646
泰丝	pos	0.646
火塘	pos	0.646
照来	pos	0.646
熙爱	pos	0.646
王郅治	pos	0.646
瑞机	pos	0.646
用率	pos	0.646
留学人员	pos	0.646
皮雷	pos	0.646
盛器	pos	0.646
祝天天	pos	0.646
祝成功	pos	0.646
祝琳	pos	0.646
童颜洁	pos	0.646
纽比士	pos	0.646
绒帽	pos	0.646
美目盼兮	pos	0.646
苍鹰	pos	0.646
范家辉	pos	0.646
莉妹	pos	0.646
行款	pos	0.646
贝加尔湖	pos	0.646
贵子白	pos	0.646
赵敏英	pos	0.646
辰山	pos	0.646
铁粉	pos	0.646
长征二号	pos	0.646
陈月	pos	0.646
飞彩	pos	0.646
高冰	pos	0.646
高支	pos	0.646
魏如萱	pos	0.646
黑晶	pos	0.646
黑玉	pos	0.646
借款人	neg	0.645
资料	neg	0.645
同学	neg	0.645
不愿	neg	0.645
计提	neg	0.645
遗憾	neg	0.645
奥迪	neg	0.645
昨晚	neg	0.645
容忍	neg	0.645
惠及	pos	0.645
增添	pos	0.645
群岛	neg	0.645
温州	neg	0.645
何以	pos	0.645
教育部	neg	0.645
偏高	neg	0.645
夏天	neg	0.645
镇压	neg	0.645
算法	neg	0.645
美的	pos	0.645
打印	pos	0.645
现状	neg	0.645
万手	pos	0.645
邻国	neg	0.645
联赛	pos	0.645
社融	pos	0.645
赫尔	neg	0.645
上限	pos	0.645
检察长	neg	0.645
同样	neg	0.645
慕尼黑	neg	0.645
美好	pos	0.645
推向	neg	0.645
拉关系	neg	0.645
五六七八九十	neg	0.645
仲吾训	neg	0.645
傅里	neg	0.645
六点二	neg	0.645
划子	neg	0.645
又贵	neg	0.645
含家	neg	0.645
噶得	neg	0.645
孙某	neg	0.645
尼玛得	neg	0.645
异化	neg	0.645
林靖恩	neg	0.645
求复活	neg	0.645
热尼玛	neg	0.645
猛长	neg	0.645
玛火大	neg	0.645
绦虫	neg	0.645
邓某	neg	0.645
钟才能	neg	0.645
钱伯	neg	0.645
铅块	neg	0.645
饥寒交加	neg	0.645
出乱子	neg	0.645
肺痨	neg	0.645
缺口	neg	0.644
貉子	pos	0.644
外汇储备	pos	0.643
承诺	pos	0.643
金冠	pos	0.643
组织	neg	0.642
浓淡	pos	0.642
自动化	pos	0.641
集中	neg	0.641
催生	pos	0.641
中长期	pos	0.641
较为	neg	0.64
相互	neg	0.64
经理	neg	0.64
交易所	pos	0.64
经常	neg	0.64
近两年	neg	0.64
增利	neg	0.64
风险投资	neg	0.64
氟化	pos	0.639
两日	neg	0.639
密切	pos	0.639
全天	pos	0.639
伍德	pos	0.639
如今	neg	0.639
点缀	pos	0.639
阖家欢乐	pos	0.639
电话会	pos	0.638
基因	pos	0.638
辉煌	pos	0.638
卡特彼勒	pos	0.638
实业	pos	0.638
弗拉维	pos	0.638
日本队	pos	0.638
变现	pos	0.638
总收入	pos	0.638
泥煤	neg	0.638
及美伊	neg	0.637
排查	neg	0.637
王子	neg	0.637
实锤	neg	0.637
金宝	neg	0.637
雨量	neg	0.637
执法人员	neg	0.637
预报	neg	0.637
冰川	neg	0.637
五连跌	neg	0.637
爆炸物	neg	0.637
密歇根	neg	0.637
亚行	neg	0.637
诋毁	neg	0.637
抢走	neg	0.637
僵持	neg	0.637
最低工资	neg	0.637
动荡不安	neg	0.637
名家	neg	0.637
暴发	neg	0.637
美国白宫	neg	0.637
吉奥	neg	0.637
上诉	pos	0.637
斯克	neg	0.637
绿党	neg	0.637
计费	neg	0.637
险情	neg	0.637
种族主义	neg	0.637
法学院	neg	0.637
货运公司	neg	0.637
卖家	neg	0.637
二手房	pos	0.637
在建	neg	0.637
纽元	neg	0.637
失血	neg	0.637
办法	neg	0.637
保卫战	neg	0.637
糖业	neg	0.637
惋惜	neg	0.637
损失惨重	neg	0.637
巡查	neg	0.637
拉锯	neg	0.637
完毕	neg	0.637
招生	neg	0.637
一篇	neg	0.637
频道	neg	0.637
原子能	neg	0.637
盗窃	neg	0.637
哈尔	neg	0.637
指向	neg	0.637
卢布	neg	0.637
婚礼	neg	0.637
负面影响	neg	0.637
三五十	pos	0.637
花献佛	pos	0.637
车企	pos	0.636
风尚	pos	0.636
呈献	pos	0.636
招贤纳士	pos	0.636
派拉蒙	neg	0.635
一对	neg	0.635
出来	neg	0.635
史无前例	neg	0.635
财报	pos	0.635
次奥次奥	neg	0.635
亦师亦友	pos	0.635
森日	pos	0.635
爱之	pos	0.635
长流水	pos	0.635
顺生	pos	0.635
埃拉	pos	0.634
赚取	pos	0.634
环节	pos	0.634
亚特兰大	pos	0.634
两种	pos	0.634
配合	pos	0.634
银之杰	pos	0.634
我会	pos	0.634
试图	neg	0.634
一周年	pos	0.634
贡献率	pos	0.634
路线图	pos	0.634
二氧化碳	pos	0.634
空白	pos	0.634
合适	pos	0.634
招商银行	pos	0.634
调节	pos	0.634
点赞	pos	0.634
电动	pos	0.634
第二轮	pos	0.634
场内	pos	0.634
法克	neg	0.634
采取措施	pos	0.633
贝克	pos	0.633
设立	pos	0.633
千问	pos	0.633
阵容	pos	0.633
开发者	pos	0.633
产品价格	pos	0.633
专营	pos	0.633
李嘉恒	pos	0.633
连败	pos	0.632
罗素	pos	0.632
电脑	pos	0.632
尼克斯队	pos	0.632
物价	neg	0.632
当时	pos	0.632
服务商	pos	0.632
训吾	neg	0.632
萃取	pos	0.632
战前	neg	0.631
悉尼	neg	0.63
帖子	neg	0.63
引起	neg	0.63
排队	neg	0.63
海事	neg	0.63
益普索	neg	0.63
现实	neg	0.63
有罪	neg	0.63
躁狂症	neg	0.63
无名火	neg	0.63
泰勒	neg	0.628
能源价格	neg	0.628
海地	neg	0.628
万桶	neg	0.628
源于	neg	0.628
本田	neg	0.628
身份	neg	0.628
连锁	neg	0.628
售出	pos	0.628
凝眸	pos	0.628
果琪	pos	0.628
蝴蝶树	pos	0.628
有限公司	neg	0.627
窝火	neg	0.627
一场说	pos	0.627
一梳梳	pos	0.627
三四十一	pos	0.627
之歌	pos	0.627
井田	pos	0.627
亚欧	pos	0.627
低息	pos	0.627
体健	pos	0.627
克服	pos	0.627
全星	pos	0.627
全益	pos	0.627
冠维妮	pos	0.627
刀工	pos	0.627
刀马旦	pos	0.627
分获	pos	0.627
刘语熙	pos	0.627
力超强	pos	0.627
动平衡	pos	0.627
单亚亚	pos	0.627
博洋	pos	0.627
卡顿尔	pos	0.627
古树茶	pos	0.627
古画	pos	0.627
叶黄素	pos	0.627
合成纤维	pos	0.627
商院	pos	0.627
嘉韵	pos	0.627
团区委	pos	0.627
园林式	pos	0.627
垂直线	pos	0.627
外销	pos	0.627
大琳琳	pos	0.627
天丽	pos	0.627
天宸	pos	0.627
奇石	pos	0.627
妞备	pos	0.627
姜至	pos	0.627
嬗变	pos	0.627
宁珂	pos	0.627
寄寓	pos	0.627
小兰兰	pos	0.627
尚美	pos	0.627
巨爱	pos	0.627
帷幔	pos	0.627
张木成	pos	0.627
张精修	pos	0.627
强军	pos	0.627
彭宇晏	pos	0.627
徐东英	pos	0.627
执委会	pos	0.627
挂虑	pos	0.627
播洒	pos	0.627
收看	pos	0.627
斯卡纳	pos	0.627
新嫁娘	pos	0.627
方领	pos	0.627
星言	pos	0.627
晓帅	pos	0.627
望卿	pos	0.627
朱逸群	pos	0.627
杨小花	pos	0.627
林晓峰	pos	0.627
梓萱	pos	0.627
歌金曲	pos	0.627
水院	pos	0.627
法阻	pos	0.627
泰银	pos	0.627
海之风	pos	0.627
润微	pos	0.627
润慈亭	pos	0.627
深爱宁	pos	0.627
渔父	pos	0.627
湘涵	pos	0.627
滑爽	pos	0.627
爱杰哥	pos	0.627
爱金	pos	0.627
牙色	pos	0.627
独到之处	pos	0.627
王今铎	pos	0.627
球茎	pos	0.627
白亮	pos	0.627
皮切块	pos	0.627
短波	pos	0.627
祝家	pos	0.627
祝新	pos	0.627
祝新人	pos	0.627
童瑶	pos	0.627
第五百二十	pos	0.627
红松	pos	0.627
纵队	pos	0.627
舒岩茶	pos	0.627
艾德沃	pos	0.627
艾普菲	pos	0.627
艾蒲洗发	pos	0.627
芳辰	pos	0.627
苎麻	pos	0.627
苏格拉	pos	0.627
苗乡	pos	0.627
茶小冰	pos	0.627
蒙娜丽	pos	0.627
薛晨	pos	0.627
试演	pos	0.627
谛听	pos	0.627
谢颖颖	pos	0.627
超显白	pos	0.627
越香	pos	0.627
跃秀	pos	0.627
选材	pos	0.627
邹哥	pos	0.627
采莲	pos	0.627
金敏硕	pos	0.627
鑫森	pos	0.627
铃木爱	pos	0.627
锦秀	pos	0.627
阿艳	pos	0.627
陈德修	pos	0.627
陈文茜	pos	0.627
雄起	pos	0.627
雅治	pos	0.627
雷利	pos	0.627
靛蓝色	pos	0.627
韩国原	pos	0.627
韩律	pos	0.627
预展	pos	0.627
验方	pos	0.627
麻西达	pos	0.627
黛丝	pos	0.627
零部件	pos	0.626
利差	neg	0.626
奖金	neg	0.626
欧美	neg	0.626
盾币	neg	0.626
一个咁	neg	0.626
一点气	neg	0.626
保释金	neg	0.626
兰可儿	neg	0.626
出口商	neg	0.626
卡费	neg	0.626
卫生费	neg	0.626
喉风	neg	0.626
姚非	neg	0.626
尤桑	neg	0.626
尼玛地	neg	0.626
尼玛白	neg	0.626
尼玛的尼玛	neg	0.626
布鲁姆米兰达	neg	0.626
我连	neg	0.626
我长	neg	0.626
数据表	neg	0.626
日放	neg	0.626
查档	neg	0.626
毛训	neg	0.626
清洲	neg	0.626
玛得	neg	0.626
盗窃罪	neg	0.626
神经炎	neg	0.626
能教	neg	0.626
逐句	neg	0.626
马月才	neg	0.626
黑成甘	neg	0.626
炫彩	pos	0.626
选料	pos	0.626
谷物	neg	0.625
了结	neg	0.624
账号	neg	0.624
摩擦	neg	0.624
投资人	neg	0.624
增多	neg	0.623
美国司法部	neg	0.623
狂热	neg	0.623
音乐	neg	0.623
小米	pos	0.623
洛杉矶	neg	0.623
加深	neg	0.623
穿搭	pos	0.623
万斯	neg	0.622
三周	neg	0.622
谢特	neg	0.622
选购	pos	0.622
重整	neg	0.621
追捧	pos	0.621
对美	neg	0.621
商用	pos	0.621
黑色	neg	0.621
基本	pos	0.621
后卫	neg	0.621
职业生涯	pos	0.621
渗透	pos	0.621
凯恩	pos	0.621
战斗机	neg	0.621
百万	neg	0.621
角色	pos	0.621
异动	pos	0.621
玻利维亚	neg	0.621
来临	neg	0.621
跟上	pos	0.621
赤峰	pos	0.621
图表	neg	0.621
选民	neg	0.621
誓言	neg	0.621
精神损失费	neg	0.621
单品	pos	0.621
巨额	neg	0.62
认定	neg	0.62
和平	pos	0.62
救救	neg	0.62
开幕	pos	0.62
物价上涨	neg	0.619
教师	neg	0.619
第三方	neg	0.619
关联方	neg	0.619
仅为	neg	0.619
停战	neg	0.619
炼焦煤	neg	0.619
长端	neg	0.619
字头	neg	0.619
广东	pos	0.619
是因为	neg	0.619
库班	neg	0.619
有何	neg	0.619
更迭	neg	0.619
资质	neg	0.619
证据	neg	0.619
胡军	pos	0.619
出售	neg	0.618
外国	neg	0.618
教育	neg	0.618
大门	pos	0.617
全年收入	pos	0.617
受欢迎	pos	0.617
有意	pos	0.617
罗森布	pos	0.617
兜底	pos	0.617
振兴	pos	0.617
雅各布	pos	0.617
骑士队	pos	0.617
免受	pos	0.617
翻绿	pos	0.617
蓝思	pos	0.617
抵消	pos	0.617
平淡无奇	pos	0.617
换手率	pos	0.617
龙虎榜	pos	0.617
跨季	pos	0.617
下属	pos	0.617
盆地	pos	0.617
抓好	pos	0.617
科尔	pos	0.617
原则	pos	0.617
前十	pos	0.617
塞拉	pos	0.617
关注度	pos	0.617
居同	pos	0.617
登场	pos	0.617
里程碑式	pos	0.617
拉特	pos	0.617
阿耳忒弥斯	pos	0.617
长远	pos	0.617
空气	pos	0.617
客户端	pos	0.617
市占率	pos	0.617
深市	pos	0.617
联通	pos	0.617
实物	pos	0.617
傻劲儿	pos	0.617
老寿星	pos	0.617
智牙	neg	0.617
多劳多得	pos	0.617
女裤	pos	0.617
乌克兰人	neg	0.616
鉴真	neg	0.616
鲁肽	neg	0.616
健身房	neg	0.616
纽瓦克	neg	0.616
尔塔	neg	0.616
公开信	neg	0.616
故意	neg	0.616
放狠话	neg	0.616
造血	neg	0.616
省会	neg	0.616
万起	neg	0.616
海马	neg	0.616
女生	neg	0.616
随即	neg	0.616
手里	neg	0.616
伊以	neg	0.616
财政状况	neg	0.616
帕内塔	neg	0.616
威胜	neg	0.616
井下	neg	0.616
军官	neg	0.616
莱尔	neg	0.616
枯竭	neg	0.616
火箭弹	neg	0.616
率跌	neg	0.616
成本增加	neg	0.616
摇摆	neg	0.616
音乐节	neg	0.616
我该	neg	0.616
拷问	neg	0.616
联合行动	neg	0.616
国际石油	neg	0.616
收盘	neg	0.616
奈杰尔	neg	0.616
交通管制	neg	0.616
不对劲	neg	0.616
轻微伤	neg	0.616
对外贸易	neg	0.616
瑕疵	neg	0.616
违反规定	neg	0.616
马赫	neg	0.616
趋势性	neg	0.616
真人	neg	0.616
她们	neg	0.616
情报部门	neg	0.616
军事冲突	neg	0.616
盖璞	neg	0.616
再成	neg	0.616
民粹主义	neg	0.616
猫头鹰	neg	0.616
黄海	neg	0.616
中位数	neg	0.616
互袭	neg	0.616
乏味	neg	0.616
已故	neg	0.616
美国纽约	neg	0.616
吃掉	neg	0.616
朝阳	neg	0.616
商品房	neg	0.616
重装	neg	0.616
蚕食	neg	0.616
摸不着头脑	neg	0.616
痛失	neg	0.616
细则	neg	0.616
儿药	neg	0.616
严控	neg	0.616
大半	neg	0.616
长安	neg	0.616
政权	neg	0.616
绿卡	neg	0.616
行人	neg	0.616
阿尔伯特	neg	0.616
长称	neg	0.616
关心	neg	0.616
播种	neg	0.616
网民	neg	0.616
冲入	neg	0.616
恐难	neg	0.616
锋线	neg	0.616
很少	neg	0.616
等等	neg	0.616
犹太	neg	0.616
美日韩	neg	0.616
观看	neg	0.616
化为乌有	neg	0.616
转鹰	neg	0.616
自驾	neg	0.616
七人	neg	0.616
市监	neg	0.616
告罄	neg	0.616
味道	neg	0.616
救场	neg	0.616
价格下降	neg	0.616
萨拉米	neg	0.616
无关	neg	0.616
达能	neg	0.616
招牌	neg	0.616
购买量	neg	0.616
摩尔多瓦	neg	0.616
日资	neg	0.616
上市日	neg	0.616
行驶	neg	0.616
关系紧张	neg	0.616
不动	neg	0.616
乐购	neg	0.616
安凯	neg	0.616
千万级	neg	0.616
悲剧	neg	0.616
江卓尔	neg	0.616
惊现	neg	0.616
新德里	neg	0.616
高调	neg	0.616
暴力行为	neg	0.616
万美金	neg	0.616
产地	neg	0.616
维斯	neg	0.616
因向	neg	0.616
居民区	neg	0.616
一日游	neg	0.616
仙鹤	neg	0.616
上方	pos	0.616
让利	neg	0.616
金时	neg	0.616
期内	neg	0.616
巴格达	neg	0.616
宛如	neg	0.616
高层建筑	neg	0.616
短线交易	neg	0.616
托克	neg	0.616
议程	neg	0.616
六天	neg	0.616
官司	neg	0.616
遥祝	pos	0.616
两周	neg	0.615
平和	pos	0.615
崇迪佛	pos	0.615
蒲草	pos	0.615
玉质	pos	0.615
效仿	pos	0.614
回顾	pos	0.614
佰维	pos	0.614
车手	pos	0.614
配套	pos	0.614
滚动	pos	0.614
排放	pos	0.614
总数	pos	0.614
东来	pos	0.614
巴伦	pos	0.614
拼接	pos	0.614
季报	pos	0.613
钟仲	neg	0.613
收于	neg	0.612
专利	pos	0.612
蔚来	pos	0.612
洋场	pos	0.612
海军蓝	pos	0.612
来访	pos	0.611
领航	pos	0.611
已久	pos	0.611
农达	pos	0.611
广合	pos	0.611
省钱	pos	0.611
肯斯	pos	0.611
神奇	pos	0.611
世界纪录	pos	0.611
个位数	pos	0.611
球场	neg	0.611
复利	pos	0.611
技术标准	pos	0.611
大获	pos	0.611
蓬勃	pos	0.611
福斯特	pos	0.611
先行	pos	0.611
此处	pos	0.611
生产能力	pos	0.611
埋伏	pos	0.611
广播电视	pos	0.611
多花	pos	0.611
税收收入	pos	0.611
八成	pos	0.611
合理性	pos	0.611
底色	pos	0.611
中工	pos	0.611
下来	pos	0.611
涂料	pos	0.611
扩招	pos	0.611
万邦	pos	0.611
李宁	pos	0.611
合盛	pos	0.611
多点	pos	0.611
中国电信	pos	0.611
隐性	neg	0.611
塞尔	pos	0.611
逐季	pos	0.611
金铜	pos	0.611
车展	pos	0.611
亚联	pos	0.611
对台	pos	0.611
净增	pos	0.611
升势	pos	0.611
口碑	pos	0.611
友邦	pos	0.611
白袜	pos	0.611
香江	pos	0.611
老挝	pos	0.611
八倍	pos	0.611
详讯	pos	0.611
三周年	pos	0.611
纳税	pos	0.611
零关税	pos	0.611
告捷	pos	0.611
计价	pos	0.611
大赢家	pos	0.611
派杰	pos	0.611
金红利	pos	0.611
升息	neg	0.611
赶紧	pos	0.611
东海	pos	0.611
笔数	pos	0.611
一剂	pos	0.611
高级别	pos	0.611
白线	pos	0.611
人选	neg	0.611
潮汕	pos	0.611
攻入	pos	0.611
亲自	pos	0.611
补时	pos	0.611
新签	pos	0.611
斐济	pos	0.611
送样	pos	0.611
相向	pos	0.611
能源技术	pos	0.611
伊利诺伊	pos	0.611
百公里	pos	0.611
卡曼	pos	0.611
全域	pos	0.611
新云	pos	0.611
暗面	pos	0.611
步行街	pos	0.611
巨石	pos	0.611
剑桥	pos	0.611
亿吨	pos	0.611
撤回	neg	0.611
浓缩	pos	0.611
集邦	pos	0.611
已涨	pos	0.611
第一次	pos	0.611
施瓦布	pos	0.611
承包合同	pos	0.611
分水岭	neg	0.61
奥曼	neg	0.61
受困	neg	0.61
对立	neg	0.61
抽检	neg	0.61
小企业	neg	0.61
自控	neg	0.61
供过于求	neg	0.61
德里	neg	0.61
伊媒称	neg	0.61
换帅	neg	0.61
数千名	neg	0.61
浪费	neg	0.61
领取	neg	0.61
速度	pos	0.61
尼泊尔	neg	0.61
联合体	neg	0.61
商户	neg	0.61
三度	neg	0.61
透明	neg	0.61
竟然	neg	0.61
地狱	neg	0.61
鬼天	neg	0.61
准入	pos	0.609
走出	pos	0.609
斯蒂费尔	pos	0.609
好市	pos	0.609
接收	pos	0.609
千亿美元	pos	0.609
索尔	pos	0.609
精制	pos	0.608
尼玛玛	neg	0.608
一家超	pos	0.608
美洲狮	pos	0.608
华诞	pos	0.608
垫肩	pos	0.608
幸运儿	pos	0.608
电量	pos	0.607
高通	pos	0.607
保费	pos	0.607
苏州	pos	0.607
立法	pos	0.607
工艺美术师	pos	0.607
巴宝利	pos	0.607
师生员工	pos	0.607
张子萱	pos	0.607
张小迪	pos	0.607
张希	pos	0.607
张晋	pos	0.607
德佑	pos	0.607
德玛纳	pos	0.607
志平	pos	0.607
思南路	pos	0.607
才旺夫	pos	0.607
拳坛	pos	0.607
新添	pos	0.607
明德堂	pos	0.607
易贝乐	pos	0.607
星悦	pos	0.607
晓儿	pos	0.607
景真	pos	0.607
晶露	pos	0.607
智恩	pos	0.607
更远	pos	0.607
李宗仁	pos	0.607
李清	pos	0.607
林伟贤	pos	0.607
林莹	pos	0.607
林达浪	pos	0.607
柔佛	pos	0.607
柔波	pos	0.607
柯林斯	pos	0.607
梓熙	pos	0.607
森美	pos	0.607
次考研	pos	0.607
欧美通	pos	0.607
欧芹	pos	0.607
歌尽欢	pos	0.607
比心	pos	0.607
求银	pos	0.607
汉克斯	pos	0.607
汉蓉	pos	0.607
汝来汝雅	pos	0.607
汝雅	pos	0.607
汤哥	pos	0.607
波尔美	pos	0.607
波比布朗	pos	0.607
海笑	pos	0.607
清道	pos	0.607
温心	pos	0.607
潘基文	pos	0.607
爱琳琳	pos	0.607
爱老	pos	0.607
爱詹姆士	pos	0.607
狗狗永	pos	0.607
王波	pos	0.607
王睿卓	pos	0.607
玛琪雅朵	pos	0.607
玻璃纱	pos	0.607
生慧	pos	0.607
白蕾	pos	0.607
百福图	pos	0.607
相联	pos	0.607
石先森	pos	0.607
石岐大	pos	0.607
硬玉	pos	0.607
礼享	pos	0.607
祝三	pos	0.607
祝婷婷	pos	0.607
祝我新	pos	0.607
祝我男	pos	0.607
秀客	pos	0.607
竞渡	pos	0.607
童菲	pos	0.607
笔调	pos	0.607
素颜必用	pos	0.607
紫外光	pos	0.607
紫玉	pos	0.607
紫轩	pos	0.607
罗振宇	pos	0.607
罗韩凯楠	pos	0.607
美丽丽	pos	0.607
美风	pos	0.607
羽毛扇	pos	0.607
自主经营	pos	0.607
舒妍	pos	0.607
航船	pos	0.607
艾毅	pos	0.607
芭芭卡伦	pos	0.607
花花非	pos	0.607
苍松	pos	0.607
荣宝	pos	0.607
荷东	pos	0.607
蛋腾	pos	0.607
融汇	pos	0.607
衣香丽	pos	0.607
要开森	pos	0.607
质兰	pos	0.607
赛德斯	pos	0.607
超百	pos	0.607
达令	pos	0.607
迅即	pos	0.607
逶迤	pos	0.607
邓超超	pos	0.607
都昌县	pos	0.607
采源	pos	0.607
钱猛花	pos	0.607
锻造	pos	0.607
闪电战	pos	0.607
阿兴记	pos	0.607
阿邦	pos	0.607
陈小芸	pos	0.607
静好	pos	0.607
韩范潮	pos	0.607
顺景	pos	0.607
风云际会	pos	0.607
风斗	pos	0.607
高标	pos	0.607
鲣鸟	pos	0.607
鹿由器	pos	0.607
麦鲁小城	pos	0.607
黄昱舟	pos	0.607
黄玉华	pos	0.607
黄虎	pos	0.607
根基	pos	0.606
购入	pos	0.606
主场	pos	0.606
道路	pos	0.606
奶油色	pos	0.606
分化	neg	0.605
零售商	neg	0.605
金贵	neg	0.605
一病病	neg	0.605
一种错	neg	0.605
三酉	neg	0.605
么非	neg	0.605
五爽	neg	0.605
仲洗	neg	0.605
伯言	neg	0.605
八点二	neg	0.605
八点二十五	neg	0.605
六点七	neg	0.605
冷醒	neg	0.605
办发	neg	0.605
困人	neg	0.605
太生	neg	0.605
孟钰	neg	0.605
尼玛刚	neg	0.605
尼玛加	neg	0.605
尼玛尼	neg	0.605
崔钟显	neg	0.605
平一波	neg	0.605
戈比	neg	0.605
梦中梦	neg	0.605
次奥阿	neg	0.605
永胜县	neg	0.605
消音器	neg	0.605
班仲	neg	0.605
甘声	neg	0.605
甘放	neg	0.605
白乎乎	neg	0.605
百分之六	neg	0.605
类人猿	neg	0.605
组织液	neg	0.605
花克	neg	0.605
解我仲	neg	0.605
谢特谢特	neg	0.605
遏止	neg	0.605
青红皂白	neg	0.605
鬼剃头	neg	0.605
专营店	pos	0.605
要点	neg	0.604
间接	neg	0.604
克里姆林宫	neg	0.604
产品销售	neg	0.604
调整	neg	0.604
百年	neg	0.604
祸不单行	neg	0.604
名茶	pos	0.604
好时机	pos	0.603
流入	pos	0.601
毛雨	neg	0.601
天奴	pos	0.601
浆果	pos	0.601
超爱超	pos	0.601
欧美风	pos	0.601
劳工	neg	0.6
李在明	neg	0.6
影子	neg	0.6
期货价格	neg	0.6
加紧	neg	0.6
雷亚尔	neg	0.6
经理人	neg	0.6
船队	neg	0.6
有史以来	neg	0.6
求索	pos	0.6
素洁	pos	0.6
婉妙	pos	0.6
稳厚	pos	0.6
骁骑	pos	0.6
急智	pos	0.6
技艺	pos	0.6
雄劲	pos	0.6
雄肆	pos	0.6
莹润	pos	0.6
勇健	pos	0.6
兼爱	pos	0.6
奖旗	pos	0.6
解惑	pos	0.6
金嗓子	pos	0.6
赞词	pos	0.6
真纯	pos	0.6
尊服	pos	0.6
精白	pos	0.6
精要	pos	0.6
不干不净	neg	0.6
不透明	neg	0.6
不雅	neg	0.6
胡子拉碴	neg	0.6
昏黑	neg	0.6
铮亮	pos	0.6
抱疚	neg	0.6
杏眼圆睁	pos	0.6
哩哩罗罗	neg	0.6
没心眼儿	neg	0.6
少见多怪	neg	0.6
难驯服	neg	0.6
气壮如牛	pos	0.6
肝胆过人	pos	0.6
高档化	pos	0.6
革命性	pos	0.6
古朴	pos	0.6
过得硬	pos	0.6
受吃	pos	0.6
令人大开眼界	pos	0.6
朴实无华	pos	0.6
喷香	pos	0.6
安乐窝	pos	0.6
挂牵	pos	0.6
偏疼	neg	0.6
和暖	pos	0.6
先烈	pos	0.6
福寿年高	pos	0.6
拜恳	pos	0.6
和婉	pos	0.6
妥靠	pos	0.6
感人肺腑	pos	0.6
妙趣横生	pos	0.6
硬朗	pos	0.6
初生牛犊	pos	0.6
脆生	pos	0.6
假以辞色	pos	0.6
辽阔	pos	0.6
清洌	pos	0.6
准儿	pos	0.6
不赖	pos	0.6
帮扶	pos	0.6
辈出	pos	0.6
怒形于色	neg	0.6
抚髀兴叹	neg	0.6
吞吞吐吐	neg	0.6
夏日可畏	neg	0.6
伎俩	neg	0.6
党羽	neg	0.6
飞扬跋扈	neg	0.6
撒赖	neg	0.6
贪色	neg	0.6
文人相轻	neg	0.6
姘妇	neg	0.6
不如意事常八九	neg	0.6
燥热	neg	0.6
张皇	neg	0.6
抑塞磊落	pos	0.6
缓急相济	pos	0.6
东躲西藏	neg	0.6
归全反真	pos	0.6
以火救火	neg	0.6
天有不测风云	neg	0.6
峻宇雕墙	pos	0.6
黄道吉日	pos	0.6
不经之谈	neg	0.6
口头禅	neg	0.6
絮絮叨叨	neg	0.6
即即世世	neg	0.6
随时制宜	pos	0.6
顿开茅塞	pos	0.6
先知先觉	pos	0.6
隐晦曲折	neg	0.6
耳食之谈	neg	0.6
家道壁立	neg	0.6
纳履踵决	neg	0.6
玉粒桂薪	neg	0.6
迟疑不决	neg	0.6
犹豫不定	neg	0.6
低首下心	neg	0.6
盖不由己	neg	0.6
张公吃酒李公醉	neg	0.6
千了百当	pos	0.6
有隙可乘	neg	0.6
博士买驴	neg	0.6
屦贱踊贵	neg	0.6
任其自便	neg	0.6
高下在心	pos	0.6
小试锋芒	pos	0.6
左右开弓	pos	0.6
蜀犬吠日	neg	0.6
白日升天	pos	0.6
鸠形鹄面	neg	0.6
胆略兼人	pos	0.6
饮醇自醉	pos	0.6
人自为战	pos	0.6
及锋而试	pos	0.6
择善而从	pos	0.6
彩凤随鸦	neg	0.6
鹦鹉学舌	neg	0.6
以耳为目	neg	0.6
恃勇轻敌	neg	0.6
伯歌季舞	pos	0.6
君子之交	pos	0.6
淡妆浓抹	neg	0.6
去伪存真	pos	0.6
丁一确二	pos	0.6
明辨是非	pos	0.6
拐弯抹角	neg	0.6
八婆	neg	0.6
呕像	neg	0.6
婆婆妈妈	neg	0.6
拈轻怕重	neg	0.6
求全责备	neg	0.6
摇头摆尾	neg	0.6
欺哄	neg	0.6
耍滑	neg	0.6
蛮勇	neg	0.6
自恋	neg	0.6
慢腾腾	neg	0.6
慢慢吞吞	neg	0.6
左右袒	neg	0.6
干巴	neg	0.6
身单力薄	neg	0.6
言之无物	neg	0.6
财迷	neg	0.6
心血来潮	neg	0.6
享乐	neg	0.6
并力	pos	0.6
苍郁	pos	0.6
插足	neg	0.6
尘嚣	neg	0.6
吃心	neg	0.6
憷头	neg	0.6
春山	pos	0.6
刺儿话	neg	0.6
错会	neg	0.6
酣眠	pos	0.6
颠沛	neg	0.6
丢份	neg	0.6
贰臣	neg	0.6
反侧	neg	0.6
奉迎	neg	0.6
浮夸	neg	0.6
负隅	neg	0.6
葱郁	pos	0.6
打躬	pos	0.6
得中	pos	0.6
黑金	neg	0.6
谎话	neg	0.6
挤占	neg	0.6
空论	neg	0.6
墩劝	pos	0.6
飞灵	pos	0.6
肥壮	pos	0.6
改过	pos	0.6
刚性	pos	0.6
高朗	pos	0.6
冷遇	neg	0.6
凌夷	neg	0.6
乱民	neg	0.6
埋汰	neg	0.6
毛子	neg	0.6
更生	pos	0.6
攻书	pos	0.6
磨烦	neg	0.6
呶呶	neg	0.6
闹架	neg	0.6
旁骛	neg	0.6
皮囊	neg	0.6
前愆	neg	0.6
洪钟	pos	0.6
饶舌	neg	0.6
认头	neg	0.6
辱命	neg	0.6
生事	neg	0.6
失范	neg	0.6
蜕化	neg	0.6
嬉皮士	neg	0.6
阴湿	neg	0.6
杂念	neg	0.6
不足挂齿	neg	0.6
打掩护	neg	0.6
不周	neg	0.6
老调	neg	0.6
马大哈	neg	0.6
光洁	pos	0.6
省心	pos	0.6
温婉	pos	0.6
稳静	pos	0.6
莹莹	pos	0.6
奖赏	pos	0.6
解渴	pos	0.6
拙直	pos	0.6
晋职	pos	0.6
精本	pos	0.6
敬养	pos	0.6
捐躯	pos	0.6
糊糊涂涂	neg	0.6
准点	pos	0.6
发怔	neg	0.6
调谐	pos	0.6
难说话	neg	0.6
富可敌国	pos	0.6
古色古香	pos	0.6
光可鉴人	pos	0.6
过谦	pos	0.6
和风细雨	pos	0.6
手不释卷	pos	0.6
健康美	pos	0.6
宽怀	pos	0.6
令人羡慕	pos	0.6
曼妙	pos	0.6
耐穿	pos	0.6
清馨	pos	0.6
娇嫩	pos	0.6
和煦	pos	0.6
瞧得起	pos	0.6
温厚	pos	0.6
泰然自若	pos	0.6
中看	pos	0.6
端方	pos	0.6
心直口快	pos	0.6
戆直	pos	0.6
洁白	pos	0.6
嘹亮	pos	0.6
平坦	pos	0.6
清洌洌	pos	0.6
猛将	pos	0.6
勇敢者	pos	0.6
本分人	pos	0.6
高精度	pos	0.6
详实	pos	0.6
言之有物	pos	0.6
缩头缩尾	neg	0.6
记恨	neg	0.6
反唇相讥	neg	0.6
矮子	neg	0.6
无病自灸	neg	0.6
着慌	neg	0.6
临阵磨枪	neg	0.6
苛求	neg	0.6
春风风人	pos	0.6
吐哺握发	pos	0.6
肥马轻裘	neg	0.6
画饼充饥	neg	0.6
多此一举	neg	0.6
颠来倒去	neg	0.6
信而有征	pos	0.6
另眼相看	pos	0.6
看人行事	neg	0.6
喜怒不形于色	pos	0.6
窑宅之所	neg	0.6
安富尊容	pos	0.6
撞府冲州	pos	0.6
薪火相传	pos	0.6
词穷理极	pos	0.6
修身慎行	pos	0.6
按图所骏	neg	0.6
隐约其辞	neg	0.6
贵耳贱目	neg	0.6
今朝有酒今朝醉	neg	0.6
人多势众	neg	0.6
倚酒三分醉	neg	0.6
悠悠荡荡	neg	0.6
一傅众修	neg	0.6
飞言醋语	neg	0.6
吴市吹箫	neg	0.6
生财有道	pos	0.6
筑室道谋	neg	0.6
降心相从	neg	0.6
随声是非	neg	0.6
安不忘危	pos	0.6
不今不古	neg	0.6
钻故纸堆	neg	0.6
拉拉扯扯	neg	0.6
晓风残月	neg	0.6
博而不精	neg	0.6
步步登高	pos	0.6
老马嘶风	pos	0.6
目如悬珠	pos	0.6
顾复之恩	pos	0.6
重整旗鼓	pos	0.6
弃瑕录用	pos	0.6
苦中作乐	pos	0.6
白日衣绣	pos	0.6
浪子回头金不换	pos	0.6
短针攻疽	neg	0.6
弃甲丢盔	neg	0.6
东游西荡	neg	0.6
笨口拙舌	neg	0.6
黎丘丈人	neg	0.6
奇旁福艾	pos	0.6
金屋藏娇	neg	0.6
悬驼就石	neg	0.6
寻章摘句	neg	0.6
眉来眼去	neg	0.6
门无杂宾	pos	0.6
不差毫发	pos	0.6
芝兰玉树	pos	0.6
分毫不差	pos	0.6
炳炳麟磷	pos	0.6
虚己受人	pos	0.6
以规为瑱	neg	0.6
不伐其功	pos	0.6
抛砖引玉	pos	0.6
有形	pos	0.6
歇菜	neg	0.6
吹嘘	neg	0.6
烦琐	neg	0.6
神经兮兮	neg	0.6
多有微词	neg	0.6
战争贩子	neg	0.6
拖拉	neg	0.6
褊急	neg	0.6
板滞	neg	0.6
掉书袋	neg	0.6
蒙哄	neg	0.6
偏听偏信	neg	0.6
焦枯	neg	0.6
老牛破车	neg	0.6
耍花枪	neg	0.6
不足为凭	neg	0.6
说不过去	neg	0.6
一成不变	neg	0.6
听风是雨	neg	0.6
肤泛	neg	0.6
摆普儿	neg	0.6
残货	neg	0.6
护短	neg	0.6
禀呈	pos	0.6
敞快	pos	0.6
吵子	neg	0.6
畅顺	pos	0.6
吃嘴	neg	0.6
重沓	neg	0.6
承平	pos	0.6
舛讹	neg	0.6
刺儿头	neg	0.6
催逼	neg	0.6
错漏	neg	0.6
叨叨	neg	0.6
赌钱	neg	0.6
发痴	neg	0.6
拂逆	neg	0.6
负约	neg	0.6
杆子	neg	0.6
攻讦	neg	0.6
嵯峨	pos	0.6
大寿	pos	0.6
抵事	pos	0.6
黑幕	neg	0.6
贿赂	neg	0.6
假造	neg	0.6
教唆	neg	0.6
局骗	neg	0.6
拉杂	neg	0.6
空疏	neg	0.6
狂躁	neg	0.6
豆蔻	pos	0.6
恩公	pos	0.6
繁庶	pos	0.6
丰稔	pos	0.6
丰足	pos	0.6
风义	pos	0.6
福地	pos	0.6
甘洌	pos	0.6
高等	pos	0.6
凌杂	neg	0.6
流俗	neg	0.6
没治	neg	0.6
缪错	neg	0.6
高扬	pos	0.6
抛费	neg	0.6
皮相	neg	0.6
贺词	pos	0.6
华灯	pos	0.6
欢好	pos	0.6
入寇	neg	0.6
生造	neg	0.6
私见	neg	0.6
嫌厌	neg	0.6
一隅	neg	0.6
冤钱	neg	0.6
杂牌	neg	0.6
当仁不让	pos	0.6
悠远	pos	0.6
排场	neg	0.6
转弯抹角	neg	0.6
麻利	pos	0.6
明澈	pos	0.6
红火	pos	0.6
清新	pos	0.6
巍然	pos	0.6
蹊径	pos	0.6
呜呼哀哉	neg	0.6
左支右绌	neg	0.6
纪念塔	pos	0.6
意境	pos	0.6
皱巴巴	neg	0.6
毫无保留地	pos	0.6
安国宁家	pos	0.6
志同道合	pos	0.6
随群	pos	0.6
烈日当空	neg	0.6
清流	pos	0.6
新生	pos	0.6
主人翁	pos	0.6
宝塔	pos	0.6
了了解人意	pos	0.6
高倪大谈	pos	0.6
露怯	neg	0.6
地主	neg	0.6
啁哳	neg	0.6
支离	neg	0.6
情愫	pos	0.6
遒炼	pos	0.6
生机	pos	0.6
素净	pos	0.6
浊重	neg	0.6
阻梗	neg	0.6
恬谧	pos	0.6
闻名	pos	0.6
无疆	pos	0.6
济助	pos	0.6
寄情	pos	0.6
雄豪	pos	0.6
雄师	pos	0.6
莹洁	pos	0.6
践约	pos	0.6
奖牌	pos	0.6
奖劝	pos	0.6
交谊	pos	0.6
娇黄	pos	0.6
接遇	pos	0.6
锦标	pos	0.6
韵致	pos	0.6
战功	pos	0.6
周正	pos	0.6
祝酒	pos	0.6
壮硕	pos	0.6
尊称	pos	0.6
座上客	pos	0.6
精审	pos	0.6
精研	pos	0.6
劲旅	pos	0.6
救荒	pos	0.6
暗里	neg	0.6
闭塞	neg	0.6
直心眼	pos	0.6
无特色	neg	0.6
低质	neg	0.6
发腻	neg	0.6
古里古怪	neg	0.6
黑漆寥光	neg	0.6
骠勇	pos	0.6
皎白	pos	0.6
靓丽	pos	0.6
垂怜	neg	0.6
呆愣愣	neg	0.6
惶惶然	neg	0.6
看低	neg	0.6
安如磐石	pos	0.6
醇浓	pos	0.6
簇新	pos	0.6
大胆泼辣	pos	0.6
淡泊名利	pos	0.6
秾艳	pos	0.6
度量大	pos	0.6
多快好省	pos	0.6
贸贸然	neg	0.6
没理	neg	0.6
没味	neg	0.6
目不识丁	neg	0.6
破烂不堪	neg	0.6
非常热心	pos	0.6
甘之如饴	pos	0.6
够意思	pos	0.6
毫发不差	pos	0.6
数得上	pos	0.6
受听	pos	0.6
省俭	pos	0.6
浑身是胆	pos	0.6
饶有兴致	pos	0.6
清亮亮	pos	0.6
老练	pos	0.6
完好如初	pos	0.6
匀和	pos	0.6
蔫不出溜	neg	0.6
判断正确	pos	0.6
舒心	pos	0.6
豁朗	pos	0.6
感奋	pos	0.6
陶然	pos	0.6
可心如意	pos	0.6
感激涕零	pos	0.6
飞扬	pos	0.6
陶冶	pos	0.6
娇柔	pos	0.6
益友	pos	0.6
碧绿	pos	0.6
诱导	neg	0.6
心悦诚服	pos	0.6
美意延年	pos	0.6
福寿双全	pos	0.6
福禄双全	pos	0.6
依顺	pos	0.6
和易	pos	0.6
若无其事	pos	0.6
简洁	pos	0.6
闯将	pos	0.6
蔚然	pos	0.6
壮士	pos	0.6
洪亮	pos	0.6
有生气	pos	0.6
澄澈	pos	0.6
沁入心扉	pos	0.6
硬骨头	pos	0.6
道地	pos	0.6
一是一	pos	0.6
琅琅上口	pos	0.6
板正	pos	0.6
怫然作色	neg	0.6
大肆	neg	0.6
狼子野心	neg	0.6
歪缠	neg	0.6
妄自尊大	neg	0.6
文侩	neg	0.6
可气	neg	0.6
狼狈万状	neg	0.6
又哭又闹	neg	0.6
糟心	neg	0.6
抑郁不平	neg	0.6
若有所丧	neg	0.6
惭怍	neg	0.6
食不甘味	neg	0.6
意懒心灰	neg	0.6
不逞	neg	0.6
妒意	neg	0.6
锄强扶弱	pos	0.6
罚不当罪	neg	0.6
披榛采兰	pos	0.6
力所能及	pos	0.6
省吃俭用	pos	0.6
携泰山以超北海	neg	0.6
奋起直追	pos	0.6
罗雀掘鼠	neg	0.6
窜端匿迹	neg	0.6
伯仲之间	pos	0.6
复旧如新	pos	0.6
一念之差	neg	0.6
逾淮之橘	neg	0.6
有志不在年高	pos	0.6
扫榻以待	pos	0.6
狐裘羔袖	neg	0.6
清和平允	pos	0.6
老成之见	pos	0.6
入乡随俗	pos	0.6
好丹非素	neg	0.6
眉目不清	neg	0.6
安贫乐道	pos	0.6
烟霞痼疾	neg	0.6
向平之愿	pos	0.6
高门大屋	pos	0.6
蜗舍荆扉	neg	0.6
拈花微笑	pos	0.6
落魄江湖	neg	0.6
形容憔悴	neg	0.6
克绍箕裘	pos	0.6
持平之论	pos	0.6
信口开河	neg	0.6
言不顾行	neg	0.6
郑人买履	neg	0.6
临机应变	pos	0.6
心知其意	pos	0.6
反求诸己	pos	0.6
旁敲侧击	neg	0.6
东烘先生	neg	0.6
醉酒妇人	neg	0.6
傍人门户	neg	0.6
摧眉折腰	neg	0.6
并日而食	neg	0.6
环堵萧然	neg	0.6
履穿踵决	neg	0.6
三旬九食	neg	0.6
公平交易	pos	0.6
首鼠模棱	neg	0.6
低眉顺眼	neg	0.6
尤而效之	neg	0.6
不夷不惠	pos	0.6
方枘圆凿	neg	0.6
邂逅相遇	pos	0.6
河东狮吼	neg	0.6
咏月嘲风	neg	0.6
大呼小叫	neg	0.6
应权通变	pos	0.6
怪模怪样	neg	0.6
小家碧玉	pos	0.6
河汾门下	pos	0.6
龙眉皓发	pos	0.6
倾心吐胆	pos	0.6
夫唱妇随	pos	0.6
相辅相成	pos	0.6
鼋鸣鳖应	pos	0.6
教一识百	pos	0.6
五行并下	pos	0.6
一表非俗	pos	0.6
白发红颜	pos	0.6
欧鹭忘机	pos	0.6
情见乎辞	pos	0.6
待时守分	pos	0.6
与民更始	pos	0.6
略迹原情	pos	0.6
左萦右拂	pos	0.6
目不窥园	pos	0.6
鹰瞵鹗视	neg	0.6
载酒问字	pos	0.6
不衫不履	neg	0.6
流年不利	neg	0.6
损兵折将	neg	0.6
戴盆望天	neg	0.6
鸡胸龟背	neg	0.6
悬断是非	neg	0.6
不露圭角	pos	0.6
缄口藏舌	neg	0.6
凡夫俗子	neg	0.6
雕章琢句	pos	0.6
交浅言深	pos	0.6
寂天寞地	neg	0.6
不忘故剑	pos	0.6
含英咀华	pos	0.6
狡狯	neg	0.6
巧舌如簧	neg	0.6
蜻蜓点水	neg	0.6
情妇	neg	0.6
怂恿	neg	0.6
挑毛拣刺	neg	0.6
想入非非	neg	0.6
庸碌	neg	0.6
杂乱无章	neg	0.6
装佯	neg	0.6
一头儿沉	neg	0.6
胶柱鼓瑟	neg	0.6
卖嘴	neg	0.6
佻巧	neg	0.6
守旧	neg	0.6
杂沓	neg	0.6
心猿意马	neg	0.6
弄鬼	neg	0.6
倦怠	neg	0.6
流水无情	neg	0.6
弛缓	neg	0.6
蜗行牛步	neg	0.6
小崽子	neg	0.6
方巾气	neg	0.6
偏失	neg	0.6
假劣	neg	0.6
心口不一	neg	0.6
暗事	neg	0.6
霸持	neg	0.6
爆烈	neg	0.6
津津有味	pos	0.6
沉着	pos	0.6
裨益	pos	0.6
彩旗	pos	0.6
苍茫	pos	0.6
长策	pos	0.6
侧足	neg	0.6
差失	neg	0.6
掺和	neg	0.6
缠磨	neg	0.6
吵嚷	neg	0.6
扯腿	neg	0.6
陈套	neg	0.6
畅茂	pos	0.6
充数	neg	0.6
丑角	neg	0.6
冲杀	neg	0.6
传诵	pos	0.6
出逃	neg	0.6
春光	pos	0.6
次货	neg	0.6
错讹	neg	0.6
打手	neg	0.6
酣饮	pos	0.6
躲懒	neg	0.6
樊笼	neg	0.6
割裂	neg	0.6
苟活	neg	0.6
股匪	neg	0.6
官场	neg	0.6
鬼话	neg	0.6
葱绿	pos	0.6
答礼	pos	0.6
大胆	neg	0.6
大人物	pos	0.6
的真	pos	0.6
地望	pos	0.6
黑窝	neg	0.6
哄弄	neg	0.6
毁伤	neg	0.6
挤对	neg	0.6
斤斤	neg	0.6
癞子	neg	0.6
洞见	pos	0.6
洞悉	pos	0.6
端丽	pos	0.6
墩朴	pos	0.6
恩爱	pos	0.6
恩义	pos	0.6
发轫	pos	0.6
繁花	pos	0.6
芳醇	pos	0.6
芳馨	pos	0.6
丰年	pos	0.6
丰沃	pos	0.6
富岁	pos	0.6
甘芳	pos	0.6
高峻	pos	0.6
漏网	neg	0.6
乱臣	neg	0.6
盲干	neg	0.6
媚态	neg	0.6
靡费	neg	0.6
告竣	pos	0.6
功劳	pos	0.6
末流	neg	0.6
管用	pos	0.6
泥古	neg	0.6
蔫儿坏	neg	0.6
披靡	neg	0.6
僻陋	neg	0.6
破约	neg	0.6
愆尤	neg	0.6
诮呵	neg	0.6
贺幛	pos	0.6
红榜	pos	0.6
宏朗	pos	0.6
花朵	pos	0.6
欢送	pos	0.6
囚徒	neg	0.6
染缸	neg	0.6
揉磨	neg	0.6
涩滞	neg	0.6
西化	neg	0.6
嚣杂	neg	0.6
一帮	neg	0.6
杂凑	neg	0.6
使性子	neg	0.6
弛懈	neg	0.6
除旧布新	pos	0.6
莫逆之交	pos	0.6
姹紫嫣红	pos	0.6
生涩	neg	0.6
涵养	pos	0.6
率由旧章	neg	0.6
拘板	neg	0.6
风和日暖	pos	0.6
粗疏	neg	0.6
功力	pos	0.6
东鳞西爪	neg	0.6
横财	neg	0.6
与世无争	pos	0.6
对付	neg	0.6
招风	neg	0.6
清切	pos	0.6
情韵	pos	0.6
顺适	pos	0.6
生色	pos	0.6
素朴	pos	0.6
重浊	neg	0.6
转蓬	neg	0.6
嘴笨	neg	0.6
淡然	pos	0.6
闻人	pos	0.6
无前	pos	0.6
凄惶	neg	0.6
雄浑	pos	0.6
雄视	pos	0.6
莹然	pos	0.6
简切	pos	0.6
老虎屁股摸不得	neg	0.6
交映	pos	0.6
娇蓝	pos	0.6
节能	pos	0.6
在理	pos	0.6
值价	pos	0.6
庄静	pos	0.6
尊奉	pos	0.6
近情	pos	0.6
精核	pos	0.6
精严	pos	0.6
晶光	pos	0.6
井然	pos	0.6
诤友	pos	0.6
劲秀	pos	0.6
有心眼儿	pos	0.6
令人敬畏	pos	0.6
不更事	neg	0.6
直心眼儿	pos	0.6
沉静	pos	0.6
循规蹈矩	neg	0.6
滴里嘟噜	neg	0.6
动作迟顿	neg	0.6
发人深省	pos	0.6
寡淡	neg	0.6
胡子拉茬	neg	0.6
质优	pos	0.6
仔仔细细	pos	0.6
熠熠生辉	pos	0.6
凄切	neg	0.6
吃后悔药	neg	0.6
兔死狐悲	neg	0.6
系念	pos	0.6
七手八脚	neg	0.6
看得上眼	pos	0.6
沿门托钵	neg	0.6
改弦更张	pos	0.6
喜幸	pos	0.6
迁延时日	neg	0.6
江河日下	neg	0.6
拘礼	neg	0.6
公子哥儿	neg	0.6
扬玲打鼓	neg	0.6
楚楚可怜	pos	0.6
车水马龙	pos	0.6
哩哩啦啦	neg	0.6
鼎鼎大名	pos	0.6
没礼貌	neg	0.6
脾气爆躁	neg	0.6
绕脖子	neg	0.6
弱不禁风	neg	0.6
高耸	pos	0.6
尔雅	pos	0.6
毫发不爽	pos	0.6
受看	pos	0.6
坚持不渝	pos	0.6
深奥	pos	0.6
讲礼貌	pos	0.6
精神十足	pos	0.6
软心肠	pos	0.6
入耳	pos	0.6
群威群胆	pos	0.6
清幽幽	pos	0.6
快人快语	pos	0.6
皮实	pos	0.6
亲昵	pos	0.6
轻松	pos	0.6
旗帜鲜明	pos	0.6
满腔热血	pos	0.6
蔫不溜	neg	0.6
喷喷香	pos	0.6
哀丝豪竹	pos	0.6
狐疑	neg	0.6
康乐	pos	0.6
舒坦	pos	0.6
馨香	pos	0.6
正中下怀	pos	0.6
陶陶	pos	0.6
酣畅	pos	0.6
深望	pos	0.6
严守	pos	0.6
祝寿	pos	0.6
土里土气	neg	0.6
谧静	pos	0.6
瞧得上眼	pos	0.6
脉脉	pos	0.6
不懈怠	pos	0.6
麻姑献寿	pos	0.6
福寿齐天	pos	0.6
一呼百应	pos	0.6
伏帖	pos	0.6
自重	pos	0.6
神色不动	pos	0.6
昭彰	pos	0.6
其乐无穷	pos	0.6
逗趣	pos	0.6
身体力行	pos	0.6
猛士	pos	0.6
虎虎	pos	0.6
洒落	pos	0.6
滑润	pos	0.6
浩荡	pos	0.6
利索	pos	0.6
轻便	pos	0.6
清凌凌	pos	0.6
爱憎分明	pos	0.6
血性汉子	pos	0.6
童贞	pos	0.6
言之有理	pos	0.6
吃得开	pos	0.6
全优	pos	0.6
原汁原味	pos	0.6
朗朗上口	pos	0.6
盎然	pos	0.6
帮补	pos	0.6
局天蹐地	neg	0.6
视为畏途	neg	0.6
钩心斗角	neg	0.6
老巢	neg	0.6
骄慢	neg	0.6
文痞	neg	0.6
浮滑	neg	0.6
哭闹	neg	0.6
迷茫	neg	0.6
不辞而别	neg	0.6
败笔	neg	0.6
头脑发热	neg	0.6
急来抱佛脚	neg	0.6
八面圆通	neg	0.6
除邪去害	pos	0.6
黜陟幽明	pos	0.6
举错得当	pos	0.6
千金买骏骨	pos	0.6
菲食薄衣	pos	0.6
细水长流	pos	0.6
大开方便之门	neg	0.6
坚心守志	pos	0.6
对症下药	pos	0.6
加油加醋	neg	0.6
相视而笑	pos	0.6
栈山航海	pos	0.6
蹈其覆辙	neg	0.6
举措失当	neg	0.6
将伯之助	pos	0.6
志气凌云	pos	0.6
美中不足	neg	0.6
少年老成	pos	0.6
甘之若素	pos	0.6
不识时变	neg	0.6
甲第连云	pos	0.6
方外之士	pos	0.6
嘟嘟囔囔	neg	0.6
弟子孩儿	neg	0.6
推己及人	pos	0.6
了了可见	pos	0.6
一望而知	pos	0.6
反听内视	pos	0.6
多端寡要	neg	0.6
寄人篱下	neg	0.6
饱食终日	neg	0.6
旱魃为虐	neg	0.6
凶年恶岁	neg	0.6
饥寒交迫	neg	0.6
附膻逐腥	neg	0.6
樵苏不爨	neg	0.6
少吃无穿	neg	0.6
两头白面	neg	0.6
钢打铁铸	pos	0.6
两全其美	pos	0.6
金城石室	pos	0.6
依违两可	neg	0.6
低眉折腰	neg	0.6
俯仰由人	neg	0.6
知法犯法	neg	0.6
替罪羊	neg	0.6
装聋作哑	neg	0.6
仗气使酒	neg	0.6
风云变态	pos	0.6
咄嗟立办	pos	0.6
目迷五色	neg	0.6
初写黄庭	pos	0.6
格格不入	neg	0.6
故技重施	neg	0.6
转败为功	pos	0.6
夹枪带棒	neg	0.6
之乎者也	neg	0.6
井中视星	neg	0.6
眼高手低	neg	0.6
脚高步低	neg	0.6
两相情愿	pos	0.6
耳热酒酣	pos	0.6
同窗好友	pos	0.6
故剑情深	pos	0.6
明察暗访	pos	0.6
对答如流	pos	0.6
后起之秀	pos	0.6
善贾而沽	pos	0.6
下笔千言	pos	0.6
磨厉以须	pos	0.6
不拘形迹	pos	0.6
翩翩少年	pos	0.6
面如满月	pos	0.6
须髯如戟	pos	0.6
林下风气	pos	0.6
须眉皓然	pos	0.6
偶俱无猜	pos	0.6
白手起家	pos	0.6
待势乘时	pos	0.6
犯而不较	pos	0.6
蒲鞭示辱	pos	0.6
百战不殆	pos	0.6
师值为壮	pos	0.6
能征惯战	pos	0.6
囊萤映雪	pos	0.6
悬梁刺股	pos	0.6
凿壁偷光	pos	0.6
孟母三迁	pos	0.6
奇装异服	neg	0.6
耿耿于怀	neg	0.6
蓬头历齿	neg	0.6
毕其功于一役	neg	0.6
断鹤续凫	neg	0.6
浑然无知	neg	0.6
目挑心招	neg	0.6
掩目捕雀	neg	0.6
学步邯郸	neg	0.6
饾饤堆砌	neg	0.6
同心合意	pos	0.6
交疏吐诚	pos	0.6
元方季方	pos	0.6
才子佳人	pos	0.6
丁一卯二	pos	0.6
遏恶扬善	pos	0.6
皓首穷经	pos	0.6
果于自信	neg	0.6
顶一下	pos	0.6
胆小如鼠	neg	0.6
坑害	neg	0.6
窥伺	neg	0.6
马虎	neg	0.6
随声附和	neg	0.6
油滑	neg	0.6
瞻前顾后	neg	0.6
猥陋	neg	0.6
矜夸	neg	0.6
言不由衷	neg	0.6
逞能	neg	0.6
愣头愣脑	neg	0.6
娇气	neg	0.6
出格	neg	0.6
瞎胡闹	neg	0.6
视若路人	neg	0.6
胡里胡涂	neg	0.6
不由分说	neg	0.6
一偏	neg	0.6
跳梁小丑	neg	0.6
瞒骗	neg	0.6
背谬	neg	0.6
危言耸听	neg	0.6
虚有其表	neg	0.6
不怎么样	neg	0.6
爱小	neg	0.6
暴民	neg	0.6
逼婚	neg	0.6
不扬	neg	0.6
处之泰然	pos	0.6
彪悍	pos	0.6
冰释	pos	0.6
参拜	pos	0.6
草野	neg	0.6
差误	neg	0.6
缠扰	neg	0.6
吵扰	neg	0.6
迟误	neg	0.6
冲霄	pos	0.6
出尖	pos	0.6
舛错	neg	0.6
蠢蠢	neg	0.6
错处	neg	0.6
盗印	neg	0.6
龟鹤	pos	0.6
酣梦	pos	0.6
讹传	neg	0.6
发傻	neg	0.6
繁乱	neg	0.6
疯话	neg	0.6
葱茂	pos	0.6
大道	pos	0.6
鼎新	pos	0.6
横加	neg	0.6
谎报	neg	0.6
进谗	neg	0.6
墩请	pos	0.6
恩德	pos	0.6
芳菲	pos	0.6
芳姿	pos	0.6
肥腴	pos	0.6
扶疏	pos	0.6
改观	pos	0.6
高矗	pos	0.6
高旷	pos	0.6
埋没	neg	0.6
没羞	neg	0.6
靡靡	neg	0.6
逆产	neg	0.6
歉收	neg	0.6
宏丽	pos	0.6
欢度	pos	0.6
欢慰	pos	0.6
肉欲	neg	0.6
塞责	neg	0.6
生番	neg	0.6
衰替	neg	0.6
西崽	neg	0.6
瑕玷	neg	0.6
萧然	neg	0.6
凶毒	neg	0.6
钦服	pos	0.6
充盈	pos	0.6
稀松	neg	0.6
贫气	neg	0.6
夸耀	neg	0.6
不值一提	neg	0.6
馋涎欲滴	neg	0.6
翻然悔悟	pos	0.6
一目十行	pos	0.6
精练	pos	0.6
深刻	pos	0.6
奴才	neg	0.6
扶掖	pos	0.6
粗豪	pos	0.6
神魂颠倒	neg	0.6
超人	pos	0.6
夫子	neg	0.6
旁若无人	neg	0.6
情分	pos	0.6
遒劲	pos	0.6
貌似真实的	neg	0.6
贫贱	neg	0.6
平铺直叙	neg	0.6
阿飞	neg	0.6
糟烂	neg	0.6
窄狭	neg	0.6
容姿	pos	0.6
桑梓	pos	0.6
圣手	pos	0.6
素雅	pos	0.6
通亮	pos	0.6
文名	pos	0.6
稳帖	pos	0.6
无华	pos	0.6
详密	pos	0.6
雄风	pos	0.6
雄强	pos	0.6
莹澈	pos	0.6
勇壮	pos	0.6
简括	pos	0.6
见惠	pos	0.6
奖状	pos	0.6
娇红	pos	0.6
接引	pos	0.6
金婚	pos	0.6
战果	pos	0.6
祝捷	pos	0.6
专长	pos	0.6
壮实	pos	0.6
尽职	pos	0.6
精装	pos	0.6
景致	pos	0.6
劲健	pos	0.6
掬诚	pos	0.6
镌刻	pos	0.6
暗地里	neg	0.6
直来直去	pos	0.6
不起眼儿	neg	0.6
低智	neg	0.6
够呛	neg	0.6
寡言少语	neg	0.6
最高级	pos	0.6
婷婷袅袅	pos	0.6
馥馥	pos	0.6
鼻酸	neg	0.6
吃不准	neg	0.6
踌躇不前	neg	0.6
呆住	neg	0.6
鸡蛋里挑骨头	neg	0.6
宽恕	pos	0.6
勃勃生机	pos	0.6
口头上	neg	0.6
春光明媚	pos	0.6
利已	neg	0.6
大大方方	pos	0.6
淡泊明志	pos	0.6
没有学问	neg	0.6
炽热	pos	0.6
八字打开	pos	0.6
霸气	neg	0.6
打破沙锅问到底	pos	0.6
不是滋味儿	neg	0.6
黑蒙蒙	neg	0.6
盲人骑瞎马	neg	0.6
芬芳馥郁	pos	0.6
风华正茂	pos	0.6
奉公守法	pos	0.6
够水平	pos	0.6
光彩炫目	pos	0.6
毫不犹豫	pos	0.6
赫赫	pos	0.6
数得着	pos	0.6
浑然一体	pos	0.6
技高一筹	pos	0.6
简明扼要	pos	0.6
精神抖擞	pos	0.6
经久耐用	pos	0.6
清通	pos	0.6
老于世故	neg	0.6
路人皆知	neg	0.6
明快生动	pos	0.6
排列整齐	pos	0.6
哀而不伤	pos	0.6
哀艳	pos	0.6
妒火	neg	0.6
芳泽	pos	0.6
称愿	pos	0.6
悠然自得	pos	0.6
鹊桥相会	pos	0.6
千里送鹅毛	pos	0.6
痛痒相关	pos	0.6
罗曼蒂克	pos	0.6
斑斓	pos	0.6
碧蓝	pos	0.6
贵姓	pos	0.6
拜服	pos	0.6
福齐南山	pos	0.6
吉人天相	pos	0.6
依从	pos	0.6
名正言顺	pos	0.6
洒脱	pos	0.6
举止自若	pos	0.6
头头是道	pos	0.6
波澜壮阔	pos	0.6
冲锋陷阵	pos	0.6
魁梧	pos	0.6
自若	pos	0.6
风趣	pos	0.6
事半功倍	pos	0.6
通顺	pos	0.6
巍巍	pos	0.6
狷介	pos	0.6
活波	pos	0.6
传神	pos	0.6
悍将	pos	0.6
公事公办	pos	0.6
温暖如春	pos	0.6
姣好	pos	0.6
娇艳欲滴	pos	0.6
鲜活	pos	0.6
实打实	pos	0.6
独具一格	pos	0.6
白净	pos	0.6
报谢	pos	0.6
艴然不悦	neg	0.6
暗算	neg	0.6
逢迎	neg	0.6
溜须拍马	neg	0.6
恶感	neg	0.6
侵入	neg	0.6
妄想	neg	0.6
榨取	neg	0.6
专断	neg	0.6
贪杯	neg	0.6
欺生	neg	0.6
党徒	neg	0.6
穷酸	neg	0.6
死心眼儿	neg	0.6
不齿	neg	0.6
熬心	neg	0.6
懊糟	neg	0.6
操切	neg	0.6
顾此失彼	neg	0.6
捕风捉影	neg	0.6
朗朗乾坤	pos	0.6
除患宁乱	pos	0.6
正理平治	pos	0.6
成败论人	neg	0.6
轻车简从	pos	0.6
梦中说梦	neg	0.6
弘毅宽厚	pos	0.6
大吹法螺	neg	0.6
张大其事	neg	0.6
东掩西遮	neg	0.6
世殊事异	neg	0.6
望而却步	neg	0.6
翻翻覆覆	neg	0.6
复旧如初	pos	0.6
拔本塞源	neg	0.6
入室弟子	pos	0.6
阪上走丸	pos	0.6
百花争艳	pos	0.6
大醇小疵	neg	0.6
元龙豪气	pos	0.6
忍辱负重	pos	0.6
厚貌深情	neg	0.6
锦瑟年华	pos	0.6
重规叠矩	neg	0.6
零敲碎打	neg	0.6
因袭陈规	neg	0.6
惭凫企鹤	neg	0.6
蓬户瓮牖	neg	0.6
土阶茅屋	neg	0.6
临事而惧	neg	0.6
洞见症结	pos	0.6
信口胡言	neg	0.6
刺刺不休	neg	0.6
数黄道黑	neg	0.6
不得其死	neg	0.6
临机处置	pos	0.6
设身处地	pos	0.6
有闻必录	neg	0.6
心有灵犀一点通	pos	0.6
暮鼓晨钟	pos	0.6
反躬自问	pos	0.6
坐不窥堂	pos	0.6
不看了了	neg	0.6
楚囚对泣	neg	0.6
傍人篱壁	neg	0.6
坐于涂炭	neg	0.6
弹丸之地	neg	0.6
聊以卒岁	neg	0.6
爨桂炊玉	neg	0.6
食玉炊桂	neg	0.6
俯首帖耳	neg	0.6
劈两分星	neg	0.6
耳目一新	pos	0.6
不徐不疾	pos	0.6
七拼八凑	neg	0.6
可乘之机	neg	0.6
吞云吐雾	neg	0.6
鸢飞鱼跃	pos	0.6
通权达变	pos	0.6
自始至终	pos	0.6
不知深浅	neg	0.6
兼权熟计	pos	0.6
纬武经文	pos	0.6
执牛耳	pos	0.6
寸指测渊	neg	0.6
寡见少闻	neg	0.6
心有余而力不足	neg	0.6
黔突暖席	neg	0.6
如入无人之境	pos	0.6
雾鬓风鬟	pos	0.6
高足弟子	pos	0.6
春兰秋菊	pos	0.6
急中生智	pos	0.6
十行俱下	pos	0.6
直道而行	pos	0.6
悃愊无华	pos	0.6
待时而动	pos	0.6
置之死地而后生	pos	0.6
人强马壮	pos	0.6
磨穿铁砚	pos	0.6
豁目开襟	pos	0.6
勇猛精进	pos	0.6
鸡皮鹤发	neg	0.6
师老民困	neg	0.6
人老珠黄	neg	0.6
屋下架屋	neg	0.6
无的放矢	neg	0.6
横生枝节	neg	0.6
惨淡经营	pos	0.6
遇人不淑	neg	0.6
断章截句	neg	0.6
佶屈聱牙	neg	0.6
白头相守	pos	0.6
玉堂金马	pos	0.6
修文偃武	pos	0.6
兄肥弟瘦	pos	0.6
一双两好	pos	0.6
是非分明	pos	0.6
过目不忘	pos	0.6
臭嘴	neg	0.6
夸夸其谈	neg	0.6
爱发牢骚	neg	0.6
颓靡	neg	0.6
蚍蜉撼树	neg	0.6
奇货可居	neg	0.6
巧立名目	neg	0.6
轻举妄动	neg	0.6
三心二意	neg	0.6
无所不至	neg	0.6
洗劫	neg	0.6
乏货	neg	0.6
落落寡合	neg	0.6
装假	neg	0.6
厚此薄彼	neg	0.6
刻舟求剑	neg	0.6
诈唬	neg	0.6
虚浮	neg	0.6
心不在焉	neg	0.6
卖好	neg	0.6
做鬼	neg	0.6
心眼多	neg	0.6
慢慢腾腾	neg	0.6
安于现状	neg	0.6
半封建	neg	0.6
吃偏饭	neg	0.6
有伤风化	neg	0.6
名不符实	neg	0.6
想当然	neg	0.6
把持	neg	0.6
借刀杀人	neg	0.6
不慌不忙	pos	0.6
镇静	pos	0.6
毕肖	pos	0.6
宾朋	pos	0.6
苍绿	pos	0.6
草芥	neg	0.6
差池	neg	0.6
剿说	neg	0.6
扯臊	neg	0.6
逞凶	neg	0.6
彻悟	pos	0.6
称庆	pos	0.6
呈递	pos	0.6
冲犯	neg	0.6
澄空	pos	0.6
垂询	pos	0.6
疵品	neg	0.6
憨实	pos	0.6
凋落	neg	0.6
斗气	neg	0.6
掇弄	neg	0.6
犯傻	neg	0.6
飞贼	neg	0.6
偾事	neg	0.6
浮词	neg	0.6
干号	neg	0.6
关碍	neg	0.6
惯家	neg	0.6
葱笼	pos	0.6
脆爽	pos	0.6
答拜	pos	0.6
地利	pos	0.6
过当	neg	0.6
毁弃	neg	0.6
祸事	neg	0.6
极权	neg	0.6
家贼	neg	0.6
简慢	neg	0.6
空泛	neg	0.6
洞达	pos	0.6
亏负	neg	0.6
端静	pos	0.6
敦聘	pos	0.6
繁富	pos	0.6
芳心	pos	0.6
富庶	pos	0.6
赅备	pos	0.6
高敞	pos	0.6
冷害	neg	0.6
骂街	neg	0.6
媚世	neg	0.6
告成	pos	0.6
暮气	neg	0.6
纳贿	neg	0.6
闹腾	neg	0.6
腻歪	neg	0.6
汗青	pos	0.6
批缪	neg	0.6
频仍	neg	0.6
悭吝	neg	0.6
浅学	neg	0.6
强梁	neg	0.6
硗薄	neg	0.6
贺联	pos	0.6
宏阔	pos	0.6
厚恩	pos	0.6
虎劲	pos	0.6
轻慢	neg	0.6
啬刻	neg	0.6
煞气	neg	0.6
失着	neg	0.6
糖弹	neg	0.6
嚣闹	neg	0.6
腥臊	neg	0.6
朽木	neg	0.6
虚怯	neg	0.6
续貂	neg	0.6
玄虚	neg	0.6
语病	neg	0.6
怨嗟	neg	0.6
清醇	pos	0.6
管事	pos	0.6
因地制宜	pos	0.6
婉转	pos	0.6
身强力壮	pos	0.6
行将就木	neg	0.6
拙朴	pos	0.6
奋战	pos	0.6
失慎	neg	0.6
气短	neg	0.6
硕果仅存	pos	0.6
父老	pos	0.6
依依	pos	0.6
阴冷	neg	0.6
痴肥	neg	0.6
花心	neg	0.6
晦气	neg	0.6
热流	pos	0.6
脆美	pos	0.6
焕然	pos	0.6
驯顺	pos	0.6
初生牛犊般	pos	0.6
甘美多汁	pos	0.6
工致	pos	0.6
静谧	pos	0.6
美美	pos	0.6
索寞	neg	0.6
安澜	pos	0.6
蔼如	pos	0.6
背理	neg	0.6
悖晦	neg	0.6
憋屈	neg	0.6
不苟	pos	0.6
称意	pos	0.6
粗浅	neg	0.6
崔巍	pos	0.6
单弱	neg	0.6
动人心弦	pos	0.6
抖擞	pos	0.6
独到	pos	0.6
多病	neg	0.6
多闻	pos	0.6
二流	neg	0.6
纷杂	neg	0.6
粉嫩	pos	0.6
封建	neg	0.6
浮艳	neg	0.6
鲠直	pos	0.6
工工整整	pos	0.6
恭肃	pos	0.6
乖巧	pos	0.6
含悲	neg	0.6
好胜	neg	0.6
浩渺	pos	0.6
合欢	pos	0.6
宏亮	pos	0.6
涣散	neg	0.6
晃悠悠	neg	0.6
晦涩	neg	0.6
活泼泼	pos	0.6
奖罚分明	pos	0.6
狡黠	neg	0.6
矫情	neg	0.6
劲拔	pos	0.6
近便	pos	0.6
举案齐眉	pos	0.6
看不上	neg	0.6
可塑	pos	0.6
铿锵	pos	0.6
拉下脸来	neg	0.6
灵活机动	pos	0.6
灵捷	pos	0.6
鲁钝	neg	0.6
昧心	neg	0.6
明慧	pos	0.6
驽钝	neg	0.6
偏枯	neg	0.6
千娇百媚	pos	0.6
惬心	pos	0.6
清拔	pos	0.6
清静	pos	0.6
清冽	pos	0.6
清婉	pos	0.6
遒健	pos	0.6
洒洒	pos	0.6
疏阔	neg	0.6
舒缓	pos	0.6
肃杀	neg	0.6
随和	pos	0.6
遂心	pos	0.6
挑食	neg	0.6
婉曼	pos	0.6
娓娓	pos	0.6
稳拿	pos	0.6
无恒	neg	0.6
稀烂	neg	0.6
险厄	neg	0.6
响亮	pos	0.6
淆乱	neg	0.6
笑影	pos	0.6
雄武	pos	0.6
羞人答答	neg	0.6
朽腐	neg	0.6
一个心眼	neg	0.6
饮恨吞声	neg	0.6
莹白	pos	0.6
悠闲自在	pos	0.6
黝黯	neg	0.6
迂回曲折	neg	0.6
娱心	pos	0.6
知疼着热	pos	0.6
直肠子	pos	0.6
直观	pos	0.6
群起而攻之	neg	0.6
涂脂抹粉	neg	0.6
倚门卖笑	neg	0.6
障人眼目	neg	0.6
指手画脚	neg	0.6
白璧微瑕	neg	0.6
气味相投	pos	0.6
错落有致	pos	0.6
人尽其才	pos	0.6
心广体胖	pos	0.6
风光如画	pos	0.6
根深蒂固	neg	0.6
整整齐齐	pos	0.6
福与天齐	pos	0.6
衣轻乘肥	pos	0.6
囊括四海	pos	0.6
笨鸟先飞	pos	0.6
病急乱投医	neg	0.6
不管不顾	neg	0.6
不蔓不枝	pos	0.6
不失毫厘	pos	0.6
草木愚夫	neg	0.6
察见渊鱼	neg	0.6
朝不谋夕	neg	0.6
持重待机	pos	0.6
踌躇不决	neg	0.6
除暴安良	pos	0.6
窗明几净	pos	0.6
垂首过膝	pos	0.6
椿萱并茂	pos	0.6
从风而服	neg	0.6
从容自若	pos	0.6
打肿脸充胖子	neg	0.6
大杀风景	neg	0.6
得胜回朝	pos	0.6
颠沛流离	neg	0.6
东拉西扯	neg	0.6
独出心裁	pos	0.6
耳聪目明	pos	0.6
二三其德	neg	0.6
饭来张口	neg	0.6
放浪江湖	neg	0.6
非分之想	neg	0.6
锋发韵流	pos	0.6
富有成果	pos	0.6
甘拜下风	pos	0.6
各有千秋	pos	0.6
狗尾续貂	neg	0.6
古调不弹	pos	0.6
蒿目时艰	neg	0.6
花里胡哨	neg	0.6
豁然大悟	pos	0.6
姜桂之性	pos	0.6
降格以求	neg	0.6
脚踏实地	pos	0.6
解语花	pos	0.6
锦心绣口	pos	0.6
精精神神	pos	0.6
举直错枉	pos	0.6
开诚相见	pos	0.6
慷慨陈词	pos	0.6
糠菜半年粮	neg	0.6
口齿伶俐	pos	0.6
口说无凭	neg	0.6
口诵心惟	pos	0.6
快人快事	pos	0.6
拉帮结派	neg	0.6
蓝天生玉	pos	0.6
老不晓事	neg	0.6
临渴掘井	neg	0.6
流落他乡	neg	0.6
拈斤播两	neg	0.6
翩若惊鸿	pos	0.6
谦恭虚己	pos	0.6
前言不搭后语	neg	0.6
窃窃私语	neg	0.6
求道于盲	neg	0.6
求民病利	pos	0.6
燃糠自照	pos	0.6
让枣推梨	pos	0.6
如狼似虎	neg	0.6
如数家珍	pos	0.6
如坐云雾	neg	0.6
搔首弄姿	neg	0.6
视民如伤	pos	0.6
四海宴然	pos	0.6
天花乱坠	neg	0.6
乌焉成马	neg	0.6
没有礼貌	neg	0.6
没见过世面	neg	0.6
没什么了不起	neg	0.6
逍遥自娱	neg	0.6
心坚石穿	pos	0.6
心无二用	pos	0.6
朽木粪墙	neg	0.6
栩栩如活	pos	0.6
言犹在耳	pos	0.6
研桑心计	pos	0.6
一登龙门	pos	0.6
一哄而起	neg	0.6
一挥而就	pos	0.6
一字不苟	pos	0.6
易地皆然	pos	0.6
隐恶扬善	pos	0.6
庸人自扰	neg	0.6
用尽心机	neg	0.6
有眼不识泰山	neg	0.6
与时沉浮	neg	0.6
张冠李戴	neg	0.6
支吾其词	neg	0.6
秩序井然	pos	0.6
烛照数计	pos	0.6
自不量力	neg	0.6
足履实地	pos	0.6
红装	pos	0.6
魔怪	neg	0.6
穷途	neg	0.6
爱侣	pos	0.6
谤议	neg	0.6
宾客	pos	0.6
参错	neg	0.6
春晖	pos	0.6
繁星	pos	0.6
府上	pos	0.6
甘露	pos	0.6
公仆	pos	0.6
贵人	pos	0.6
海难	neg	0.6
纪念堂	pos	0.6
辣词儿	neg	0.6
目论	neg	0.6
痞棍	neg	0.6
韧劲	pos	0.6
世弊	neg	0.6
同伙	neg	0.6
脱误	neg	0.6
下品	neg	0.6
枭将	pos	0.6
秀色	pos	0.6
硬汉	pos	0.6
众望	pos	0.6
祝词	pos	0.6
壮心	pos	0.6
赘言	neg	0.6
浊浪	neg	0.6
告非	pos	0.6
八错	pos	0.6
摆阔	neg	0.6
串供	neg	0.6
捣鬼	neg	0.6
瞒上欺下	neg	0.6
跌份	neg	0.6
得势	neg	0.6
勾通	neg	0.6
斗艳	pos	0.6
拌嘴	neg	0.6
背包袱	neg	0.6
毕力	pos	0.6
庇荫	neg	0.6
扯淡	neg	0.6
成章	pos	0.6
出丑	neg	0.6
窜逃	neg	0.6
打谎	neg	0.6
胆敢	neg	0.6
发横	neg	0.6
丰登	pos	0.6
济困	pos	0.6
见告	pos	0.6
结伙	neg	0.6
尽孝	pos	0.6
精于	pos	0.6
久慕	pos	0.6
苛待	neg	0.6
落荒	neg	0.6
炮制	neg	0.6
疲困	neg	0.6
睥睨	neg	0.6
迁怒于人	neg	0.6
潜踪	neg	0.6
钦赞	pos	0.6
撒气	neg	0.6
甩脸子	neg	0.6
贪小	neg	0.6
叹羡	pos	0.6
羡慕	pos	0.6
雄丽	pos	0.6
噪嚷	neg	0.6
遵守	pos	0.6
奖杯	pos	0.6
奖学金	pos	0.6
憋气	neg	0.6
名特优新	pos	0.6
平价和售	pos	0.6
神气十足	pos	0.6
室如悬磬	neg	0.6
繁琐	neg	0.6
警切	pos	0.6
茏葱	pos	0.6
明达	pos	0.6
匀细	pos	0.6
涤瑕荡秽	pos	0.6
具有吸引力	pos	0.6
兜兜搭搭	neg	0.6
居高临下	pos	0.6
开花结果	pos	0.6
孔席墨突	neg	0.6
麟角凤距	neg	0.6
如坠五里雾中	neg	0.6
我负子戴	pos	0.6
五颜六色	pos	0.6
清鲜	pos	0.6
婉媚	pos	0.6
稳实	pos	0.6
雄大	pos	0.6
雄奇	pos	0.6
匀整	pos	0.6
左翼	pos	0.6
静心	pos	0.6
鞠躬	pos	0.6
捐助	pos	0.6
悲观地	neg	0.6
不着边际	neg	0.6
花花搭搭	neg	0.6
锃光瓦亮	pos	0.6
醍醐灌顶	pos	0.6
呆怔	neg	0.6
犯怵	neg	0.6
轻看	neg	0.6
鸡犬不宁	pos	0.6
勃勃	pos	0.6
澄净	pos	0.6
驰誉	pos	0.6
拉拉杂杂	neg	0.6
粗中有细	pos	0.6
短小精悍	pos	0.6
貌似强大	neg	0.6
没受过教育	neg	0.6
三天打鱼两天晒网	neg	0.6
急公好义	neg	0.6
深长	pos	0.6
举止大方	pos	0.6
清晰明了	pos	0.6
灵快	pos	0.6
溜光水滑	pos	0.6
天下太平	pos	0.6
妒忌心	neg	0.6
爽心	pos	0.6
遂意	pos	0.6
遂愿	pos	0.6
深受感动	pos	0.6
碧空	pos	0.6
水汪汪	pos	0.6
嗳呀呀	pos	0.6
美味可口	pos	0.6
白皙	pos	0.6
三星高照	pos	0.6
华封三祝	pos	0.6
遵奉	pos	0.6
见怪不怪	pos	0.6
倚门倚闾	pos	0.6
焕然一新	pos	0.6
磅礴	pos	0.6
威武	pos	0.6
面不改色	pos	0.6
耿介	pos	0.6
闯劲	pos	0.6
明净	pos	0.6
持平	pos	0.6
抬举	pos	0.6
柔情绰态	pos	0.6
活用	pos	0.6
绘影绘声	pos	0.6
醇厚	pos	0.6
昂昂	pos	0.6
比美	pos	0.6
扬长而去	neg	0.6
走气门	neg	0.6
攘臂嗔目	neg	0.6
残败	neg	0.6
暗害	neg	0.6
豪横	neg	0.6
痞子	neg	0.6
味同嚼蜡	neg	0.6
无病呻吟	neg	0.6
贱视	neg	0.6
杀风景	neg	0.6
口尚乳臭	neg	0.6
死硬派	neg	0.6
薄幸	neg	0.6
内顾之忧	neg	0.6
郁热	neg	0.6
行色匆匆	neg	0.6
私欲	neg	0.6
除残去暴	pos	0.6
各有所长	pos	0.6
各显其能	pos	0.6
方便之门	neg	0.6
不主故常	pos	0.6
自我作故	pos	0.6
顺流而下	pos	0.6
绠短汲深	neg	0.6
权衡轻重	pos	0.6
以类相从	pos	0.6
以石投水	pos	0.6
死无对证	neg	0.6
燕雀安知鸿鹄之志	neg	0.6
八面见光	neg	0.6
天马行空	pos	0.6
安之若命	neg	0.6
忍垢偷生	neg	0.6
门户之见	neg	0.6
七颠八倒	neg	0.6
同牢之礼	pos	0.6
荆室蓬户	neg	0.6
飞来横祸	neg	0.6
流落天涯	neg	0.6
望秋先零	neg	0.6
眼明心亮	pos	0.6
郑重其辞	pos	0.6
顾前不顾后	neg	0.6
强聒不舍	neg	0.6
窃窃私议	neg	0.6
忧深思远	pos	0.6
引而深知	pos	0.6
心领神会	pos	0.6
今是昨非	neg	0.6
度德量力	pos	0.6
游戏人间	neg	0.6
上行下效	neg	0.6
糠豆不赡	neg	0.6
牵萝补屋	neg	0.6
阮囊羞涩	neg	0.6
造谣惑众	neg	0.6
公私两利	pos	0.6
徘徊歧路	neg	0.6
伏低做小	neg	0.6
唯唯否否	neg	0.6
明知故问	neg	0.6
买菜求益	neg	0.6
溜之乎也	neg	0.6
闻风远扬	neg	0.6
半痴不癫	neg	0.6
大模大样	neg	0.6
遇事生风	neg	0.6
不即不离	pos	0.6
方底圆盖	neg	0.6
相持不下	neg	0.6
牵丝攀藤	neg	0.6
东拼西凑	neg	0.6
对牛弹琴	neg	0.6
野马无缰	neg	0.6
一哄而散	neg	0.6
飞蛾赴火	neg	0.6
回黄转绿	neg	0.6
计出万全	pos	0.6
胜任愉快	pos	0.6
口耳之学	neg	0.6
加官进爵	pos	0.6
墨突不黔	neg	0.6
立竿见影	pos	0.6
涓滴之劳	pos	0.6
尝鼎一脔	pos	0.6
如响斯应	pos	0.6
双瞳剪水	pos	0.6
粉装玉琢	pos	0.6
云鬟雾鬓	pos	0.6
开心见诚	pos	0.6
上交不谄	pos	0.6
待价而沽	pos	0.6
鼎新革故	pos	0.6
弃旧图新	pos	0.6
温柔敦厚	pos	0.6
指日可下	pos	0.6
敏而好学	pos	0.6
映月读书	pos	0.6
师老兵疲	neg	0.6
无作不为	neg	0.6
北辕适楚	neg	0.6
器小易盈	neg	0.6
吠形吠声	neg	0.6
筚路蓝缕	pos	0.6
已意逆志	neg	0.6
酒肉朋友	neg	0.6
日无暇晷	pos	0.6
不求甚解	neg	0.6
兴文偃武	pos	0.6
诚意正心	pos	0.6
如埙如篪	pos	0.6
一床两好	pos	0.6
不能赞一词	pos	0.6
移樽就教	pos	0.6
自以为得计	neg	0.6
傻叉	neg	0.6
扣帽子	neg	0.6
摇头晃脑	neg	0.6
牟取	neg	0.6
凶狂	neg	0.6
撒野	neg	0.6
袒护	neg	0.6
玩火自焚	neg	0.6
瞎话	neg	0.6
置若罔闻	neg	0.6
孱头	neg	0.6
师心自用	neg	0.6
私念	neg	0.6
版版六十四	neg	0.6
崇洋	neg	0.6
买好	neg	0.6
打马虎眼	neg	0.6
等闲视之	neg	0.6
厥词	neg	0.6
惑人耳目	neg	0.6
理屈	neg	0.6
假冒伪劣	neg	0.6
伪劣	neg	0.6
离谱儿	neg	0.6
暗笑	neg	0.6
笨伯	neg	0.6
不轨	neg	0.6
残损	neg	0.6
毕生	pos	0.6
宾礼	pos	0.6
不吝	pos	0.6
吵吵	neg	0.6
扯谎	neg	0.6
沉滞	neg	0.6
畅行	pos	0.6
彻亮	pos	0.6
臭名	neg	0.6
矗立	pos	0.6
疵点	neg	0.6
蹉跌	neg	0.6
倒爷	neg	0.6
国宝	pos	0.6
凋败	neg	0.6
跌跤	neg	0.6
多嘴	neg	0.6
讹误	neg	0.6
噩运	neg	0.6
浮报	neg	0.6
诡诞	neg	0.6
崔嵬	pos	0.6
脆嫩	pos	0.6
鬼魅	neg	0.6
得时	pos	0.6
低柔	pos	0.6
鼎鼎	pos	0.6
家丑	neg	0.6
嚼舌	neg	0.6
空乏	neg	0.6
枯涩	neg	0.6
夸诞	neg	0.6
敦睦	pos	0.6
恩荣	pos	0.6
富实	pos	0.6
甘脆	pos	0.6
高参	pos	0.6
滥调	neg	0.6
涝害	neg	0.6
陋规	neg	0.6
露骨	neg	0.6
蔑称	neg	0.6
梗直	pos	0.6
恭正	pos	0.6
广袤	pos	0.6
女流	neg	0.6
怕事	neg	0.6
纰漏	neg	0.6
破陋	neg	0.6
浅尝	neg	0.6
强加	neg	0.6
呵护	pos	0.6
合口	pos	0.6
贺礼	pos	0.6
厚待	pos	0.6
后福	pos	0.6
轻贱	neg	0.6
失宜	neg	0.6
鼠窜	neg	0.6
说教	neg	0.6
稀碎	neg	0.6
腥臭	neg	0.6
凶虐	neg	0.6
朽坏	neg	0.6
玄乎	neg	0.6
野人	neg	0.6
阴黑	neg	0.6
亲聆	pos	0.6
清碧	pos	0.6
画蛇添足	neg	0.6
臃肿	neg	0.6
活络	pos	0.6
遮盖	neg	0.6
孤高	pos	0.6
干巴巴	neg	0.6
挺立	pos	0.6
假充	neg	0.6
毛糙	neg	0.6
清亮	pos	0.6
齐整	pos	0.6
乘风破浪	pos	0.6
整饬	pos	0.6
嗲声嗲气	neg	0.6
翻天	neg	0.6
糊里糊涂	neg	0.6
详备	pos	0.6
不知疲倦	pos	0.6
设备齐全	pos	0.6
颠覆	neg	0.6
复蹈前辄	neg	0.6
容恕	pos	0.6
圣地	pos	0.6
赢利	pos	0.6
较劲	pos	0.6
占理	pos	0.6
警悟	pos	0.6
剽悍	neg	0.6
绷着脸	neg	0.6
窍门	pos	0.6
蓬户柴门	neg	0.6
感动中	pos	0.6
要面子	neg	0.6
黏糊	neg	0.6
再衰三竭	neg	0.6
蒲柳之姿	neg	0.6
拙涩	neg	0.6
笑貌	pos	0.6
纪念章	pos	0.6
盈溢	pos	0.6
勇力	pos	0.6
坚致	pos	0.6
见访	pos	0.6
哭笑不得	neg	0.6
匀调	pos	0.6
展眉	pos	0.6
精微	pos	0.6
救治	pos	0.6
半路出家	neg	0.6
多变	neg	0.6
繁冗	neg	0.6
沸沸扬扬	neg	0.6
准时	pos	0.6
嘴紧	pos	0.6
看不开	neg	0.6
空洞洞	neg	0.6
炽盛	pos	0.6
没什么了不得	neg	0.6
高效能	pos	0.6
上照	pos	0.6
久经考验	pos	0.6
称羡	pos	0.6
中听	pos	0.6
问长问短	neg	0.6
拍手叫好	pos	0.6
宛转	pos	0.6
茂密	pos	0.6
蔼然	pos	0.6
报德	pos	0.6
逼肖	pos	0.6
生闲气	neg	0.6
恻隐之心	pos	0.6
造作	neg	0.6
掩鼻而过	neg	0.6
背兴	neg	0.6
扯皮	neg	0.6
清平世界	pos	0.6
拔犀擢象	pos	0.6
小康之家	pos	0.6
词不达意	neg	0.6
齐东野语	neg	0.6
冗词赘句	neg	0.6
交头接耳	neg	0.6
收视反听	pos	0.6
蒙头转向	neg	0.6
倚门傍户	neg	0.6
风言风语	neg	0.6
沉吟不决	neg	0.6
百依百顺	neg	0.6
诺诺连声	neg	0.6
随俗沉浮	neg	0.6
打小算盘	neg	0.6
急如风火	neg	0.6
喧嚣一时	neg	0.6
尽力而为	pos	0.6
白日见鬼	neg	0.6
有备无患	pos	0.6
徐娘半老	pos	0.6
情恕理遣	pos	0.6
恶湿居下	neg	0.6
闭眼睛捉麻雀	neg	0.6
目不暇接	pos	0.6
钩章棘句	neg	0.6
金友玉昆	pos	0.6
切中时弊	pos	0.6
支持一下	pos	0.6
自满	neg	0.6
狷急	neg	0.6
死心眼	neg	0.6
惰性	neg	0.6
庇护	neg	0.6
鬼头鬼脑	neg	0.6
放任	neg	0.6
置之不顾	neg	0.6
蛮干	neg	0.6
吃独食	neg	0.6
簸弄	neg	0.6
禀赋	pos	0.6
反派	neg	0.6
拂意	neg	0.6
大团圆	pos	0.6
得人	pos	0.6
回护	neg	0.6
空文	neg	0.6
独胆	pos	0.6
高等级	pos	0.6
溜边	neg	0.6
抛荒	neg	0.6
偏护	neg	0.6
飘零	neg	0.6
破脸	neg	0.6
浩淼	pos	0.6
恒性	pos	0.6
宏敞	pos	0.6
失信	neg	0.6
要不得	neg	0.6
油水	neg	0.6
杂糅	neg	0.6
小康	pos	0.6
儿女情长	neg	0.6
轰轰烈烈	pos	0.6
显贵	pos	0.6
大手笔	pos	0.6
轻软	pos	0.6
各得其所	pos	0.6
不费力	pos	0.6
争嘴	neg	0.6
叱问	neg	0.6
呵斥	neg	0.6
口舌	neg	0.6
涩苦	neg	0.6
凶横	neg	0.6
左右逢源	pos	0.6
求全之毁	neg	0.6
三头两面	neg	0.6
百般奉承	neg	0.6
养痈贻患	neg	0.6
尔诈我虞	neg	0.6
扒皮	neg	0.6
扯白	neg	0.6
称大	neg	0.6
穿凿	neg	0.6
贿选	neg	0.6
坑蒙	neg	0.6
冒渎	neg	0.6
黑洞洞	neg	0.6
多愁善感	neg	0.6
磨磨蹭蹭	neg	0.6
打岔	neg	0.6
掉价	neg	0.6
不厌其详	pos	0.6
二奶	neg	0.6
溽暑	neg	0.6
嘘枯吹生	pos	0.6
费尽心机	neg	0.6
弃甲曳兵	neg	0.6
贩黄	neg	0.6
勾连	neg	0.6
海匪	neg	0.6
黑钱	neg	0.6
奖台	pos	0.6
解扣儿	pos	0.6
称贺	pos	0.6
斗妍	pos	0.6
飞跃	pos	0.6
贺电	pos	0.6
长亲	pos	0.6
璨然	pos	0.6
光芒万丈	pos	0.6
和和睦睦	pos	0.6
浓丽	pos	0.6
对床夜雨	pos	0.6
入眼	pos	0.6
别趣	pos	0.6
敞阔	pos	0.6
脆亮	pos	0.6
芳龄	pos	0.6
歌吟	pos	0.6
青郁	pos	0.6
望风捕影	neg	0.6
龟鹤遐龄	pos	0.6
福寿绵长	pos	0.6
勇士	pos	0.6
不矜不伐	pos	0.6
民为邦国	pos	0.6
安谧	pos	0.6
平平稳稳	pos	0.6
春风化雨	pos	0.6
酣适	pos	0.6
涣然	pos	0.6
遵命	pos	0.6
伏贴	pos	0.6
春色满园	pos	0.6
芬香	pos	0.6
古香古色	pos	0.6
晶莹剔透	pos	0.6
苍翠	pos	0.6
国魂	pos	0.6
多彩	pos	0.6
繁蔚	pos	0.6
供献	pos	0.6
落花流水	neg	0.6
动魄惊心	pos	0.6
熙来攘往	pos	0.6
顺口	neg	0.6
左袒	neg	0.6
明快	pos	0.6
引商刻羽	pos	0.6
游戏三昧	pos	0.6
梧鼠五技	neg	0.6
隔墙有耳	neg	0.6
狠吞虎咽	neg	0.6
大步流星	pos	0.6
擎肌分理	pos	0.6
原始要终	pos	0.6
知被知己	pos	0.6
不置褒贬	neg	0.6
不露声色	pos	0.6
头痛额热	neg	0.6
天禀	pos	0.6
怀鬼胎	neg	0.6
骨气	pos	0.6
呱嗒	neg	0.6
光蛋	neg	0.6
错别字	neg	0.6
背气	neg	0.6
戏耍	neg	0.6
闲庭	pos	0.6
现行犯	neg	0.6
偌大	pos	0.6
赡养	pos	0.6
商酌	pos	0.6
赏阅	pos	0.6
上劲	pos	0.6
犟劲	pos	0.6
匹马当先	pos	0.6
飘茵落溷	neg	0.6
剖析肝胆	pos	0.6
七步之才	pos	0.6
奇想天开	neg	0.6
杞梓之林	pos	0.6
弃邪归正	pos	0.6
引商刻角	pos	0.6
庸医杀人	neg	0.6
浅见	neg	0.6
大声疾呼	neg	0.6
因利乘便	pos	0.6
奉行故事	neg	0.6
知白守黑	neg	0.6
大题小做	neg	0.6
另眼相待	pos	0.6
龙跧虎卧	pos	0.6
龙蟠虎绕	pos	0.6
乱坠天花	neg	0.6
论短道长	neg	0.6
骆驿不绝	pos	0.6
马去马归	neg	0.6
迷魂淫魄	neg	0.6
靡然顺风	neg	0.6
开来继往	pos	0.6
开路先锋	pos	0.6
劳身焦思	neg	0.6
冷窗冻壁	neg	0.6
连更星夜	pos	0.6
连篇累帧	neg	0.6
进善黜恶	pos	0.6
探头探脑	neg	0.6
饕风虐雪	neg	0.6
阿意取容	neg	0.6
贺表	pos	0.6
候光	pos	0.6
掉舌	neg	0.6
日落西山	neg	0.6
跷蹊	neg	0.6
闲神野鬼	neg	0.6
衒玉自售	neg	0.6
讨教	pos	0.6
距人千里	neg	0.6
开锣喝道	neg	0.6
克伐怨欲	neg	0.6
控名责实	pos	0.6
口如悬河	neg	0.6
离本依末	neg	0.6
连更晓夜	pos	0.6
连篇絫牍	neg	0.6
两面二舌	neg	0.6
量力而行	pos	0.6
便宜行事	neg	0.6
一唱一和	neg	0.6
无独有偶	neg	0.6
飘樊落溷	neg	0.6
剖心坼肝	pos	0.6
乞穷俭相	neg	0.6
木讷	neg	0.6
闪烁其辞	neg	0.6
假相	neg	0.6
坐地分脏	neg	0.6
进退可度	pos	0.6
阿世取容	neg	0.6
调侃	pos	0.6
洗尘	pos	0.6
纤纤	pos	0.6
贤契	pos	0.6
善处	pos	0.6
伤口	neg	0.6
商议	pos	0.6
上校	pos	0.6
另楚寒巫	neg	0.6
镂金铺翠	pos	0.6
陆离光怪	pos	0.6
鸾凤分飞	pos	0.6
论长说短	neg	0.6
马腹逃鞭	neg	0.6
门墙桃李	pos	0.6
靡靡之声	neg	0.6
月露之体	neg	0.6
早朝晏罢	pos	0.6
沾泥带水	neg	0.6
变心	neg	0.6
小抄儿	neg	0.6
申谢	pos	0.6
身世	neg	0.6
升学	pos	0.6
生趣	pos	0.6
失口	neg	0.6
饫甘餍肥	neg	0.6
蒙难	neg	0.6
老好人	neg	0.6
人道主义	pos	0.6
离格儿	neg	0.6
巴儿狗	neg	0.6
文君新醮	pos	0.6
单鹄寡凫	neg	0.6
粟红贯朽	pos	0.6
糜费	neg	0.6
扁平足	neg	0.6
便于	pos	0.6
变色	neg	0.6
变种	neg	0.6
冰窖	neg	0.6
波涛	neg	0.6
斜楞	neg	0.6
失时	neg	0.6
精神病	neg	0.6
如堕五里雾中	neg	0.6
一物不知	neg	0.6
长夜之饮	pos	0.6
租心浮气	neg	0.6
献可替否	pos	0.6
束之高阁	neg	0.6
淘神	neg	0.6
特产	pos	0.6
天才论	neg	0.6
挑眼	neg	0.6
显摆	neg	0.6
现形	neg	0.6
弱冠	pos	0.6
洒扫	pos	0.6
傻乐	pos	0.6
潸然	neg	0.6
伤员	neg	0.6
上报	pos	0.6
上人	pos	0.6
披裘负薪	pos	0.6
飘茵堕溷	neg	0.6
破玩意儿	neg	0.6
七步成章	pos	0.6
妻梅子鹤	pos	0.6
奇谈怪论	neg	0.6
棋输先著	neg	0.6
弃伪从真	pos	0.6
猗猗	pos	0.6
艺术家	pos	0.6
不识时务	neg	0.6
挤眉弄眼	neg	0.6
马不停蹄	pos	0.6
舒头探脑	neg	0.6
来者不拒	pos	0.6
只字不提	neg	0.6
坐观成败	neg	0.6
不痴不聋	pos	0.6
另眼看待	neg	0.6
柳下借阴	pos	0.6
龙血凤髓	pos	0.6
漏泄春光	neg	0.6
鲁斤燕削	neg	0.6
鹿死不择音	neg	0.6
乱头粗服	neg	0.6
马耳东风	neg	0.6
卖空买空	neg	0.6
迷魂夺魄	neg	0.6
刮地皮	neg	0.6
橛守成规	neg	0.6
渴骥奔泉	pos	0.6
刻骨镂心	pos	0.6
口似悬河	neg	0.6
郐下无讥	neg	0.6
浪酒闲茶	pos	0.6
劳师糜饷	neg	0.6
醴酒不设	neg	0.6
栎阳雨金	pos	0.6
连更彻夜	pos	0.6
连篇絫幅	neg	0.6
脸黄肌瘦	neg	0.6
以一持万	pos	0.6
狗嘴里吐不出象牙	neg	0.6
进退履绳	pos	0.6
进善惩奸	pos	0.6
鞠躬君子	pos	0.6
心怀叵测	neg	0.6
一浆十饼	neg	0.6
探头缩脑	neg	0.6
贺信	pos	0.6
候教	pos	0.6
堤防	neg	0.6
敲边鼓	pos	0.6
衒玉求售	neg	0.6
君子成人之美	pos	0.6
抠心挖血	neg	0.6
拉朽摧枯	pos	0.6
来鸿去燕	neg	0.6
楞手楞脚	neg	0.6
离本趣末	neg	0.6
连枝比翼	pos	0.6
连编累牍	neg	0.6
量力而为	pos	0.6
和额悦色	pos	0.6
现钟不打	neg	0.6
琵琶胡语	neg	0.6
飘籓坠溷	neg	0.6
剖心析胆	pos	0.6
欹嵚历落	pos	0.6
其应如响	pos	0.6
木然	neg	0.6
鉴貌辨色	neg	0.6
酸文假醋	neg	0.6
进善退恶	pos	0.6
多一事不如少一事	neg	0.6
风言影语	neg	0.6
黑不溜秋	neg	0.6
红不棱登	neg	0.6
花不棱登	neg	0.6
嫂子	pos	0.6
上缴	pos	0.6
龙德在田	pos	0.6
镂心呕血	pos	0.6
陆离斑驳	pos	0.6
鸾交凤友	pos	0.6
鸾飞凤舞	pos	0.6
马上得天下	pos	0.6
马瘦毛长	neg	0.6
通明	pos	0.6
变乱	neg	0.6
病号	neg	0.6
不克	neg	0.6
小绺	neg	0.6
舍亲	pos	0.6
渗入	neg	0.6
胜利果实	pos	0.6
远怀近集	pos	0.6
澡垢索疵	neg	0.6
詹言曲说	neg	0.6
遮三瞒四	neg	0.6
好好先生	neg	0.6
老饕	neg	0.6
头绪	pos	0.6
柔韧	pos	0.6
投传而去	pos	0.6
咫尺之功	neg	0.6
象箸玉杯	pos	0.6
表白	pos	0.6
兵器	neg	0.6
芊眠	pos	0.6
朝不某夕	neg	0.6
用心用意	pos	0.6
迂谈阔论	neg	0.6
略识之无	neg	0.6
不识大体	neg	0.6
指东画西	neg	0.6
画地而趋	neg	0.6
送往视居	pos	0.6
探赜钩深	pos	0.6
韬光敛彩	pos	0.6
讨类知原	pos	0.6
惹是招非	neg	0.6
人生若寄	neg	0.6
散兵游勇	neg	0.6
下脚货	neg	0.6
纤悉	pos	0.6
陷阵	pos	0.6
赏鉴	pos	0.6
上策	pos	0.6
仪表	pos	0.6
各从其志	neg	0.6
无志	neg	0.6
守株待免	neg	0.6
安步当车	pos	0.6
知止不殆	pos	0.6
照猫画虎	neg	0.6
玉尺量才	pos	0.6
言出法随	pos	0.6
金口玉言	neg	0.6
犹豫	neg	0.6
拉枯折朽	pos	0.6
澜倒波随	neg	0.6
潦原浸天	neg	0.6
离本徼末	neg	0.6
量才器使	pos	0.6
撩云拨雨	neg	0.6
刚肠嫉恶	pos	0.6
左提右挚	pos	0.6
意气相投	pos	0.6
一家之言	pos	0.6
灰头土脸儿	neg	0.6
进退中度	pos	0.6
进退有常	pos	0.6
鞠为茂草	neg	0.6
嘴清舌白	pos	0.6
小恩小惠	neg	0.6
随乡入乡	pos	0.6
谈吐风生	pos	0.6
蹄间三寻	pos	0.6
投梭折齿	pos	0.6
斗方名士	neg	0.6
宽饶	pos	0.6
转赠	pos	0.6
卷甲衔枚	pos	0.6
倔头强脑	neg	0.6
来好息师	pos	0.6
历历落落	neg	0.6
丽句清辞	pos	0.6
连篇累帙	neg	0.6
量材录用	pos	0.6
澹泊寡欲	pos	0.6
夸嘴	neg	0.6
喟然	neg	0.6
拉饥荒	neg	0.6
贫贱之知	pos	0.6
奇花异草	pos	0.6
爱礼存羊	pos	0.6
拙口笨腮	neg	0.6
进退应矩	pos	0.6
进善惩恶	pos	0.6
善类	pos	0.6
上辈	pos	0.6
造微入妙	pos	0.6
文通残锦	neg	0.6
升官	pos	0.6
生发	pos	0.6
解放战争	pos	0.6
永生	pos	0.6
月异日新	pos	0.6
云涌风飞	pos	0.6
沾沾自好	neg	0.6
规言矩步	pos	0.6
贵不期骄	neg	0.6
呱哒	neg	0.6
入结家足	pos	0.6
没落子	neg	0.6
芊绵	pos	0.6
容情	pos	0.6
俛首帖耳	neg	0.6
铁血政策	neg	0.6
权变	pos	0.6
人格	pos	0.6
才疏意广	neg	0.6
没奈何	neg	0.6
便便	neg	0.6
表面化	neg	0.6
少礼	pos	0.6
蜃景	neg	0.6
启蒙	pos	0.6
契合	pos	0.6
警句	pos	0.6
得名	pos	0.6
端详	pos	0.6
引虎自卫	neg	0.6
油光水滑	neg	0.6
刺目	neg	0.6
系缚	neg	0.6
狎妓	neg	0.6
散亡	neg	0.6
赏光	pos	0.6
上峰	pos	0.6
撑肠拄腹	pos	0.6
一定之规	pos	0.6
沿波讨源	pos	0.6
率尔操觚	neg	0.6
龙多乃旱	neg	0.6
陋巷箪瓢	neg	0.6
论长道短	neg	0.6
论辩风生	pos	0.6
马捉老鼠	neg	0.6
靡靡之乐	neg	0.6
还愿	pos	0.6
进退有度	pos	0.6
韬晦之计	neg	0.6
争多论少	neg	0.6
决一死战	neg	0.6
嚼铁咀金	pos	0.6
枯脑焦心	neg	0.6
乐天任命	pos	0.6
丽句清词	pos	0.6
连篇累册	neg	0.6
量己审分	pos	0.6
争分夺秒	pos	0.6
埳井之蛙	neg	0.6
贫贱之交	pos	0.6
剖肝泣血	pos	0.6
七行俱下	pos	0.6
七捞八攘	neg	0.6
祁奚之荐	pos	0.6
弃甲负弩	neg	0.6
荫庇	pos	0.6
秕子	neg	0.6
流水高山	pos	0.6
龙战玄黄	pos	0.6
鹿车共挽	pos	0.6
买静求安	neg	0.6
绝伦	pos	0.6
远瞩高瞻	pos	0.6
亡羊补牢	pos	0.6
小巧	pos	0.6
少陪	pos	0.6
摄卫	pos	0.6
失机	neg	0.6
失迷	neg	0.6
恭惟	neg	0.6
孤负	neg	0.6
诱惑	neg	0.6
逾分	neg	0.6
忍辱偷生	neg	0.6
宫可敌国	pos	0.6
拜忏	neg	0.6
摇头麰尾	pos	0.6
辩白	pos	0.6
殡车	neg	0.6
仰观俯察	pos	0.6
字斟句酌	pos	0.6
一问三不知	neg	0.6
捐本逐末	neg	0.6
决命争首	pos	0.6
口耳相承	neg	0.6
口壅若川	pos	0.6
劳形苦心	neg	0.6
丽藻春葩	pos	0.6
连篇累幅	neg	0.6
慎终追远	pos	0.6
斗绝一隅	neg	0.6
多一事不如省一事	neg	0.6
阿时趋俗	neg	0.6
逃散	neg	0.6
特长	pos	0.6
天险	neg	0.6
衒玉贾石	neg	0.6
批鳞请剑	pos	0.6
溥天同庆	pos	0.6
弃车走林	neg	0.6
增益	pos	0.6
进退中绳	pos	0.6
进退有节	pos	0.6
进退裕如	pos	0.6
细高挑儿	pos	0.6
仙女	pos	0.6
贤路	pos	0.6
显身手	pos	0.6
撒娇	pos	0.6
杀生	neg	0.6
上级	pos	0.6
袍哥	neg	0.6
陪衬	neg	0.6
远愁近虑	pos	0.6
沾沾自满	neg	0.6
整冠纳履	neg	0.6
硬实	pos	0.6
古奥	neg	0.6
寡头	neg	0.6
天台路迷	neg	0.6
肉头	neg	0.6
牢房	neg	0.6
濒于	neg	0.6
不识闲儿	neg	0.6
胁持	neg	0.6
申辩	pos	0.6
夹生饭	neg	0.6
弃甲投戈	neg	0.6
仪容	pos	0.6
益虫	pos	0.6
宽舒	pos	0.6
杀价	neg	0.6
舆台	neg	0.6
破崖绝角	pos	0.6
信守	pos	0.6
淫言诐行	neg	0.6
另眼看戏	neg	0.6
六通四辟	pos	0.6
楼阁台榭	pos	0.6
论议风生	pos	0.6
吕安题凤	neg	0.6
马耳春风	neg	0.6
没卫饮羽	pos	0.6
靡靡之音	neg	0.6
夸饰	neg	0.6
陵劲淬砺	pos	0.6
流金铄石	pos	0.6
龙鬼蛇神	neg	0.6
鸾交凤俦	pos	0.6
马上墙头	pos	0.6
没世穷年	pos	0.6
故技重演	neg	0.6
文治	pos	0.6
示众	neg	0.6
是味儿	pos	0.6
哈哈儿	neg	0.6
肓干	neg	0.6
遣愁索笑	pos	0.6
搜肠刮肚	neg	0.6
谈空说有	neg	0.6
引狼拒虎	neg	0.6
游历	pos	0.6
与国	pos	0.6
神经衰弱	neg	0.6
幸运者	pos	0.6
小志	pos	0.6
平价	pos	0.6
平滑肌	pos	0.6
心照	pos	0.6
心连新	pos	0.6
潮人	pos	0.6
番木瓜	pos	0.6
首日封	pos	0.6
创投	pos	0.599
更是	pos	0.599
五倍	pos	0.599
视觉	pos	0.599
菲茨杰拉德	pos	0.599
然后	pos	0.599
格罗	pos	0.599
吉瓦	pos	0.599
制品	pos	0.599
应为	pos	0.599
三环	pos	0.599
卫冕	pos	0.599
对手	neg	0.599
永磁	pos	0.599
琼斯	pos	0.599
美国能源部	pos	0.599
压舱	pos	0.599
保险行业	pos	0.599
通用电气	pos	0.599
南方共同市场	pos	0.599
工艺	pos	0.599
登上	pos	0.599
不超	pos	0.599
加时赛	pos	0.599
地天板	pos	0.599
年会	pos	0.599
交互	pos	0.599
最新进展	pos	0.599
闹肚子	neg	0.599
爱杰伦	pos	0.599
组织奖	pos	0.599
建投	pos	0.598
根据	pos	0.598
顾问	neg	0.598
利润率	neg	0.598
亮泽	pos	0.598
再现	neg	0.597
供给	neg	0.597
系统	pos	0.597
费城	neg	0.597
当前	pos	0.597
控制权	neg	0.597
盘后	neg	0.596
铜矿	neg	0.596
知名	neg	0.596
隐藏	neg	0.596
支付	pos	0.596
原材料	neg	0.596
似乎	neg	0.596
赠礼	pos	0.596
关于	neg	0.595
这样	neg	0.595
法网	neg	0.595
救命	neg	0.595
银蛇	pos	0.595
火箭	pos	0.594
佛得角	pos	0.594
讨论	pos	0.594
地球	neg	0.594
银行家	neg	0.594
追踪	pos	0.594
命苦	neg	0.594
掠影	pos	0.594
番禺市	pos	0.594
隔离	neg	0.593
杰斐逊	neg	0.593
炮轰	neg	0.593
清洗	neg	0.593
总监	neg	0.593
搜寻	neg	0.593
直指	neg	0.593
默茨	neg	0.593
演唱会	neg	0.593
俄亥俄州	neg	0.593
面试	neg	0.593
长期化	neg	0.593
昆明	neg	0.593
盛宴	neg	0.593
是不是	neg	0.593
亿人	neg	0.593
水手	neg	0.593
华科技	neg	0.593
报复性	neg	0.593
境内外	neg	0.593
十多年	neg	0.593
当天	neg	0.593
一段	neg	0.593
交织	neg	0.593
中兴	neg	0.593
越霖	neg	0.593
一盏盏	pos	0.593
基友生	pos	0.593
恩曼琳	pos	0.593
祝爱我	pos	0.593
米奇米妮	pos	0.593
致家驹	pos	0.593
阿赞	pos	0.593
高波	pos	0.593
受害者	neg	0.592
七大	neg	0.592
美国政府	neg	0.592
情报局	neg	0.592
明天	neg	0.592
未获	neg	0.592
提花	pos	0.592
聂海胜	pos	0.592
万吨	pos	0.591
表态	neg	0.591
炼化	neg	0.591
盖过	neg	0.591
领导人	neg	0.591
车市	neg	0.591
下摆	pos	0.591
比重	neg	0.59
叙利亚	neg	0.59
日本政府	neg	0.59
煤炭	pos	0.59
鲸鱼	neg	0.59
青年	neg	0.59
每周	neg	0.59
结算价	neg	0.59
圣姑	neg	0.59
塔玛	neg	0.59
翻胃	neg	0.59
谢家姐	pos	0.59
海航	pos	0.589
账单	neg	0.589
助长	neg	0.589
筹备	pos	0.589
无论	pos	0.589
安森美	pos	0.589
洞察	pos	0.589
营商	pos	0.589
权重股	pos	0.589
堪称	pos	0.589
金元	pos	0.589
分拆	pos	0.589
康方	pos	0.589
丹麦	neg	0.589
空缺	neg	0.589
两岸	pos	0.589
吴说	neg	0.589
承担	neg	0.589
温迪	pos	0.589
数周	neg	0.589
次奥	neg	0.589
媛范	pos	0.589
耳福	pos	0.589
少侠	pos	0.589
双重	neg	0.588
服务队	pos	0.588
长存	pos	0.588
转向	neg	0.587
这家	pos	0.587
混纺	pos	0.587
团团圆圆	pos	0.587
面料	pos	0.587
富国银行	pos	0.586
哈撒韦	pos	0.586
销量	pos	0.586
监测	pos	0.586
多久	pos	0.586
光学	pos	0.586
铠侠	pos	0.586
波音	pos	0.586
预订	pos	0.586
货币政策	pos	0.585
商业银行	pos	0.585
三五十一	pos	0.585
乐嘉	pos	0.585
彼得罗	pos	0.585
殷桃	pos	0.585
黄美白	pos	0.585
父亲节	pos	0.585
石绿	pos	0.585
蔡文姬	pos	0.585
豪礼	pos	0.585
月度	neg	0.584
之王	pos	0.584
揭幕战	pos	0.584
即时	pos	0.584
快评	pos	0.584
不少	pos	0.584
广告	neg	0.584
突围	pos	0.584
带领	pos	0.584
新开	pos	0.584
厦门	pos	0.584
福特	neg	0.584
竞购	pos	0.584
好端端	neg	0.584
一夏夏	pos	0.584
一帆	pos	0.584
一举两	pos	0.584
三季	pos	0.584
三浦雄	pos	0.584
世联	pos	0.584
中华网	pos	0.584
丰林	pos	0.584
和君君	pos	0.584
和景明	pos	0.584
和睿睿	pos	0.584
哈洽会	pos	0.584
哈特哈特	pos	0.584
哈皮波儿	pos	0.584
哈皮波芙地	pos	0.584
善为	pos	0.584
喜聚	pos	0.584
嘉宇	pos	0.584
嘉成	pos	0.584
噶曲奇	pos	0.584
四格	pos	0.584
图加特	pos	0.584
坤如	pos	0.584
基准价	pos	0.584
堂姐妹	pos	0.584
夏潮品	pos	0.584
多格	pos	0.584
大洁	pos	0.584
大美人	pos	0.584
大迪	pos	0.584
天心阁	pos	0.584
奇功	pos	0.584
奥斯迪	pos	0.584
好平	pos	0.584
威登	pos	0.584
娄东	pos	0.584
娇颜	pos	0.584
子孝	pos	0.584
子灵	pos	0.584
子爵	pos	0.584
孙宝奇	pos	0.584
学佛	pos	0.584
宁曼路	pos	0.584
宇子	pos	0.584
安塔利亚	pos	0.584
安秀晶	pos	0.584
宋氏	pos	0.584
宗萨钦哲	pos	0.584
定岗	pos	0.584
宝鼎	pos	0.584
家穷	pos	0.584
寿康	pos	0.584
小俊伟	pos	0.584
小嘉嘉	pos	0.584
小安	pos	0.584
小春	pos	0.584
尚姐	pos	0.584
尹勇	pos	0.584
尼丁	pos	0.584
屈中恒	pos	0.584
山嘴	pos	0.584
岩画	pos	0.584
峰子	pos	0.584
帕玛	pos	0.584
帝景	pos	0.584
广货	pos	0.584
庄士	pos	0.584
康桑哈米达	pos	0.584
建信	pos	0.584
开拓进取	pos	0.584
开森好	pos	0.584
张小二	pos	0.584
张荣吉	pos	0.584
张超美	pos	0.584
形相	pos	0.584
心存善	pos	0.584
心海	pos	0.584
心选之	pos	0.584
志航	pos	0.584
念琛	pos	0.584
思琴	pos	0.584
思铭	pos	0.584
急口令	pos	0.584
总商会	pos	0.584
慈济	pos	0.584
慧芳	pos	0.584
托塔	pos	0.584
投资家	pos	0.584
挛缩	pos	0.584
摄影赛	pos	0.584
摩卡瑞	pos	0.584
散花	pos	0.584
文燕	pos	0.584
新姿	pos	0.584
新棉	pos	0.584
施丹兰	pos	0.584
施尔美	pos	0.584
旋动	pos	0.584
日霜	pos	0.584
星玺	pos	0.584
晓涵	pos	0.584
晨子	pos	0.584
晴朗朗	pos	0.584
晶润	pos	0.584
智美	pos	0.584
李昶	pos	0.584
杜琦燕	pos	0.584
杨莉	pos	0.584
林浩	pos	0.584
果戈里	pos	0.584
核黄素	pos	0.584
桂馥	pos	0.584
欧耶欧耶欧耶	pos	0.584
正声	pos	0.584
殿军	pos	0.584
比伯生	pos	0.584
民族魂	pos	0.584
民言民	pos	0.584
水凝	pos	0.584
江江江	pos	0.584
沃保	pos	0.584
沈京兵	pos	0.584
沙白	pos	0.584
油酸	pos	0.584
洛德	pos	0.584
浦瑞	pos	0.584
浮名	pos	0.584
海迪士尼	pos	0.584
涓滴	pos	0.584
深云意	pos	0.584
源儿	pos	0.584
源流	pos	0.584
炫影	pos	0.584
熊萌	pos	0.584
爱拉	pos	0.584
爱柯南	pos	0.584
玉友	pos	0.584
王小虎	pos	0.584
王星	pos	0.584
玛塔塔	pos	0.584
玛尼贝美	pos	0.584
玛芝琳	pos	0.584
环子	pos	0.584
瑞虎	pos	0.584
瓦爱鲁	pos	0.584
田子	pos	0.584
益达	pos	0.584
真勤	pos	0.584
短兵相接	pos	0.584
社世	pos	0.584
祝同	pos	0.584
祝大四	pos	0.584
祝娘	pos	0.584
祝小白	pos	0.584
祝薇薇	pos	0.584
祝阳阳	pos	0.584
秀张	pos	0.584
秀梅	pos	0.584
科儿	pos	0.584
秦寿生	pos	0.584
稚拙	pos	0.584
稳步前进	pos	0.584
竹仙洞	pos	0.584
竹影	pos	0.584
简佰格	pos	0.584
简政放权	pos	0.584
米欧米	pos	0.584
米顺丰	pos	0.584
粉墨	pos	0.584
精纺	pos	0.584
紫玫	pos	0.584
红水河	pos	0.584
红玫	pos	0.584
红霞飞	pos	0.584
绢丝	pos	0.584
网工	pos	0.584
美芝	pos	0.584
翠石	pos	0.584
聚公	pos	0.584
肉豆蔻	pos	0.584
育模	pos	0.584
艾莉诺	pos	0.584
芜湖县	pos	0.584
芭比爱	pos	0.584
范剑	pos	0.584
莉美	pos	0.584
莫有雪	pos	0.584
莲城	pos	0.584
萨拉戈萨	pos	0.584
蓝如海	pos	0.584
薇琪	pos	0.584
袁媛	pos	0.584
西大东	pos	0.584
西泽	pos	0.584
豪斯登堡	pos	0.584
贺年片	pos	0.584
贺霆	pos	0.584
贾努扎伊	pos	0.584
赛宝	pos	0.584
赵世林	pos	0.584
赵允熙	pos	0.584
赵四儿	pos	0.584
超显	pos	0.584
达春田	pos	0.584
迎微	pos	0.584
运运亨	pos	0.584
迪塞尔	pos	0.584
迪安	pos	0.584
逸阳	pos	0.584
道尔顿	pos	0.584
邢二朋	pos	0.584
郝彬	pos	0.584
酒精炉	pos	0.584
金允石	pos	0.584
金惠秀	pos	0.584
金水东	pos	0.584
金边	pos	0.584
钻工	pos	0.584
银扣	pos	0.584
铺轨	pos	0.584
锡我	pos	0.584
长生果	pos	0.584
长随	pos	0.584
队组	pos	0.584
阳而生	pos	0.584
阿克	pos	0.584
阿里地区	pos	0.584
阿黛拉	pos	0.584
陈静娴	pos	0.584
陶之	pos	0.584
雅儿	pos	0.584
雅林	pos	0.584
雅迪斯	pos	0.584
韩国丽	pos	0.584
韩范美	pos	0.584
馥蕾	pos	0.584
馨姐	pos	0.584
马莎	pos	0.584
验放	pos	0.584
魏生津	pos	0.584
鳞鳞	pos	0.584
麦密	pos	0.584
麻麻爱	pos	0.584
黄伯	pos	0.584
黄俊英	pos	0.584
黄子恒	pos	0.584
黄蕾	pos	0.584
龙亭	pos	0.584
龙俊	pos	0.584
龙婆本	pos	0.584
粮食	pos	0.583
零售额	pos	0.583
十大	pos	0.583
一个见	neg	0.583
一坐坐	neg	0.583
一摊摊	neg	0.583
一顿顿	neg	0.583
两三点	neg	0.583
五训	neg	0.583
代数和	neg	0.583
令狐聪	neg	0.583
何解会	neg	0.583
六一一点	neg	0.583
冷得	neg	0.583
十二点十五	neg	0.583
历史唯物主义	neg	0.583
又浪	neg	0.583
反光	neg	0.583
叶菡丹	neg	0.583
哈切列	neg	0.583
国别	neg	0.583
天天学	neg	0.583
学硕	neg	0.583
导护	neg	0.583
尼玛老	neg	0.583
我我	neg	0.583
抽搭	neg	0.583
搬运费	neg	0.583
无野	neg	0.583
水荒	neg	0.583
热阿阿阿	neg	0.583
焦甘	neg	0.583
甘迟训	neg	0.583
百分之七	neg	0.583
皇历	neg	0.583
真无良	neg	0.583
稳操胜券	neg	0.583
窦性	neg	0.583
腕骨	neg	0.583
药疹	neg	0.583
菲兹	neg	0.583
西土城	neg	0.583
都木	neg	0.583
醒后	neg	0.583
醒好	neg	0.583
重启中	neg	0.583
钟云	neg	0.583
钡餐	neg	0.583
阴工	neg	0.583
除臭剂	neg	0.583
马勒比	neg	0.583
马和	neg	0.583
黄牌警告	neg	0.583
刘雨欣	pos	0.583
红玛瑙	pos	0.583
证券公司	neg	0.582
呼声	neg	0.582
岭南	neg	0.582
公开赛	pos	0.582
中船	pos	0.582
奥本海默	pos	0.582
影像	neg	0.582
港交所	pos	0.582
一哥	neg	0.582
作者	neg	0.582
特使	neg	0.582
电视台	neg	0.582
疑问	neg	0.582
伊斯坦布尔	neg	0.582
今年夏天	neg	0.582
巡逻	neg	0.582
外溢	neg	0.582
抵免	neg	0.582
次奥尼玛	neg	0.582
毛木	neg	0.582
门卡	neg	0.582
喜结良缘	pos	0.582
对比	pos	0.581
迄今	pos	0.581
存款	neg	0.581
筑底	pos	0.581
国内外	pos	0.581
逆势上涨	pos	0.581
减轻	pos	0.581
总决赛	pos	0.581
上游	pos	0.581
化石	pos	0.581
油运	pos	0.581
哪个	pos	0.581
布什	pos	0.581
甄选	pos	0.581
有所增加	pos	0.581
石英	pos	0.581
杰瑞	pos	0.58
指续	pos	0.58
房车	pos	0.58
收红	pos	0.58
航道	pos	0.58
增配	pos	0.58
英寸	pos	0.58
立即	pos	0.58
默默	pos	0.58
燃机	pos	0.58
紫光	pos	0.58
小摩	pos	0.58
三国	pos	0.58
证书	pos	0.58
一般	pos	0.58
直播	neg	0.58
四只	pos	0.58
拟定	pos	0.58
感知	pos	0.58
险企	pos	0.58
税负	pos	0.58
正轨	pos	0.58
打印机	pos	0.58
汇聚	pos	0.58
微型	pos	0.58
明显改善	pos	0.58
股王	pos	0.58
内生	pos	0.58
这波	pos	0.58
源头	pos	0.58
运河	pos	0.58
处理器	pos	0.58
作为	pos	0.58
千帆	pos	0.58
上海市	pos	0.58
汉坦病毒	pos	0.58
一胜	pos	0.58
定义	pos	0.58
激光雷达	pos	0.58
器件	pos	0.58
肉鸡	pos	0.58
力拓	pos	0.58
开采	pos	0.58
攻势	pos	0.58
荣昌	pos	0.58
业务量	pos	0.58
信实	pos	0.58
将成	pos	0.58
远洋	pos	0.58
莫代尔	pos	0.58
同步	pos	0.579
拉肚子	neg	0.579
十万	pos	0.579
华伦	pos	0.579
每克	neg	0.578
尚需	neg	0.578
布莱尔	neg	0.578
假冒	neg	0.578
诽谤	neg	0.578
其为	neg	0.578
小腿	neg	0.578
紧俏	neg	0.578
线路	neg	0.578
隐含	neg	0.578
庄家	neg	0.578
诺斯	neg	0.578
座椅	neg	0.578
推文数	neg	0.578
传声筒	neg	0.578
国库	neg	0.578
职场	neg	0.578
卡尔达诺	neg	0.578
退场	neg	0.578
企业债券	neg	0.578
禁运	neg	0.578
繁忙	neg	0.578
国安	neg	0.578
马萨诸塞州	neg	0.578
以黎	neg	0.578
仍受	neg	0.578
景谷	neg	0.578
询问	neg	0.578
发射台	neg	0.578
半个	neg	0.578
教堂	neg	0.578
爆出	neg	0.578
不利因素	neg	0.578
虚报	neg	0.578
京报	neg	0.578
收未达	neg	0.578
房子	neg	0.578
晚点	neg	0.578
自查	neg	0.578
股东大会	neg	0.578
弹道导弹	neg	0.578
无端	neg	0.578
肌肉	neg	0.578
常见	neg	0.578
全是	neg	0.578
收取	neg	0.578
高中	neg	0.578
星期日	neg	0.578
顽固	neg	0.578
蜜雪	neg	0.578
嘘声	neg	0.578
军事训练	neg	0.578
反战	neg	0.578
简称	neg	0.578
东华	neg	0.578
职务	neg	0.578
卡什	neg	0.578
三项	neg	0.578
拆除	neg	0.578
墨西哥城	neg	0.578
安全隐患	neg	0.578
长时间	neg	0.578
求职者	neg	0.578
出境	neg	0.578
华人	neg	0.578
再次发生	neg	0.578
东智	neg	0.578
无奈	neg	0.578
一审判决	neg	0.578
开展业务	neg	0.578
银行业	pos	0.578
农户	neg	0.578
囤货	neg	0.578
三明治	neg	0.578
架飞机	neg	0.578
商品猪	neg	0.578
核反应堆	neg	0.578
走私案	neg	0.578
左侧	neg	0.578
持股	pos	0.578
首华	neg	0.578
周喜军	neg	0.578
心诚	pos	0.578
生津止渴	pos	0.578
圣罗兰	pos	0.578
崇迪	pos	0.578
囚衣	pos	0.577
好赞	pos	0.577
祝大	pos	0.577
米丽	pos	0.577
织带	pos	0.577
蓝蓓丽	pos	0.577
虹鳟鱼	pos	0.577
装饰性	pos	0.577
选情	pos	0.577
金伯利	pos	0.577
韩式风	pos	0.577
新婚	pos	0.577
买家	neg	0.576
港口	neg	0.576
讲话	neg	0.576
拍品	pos	0.576
多重	pos	0.575
结果	pos	0.575
草尼玛	neg	0.575
发冷	neg	0.575
哈伦	pos	0.575
马海毛	pos	0.575
古驰	pos	0.575
山峦	pos	0.575
示范区	pos	0.575
两场	neg	0.574
囤积	neg	0.574
发言	neg	0.574
安联	neg	0.574
估计	neg	0.574
那样	neg	0.574
一早	neg	0.574
实验室	pos	0.574
直击	pos	0.574
美国国防部	neg	0.574
伊方	neg	0.574
国投	neg	0.574
随时	neg	0.574
干涉	neg	0.574
未改	neg	0.574
钟都仲	neg	0.574
李宗瑞	pos	0.574
寓教于乐	pos	0.574
倒霉	neg	0.573
麻醉针	neg	0.573
加工	pos	0.572
数年	neg	0.571
首款	pos	0.571
主导	neg	0.571
尼玛尼玛	neg	0.571
翻领	pos	0.571
贵子	pos	0.571
即将	pos	0.57
通行	neg	0.57
万台	pos	0.57
月份	pos	0.57
新建	pos	0.57
届时	pos	0.57
耶耶耶	pos	0.57
吸收率	pos	0.57
海魂	pos	0.57
香奈	pos	0.57
支安打	pos	0.569
火箭队	pos	0.569
光棒	pos	0.569
妄动	pos	0.569
生命周期	pos	0.569
股是	pos	0.569
钟贇	pos	0.569
英勇	pos	0.569
中建	pos	0.569
局长	neg	0.569
新晋	pos	0.569
队时	pos	0.569
提到	pos	0.569
晚期	pos	0.569
挖掘	pos	0.569
威尼斯	pos	0.569
新格局	pos	0.569
伤势	neg	0.569
商行	pos	0.569
传承	pos	0.569
私有化	pos	0.569
过渡期	pos	0.569
成型	pos	0.569
销冠	pos	0.569
十六强	pos	0.569
单元	pos	0.569
访美	pos	0.569
维稳	pos	0.569
主打	pos	0.569
天才	pos	0.569
参股	pos	0.569
值超	pos	0.569
价齐	pos	0.569
首付款	pos	0.569
英特尔公司	pos	0.569
要素	pos	0.569
迎量	pos	0.569
卡片	pos	0.569
承包工程	pos	0.569
国网	pos	0.569
上合	pos	0.569
投债	pos	0.569
寿命	pos	0.569
火电	pos	0.569
结果显示	pos	0.569
多个	neg	0.569
感到高兴	pos	0.569
常规赛	pos	0.569
堆叠	pos	0.569
山寨	neg	0.569
低效	pos	0.569
候选	pos	0.569
执行力	pos	0.569
麦格	pos	0.569
纽带	pos	0.569
时政	pos	0.569
梅隆	pos	0.569
公示	pos	0.569
事务	neg	0.569
盛视	pos	0.569
案一审	pos	0.569
添加剂	pos	0.569
艾夫斯	pos	0.569
重点项目	pos	0.569
大使馆	neg	0.569
多年	pos	0.569
博济	pos	0.569
中通	pos	0.569
热股	pos	0.569
输出	pos	0.569
随笔	pos	0.569
阿姆斯特朗	pos	0.569
阶梯	pos	0.569
肉牛	pos	0.569
刚需	pos	0.569
防汛防台	pos	0.569
充沛	pos	0.569
天后	pos	0.569
复核	pos	0.569
超级大国	pos	0.569
争相抢购	pos	0.569
署称	neg	0.569
访问期间	pos	0.569
捕获	pos	0.569
库里	pos	0.569
双方同意	pos	0.569
有趣	pos	0.569
实用	pos	0.569
已见	pos	0.569
贸易部长	pos	0.569
自信	pos	0.569
方德	pos	0.569
提效	pos	0.569
使用量	pos	0.569
极限	neg	0.569
昙花一现	pos	0.569
省级	pos	0.569
超声	pos	0.569
国外	pos	0.569
风头	pos	0.569
希尔顿	pos	0.569
消费额	pos	0.569
节节	pos	0.569
阴公	neg	0.569
落枕	neg	0.569
核查	neg	0.568
什么	pos	0.568
泰诺	neg	0.568
哈密	pos	0.568
一样开	pos	0.568
二阳	pos	0.568
克里斯马	pos	0.568
哈尼哈尼	pos	0.568
大乐	pos	0.568
平展	pos	0.568
梵蒂	pos	0.568
独具慧眼	pos	0.568
玛茜	pos	0.568
舰载	pos	0.568
铁军	pos	0.568
路透社	neg	0.567
电商	pos	0.567
五个	pos	0.567
日经指数	pos	0.567
现已	pos	0.567
镶边	pos	0.567
解锁	pos	0.566
华润	pos	0.566
诺基亚	pos	0.566
文字	pos	0.566
军国主义	pos	0.566
亚马	pos	0.566
王者	pos	0.566
一切正常	pos	0.566
肺癌	pos	0.566
锡价	pos	0.566
重振旗鼓	pos	0.566
帽子戏法	pos	0.566
输入	pos	0.566
解盘	pos	0.566
一段时间	pos	0.566
热门股	pos	0.566
拿到	pos	0.566
电钻	neg	0.566
克奥	neg	0.566
孙维	neg	0.566
我草	neg	0.566
桑心	neg	0.566
牙髓	neg	0.566
袁泽	neg	0.566
运营商	neg	0.565
产出	pos	0.565
鸽派	neg	0.565
回击	neg	0.565
权衡	neg	0.565
全市	neg	0.565
杰尼亚	pos	0.565
百尺竿头	pos	0.565
东山	pos	0.564
持牌	pos	0.564
该国	neg	0.564
视频	pos	0.564
波纹	pos	0.564
十八一	pos	0.564
日至	neg	0.563
工资	neg	0.563
深夜	pos	0.563
麦粒肿	neg	0.563
书收到	pos	0.563
科颜	pos	0.563
论调	neg	0.562
亿韩元	neg	0.562
瑞典	neg	0.562
承保	neg	0.562
最高点	neg	0.562
质押	pos	0.562
马来西亚	neg	0.562
国防	pos	0.562
日圆	neg	0.562
动用	neg	0.562
提拉	pos	0.562
顺祝	pos	0.562
蜂窝	pos	0.562
觉得	neg	0.561
美国农业部	neg	0.561
监控	neg	0.561
蓝可儿	neg	0.561
尼玛勒	neg	0.561
卫士	pos	0.561
布油	neg	0.56
研究所	neg	0.56
筹划	neg	0.56
国会	neg	0.56
麻吉	neg	0.56
持久	neg	0.56
星期五	neg	0.56
国资委	neg	0.56
二手	neg	0.56
专注	pos	0.559
之机	pos	0.559
相当于	pos	0.559
名义	pos	0.559
东北	neg	0.559
决策	neg	0.559
机型	pos	0.559
高考	neg	0.559
星座	pos	0.559
指南	pos	0.559
双星	pos	0.559
重燃	neg	0.559
一道	pos	0.559
战绩	pos	0.559
肿瘤	pos	0.559
定调	pos	0.559
扁桃体	neg	0.559
东芝	pos	0.559
大典	pos	0.559
兴旺发达	pos	0.559
必不可缺	pos	0.559
摩丝摩丝	pos	0.559
架次	pos	0.559
桑蚕	pos	0.559
汇聚一堂	pos	0.559
汝来	pos	0.559
河川	pos	0.559
爱科比	pos	0.559
碧缇	pos	0.559
程野	pos	0.559
迪亚兹	pos	0.559
香槟酒	pos	0.559
高朋	pos	0.559
姚远	pos	0.559
松驰	pos	0.559
紫气东	pos	0.559
音乐季	pos	0.559
协办	pos	0.559
公信力	neg	0.558
均衡	pos	0.558
顾客	neg	0.558
威尔士	neg	0.558
充裕	neg	0.558
农田	neg	0.558
三支	neg	0.558
欺诈案	neg	0.558
瓦莱	neg	0.558
海滩	neg	0.558
开销	neg	0.558
尽快	pos	0.558
金融机构	pos	0.558
辽宁	neg	0.558
暂歇	neg	0.558
黑洞	neg	0.558
安卓	neg	0.558
决议	neg	0.558
稳定性	pos	0.558
鸿沟	neg	0.558
离世	neg	0.558
供水	neg	0.558
权重	pos	0.558
现货交易	neg	0.558
暴富	neg	0.558
处置	neg	0.558
严肃	neg	0.558
月初	neg	0.558
一座	neg	0.558
点金	neg	0.558
差点	neg	0.558
二战	neg	0.558
庭审	neg	0.558
普利	neg	0.558
追究	neg	0.558
父亲	neg	0.558
进口额	neg	0.558
北美	pos	0.558
明星	neg	0.558
封禁	neg	0.558
本季度	pos	0.558
指均	neg	0.558
梧州	neg	0.558
汽柴油	neg	0.558
高速公路	neg	0.558
消化	pos	0.558
财经新闻	pos	0.558
托马斯	neg	0.558
略有	neg	0.558
开火	neg	0.558
丈夫	neg	0.558
称美伊	pos	0.558
作物	neg	0.558
先生	neg	0.558
告别	neg	0.557
扣非	neg	0.557
世代	neg	0.557
卷土重来	neg	0.557
卡车	neg	0.557
录得	neg	0.557
那么	neg	0.557
有点	neg	0.557
内蒙古	neg	0.557
伯里	neg	0.557
每加仑	neg	0.557
梅洛	neg	0.557
战火	neg	0.557
期货市场	neg	0.557
道勋	neg	0.557
蕾珂	pos	0.557
积累	pos	0.556
产销	pos	0.556
国航	pos	0.556
莱恩	pos	0.556
演绎	pos	0.556
免税	pos	0.556
美国银行	pos	0.556
层面	pos	0.556
百万富翁	pos	0.556
药罐子	neg	0.556
印花	pos	0.556
祝生	pos	0.556
提名	pos	0.555
两国关系	pos	0.555
取代	pos	0.555
赞比亚	pos	0.555
温网	pos	0.555
位置	pos	0.555
大盘股	pos	0.555
各类	pos	0.555
双创	pos	0.555
大连	pos	0.555
活性	pos	0.555
恭禧	pos	0.555
男子组	pos	0.555
强烈	neg	0.554
阳光	pos	0.554
袁术	pos	0.554
生日	pos	0.554
资源	pos	0.553
亚洲	neg	0.553
底部	pos	0.553
扁桃腺	neg	0.553
主会场	pos	0.553
飞利浦	pos	0.553
修身	pos	0.552
增色	pos	0.552
金扣	pos	0.552
翻江倒海	neg	0.551
耶耶	pos	0.551
秘籍	pos	0.551
重估	pos	0.55
期限	neg	0.55
仍然	neg	0.55
下周	neg	0.55
三居室	pos	0.55
二三十一	pos	0.55
古钱	pos	0.55
夏雨雪	pos	0.55
小恩	pos	0.55
彩蝴蝶	pos	0.55
恭迎	pos	0.55
燕小	pos	0.55
爱丽团	pos	0.55
特别奖	pos	0.55
福运	pos	0.55
窦靖	pos	0.55
迎光	pos	0.55
霍霍霍霍	pos	0.55
预热	pos	0.549
灯芯绒	pos	0.548
凯顿	pos	0.548
软着陆	pos	0.548
幽谷	pos	0.547
家仲	neg	0.546
市场价	pos	0.546
普兰氏	pos	0.546
别尼玛	neg	0.545
冷汗	neg	0.545
我院	pos	0.545
首届	pos	0.544
中耳炎	neg	0.543
悲催	neg	0.543
周韦彤	pos	0.543
求治	neg	0.541
漆皮	pos	0.541
酬宾	pos	0.541
新款	pos	0.541
深灰	pos	0.541
河泥	pos	0.541
越美	pos	0.541
不祥之兆	neg	0.54
扁桃	neg	0.54
破相	neg	0.54
紧致	pos	0.54
赛区	pos	0.54
临渊羡鱼	pos	0.54
冯仑	pos	0.54
品原	pos	0.54
宇涵	pos	0.54
宗伟	pos	0.54
少群	pos	0.54
旅居	pos	0.54
春耕	pos	0.54
本群	pos	0.54
禅心	pos	0.54
纤尘	pos	0.54
维罗纳	pos	0.54
要永	pos	0.54
野禽	pos	0.54
饶小威	pos	0.54
周五	pos	0.539
搞臭	neg	0.537
血晕	neg	0.537
赖野	neg	0.537
那尼玛	neg	0.537
喜乐	pos	0.537
棉麻	pos	0.537
眷属	pos	0.537
三点	neg	0.536
媛风	pos	0.536
编织	pos	0.536
相映成趣	pos	0.536
虎虎生威	pos	0.536
满额	pos	0.535
出冷汗	neg	0.534
现价	pos	0.534
官话	neg	0.533
卖人情	neg	0.533
吾通	neg	0.533
松紧	pos	0.533
独具	pos	0.533
张阳阳	pos	0.532
一元复始	pos	0.53
何家劲	pos	0.53
卡迪亚	pos	0.53
启智	pos	0.53
托德	pos	0.53
明澈澈	pos	0.53
海皮波斯	pos	0.53
爱托比	pos	0.53
生工	pos	0.53
皮越厚	pos	0.53
粉蝶	pos	0.53
绿碧玺	pos	0.53
罗汉松	pos	0.53
美人蕉	pos	0.53
美协	pos	0.53
草甸	pos	0.53
邮品	pos	0.53
预警机	pos	0.53
君老	pos	0.53
欧美范儿	pos	0.53
聚酯纤维	pos	0.53
茶沛	pos	0.53
摄影家	pos	0.53
满园春色	pos	0.53
修饰	pos	0.528
易学	pos	0.528
爱启	pos	0.528
三十七八	neg	0.527
明细账	neg	0.527
解成日	neg	0.527
髌骨	neg	0.527
仲洗训	neg	0.527
考尼玛	neg	0.527
心水	pos	0.527
银婚	pos	0.527
纯色	pos	0.526
廖智	pos	0.526
牛仔布	pos	0.525
纸婚	pos	0.525
一齐过	pos	0.525
鲁敏宇	pos	0.525
夹克衫	pos	0.524
肌肤	pos	0.524
韩风	pos	0.524
葱茏	pos	0.523
乌青	neg	0.523
工伤	neg	0.523
法兰绒	pos	0.523
罩衫	pos	0.523
寄语	pos	0.523
起凡	pos	0.523
促进会	pos	0.523
大赞	pos	0.523
恭贺新禧	pos	0.523
福如	pos	0.523
中将	pos	0.522
蝙蝠衫	pos	0.522
半醒	neg	0.521
阿西巴	neg	0.521
水土不服	neg	0.521
收听	pos	0.521
山色	pos	0.521
现代感	pos	0.521
头昏脑胀	neg	0.52
顺境	pos	0.52
拌匀	pos	0.52
绸缎	pos	0.52
醒狮	pos	0.52
山羊皮	pos	0.519
一招一式	pos	0.519
也祝	pos	0.519
勒布朗詹姆斯	pos	0.519
参赛队	pos	0.519
小海	pos	0.519
强效美	pos	0.519
彩棉	pos	0.519
揭牌	pos	0.519
晨安	pos	0.519
朱槿	pos	0.519
权柄	pos	0.519
棉绒	pos	0.519
歌艺	pos	0.519
珍珠贝	pos	0.519
白梅	pos	0.519
真香	pos	0.519
织锦	pos	0.519
翠宝	pos	0.519
菊展	pos	0.519
超心水	pos	0.519
黑啤酒	pos	0.519
童装	pos	0.519
行货	pos	0.518
社联	pos	0.518
左膝	neg	0.517
哪样	neg	0.517
贡缎	pos	0.517
润肺	pos	0.517
依加	neg	0.516
保养费	neg	0.516
减数	neg	0.516
尔妹	neg	0.516
曾聪明	neg	0.516
毛越	neg	0.516
盘弄	neg	0.516
郑广美	neg	0.516
结膜炎	neg	0.516
优惠价	pos	0.516
吻安	pos	0.516
扎西德	pos	0.516
针织	pos	0.516
不翼而飞	neg	0.515
绿海	pos	0.515
名品	pos	0.515
姜黄	pos	0.515
爱宝宝	pos	0.515
不定积分	neg	0.514
爆炸声	neg	0.514
作品展	pos	0.514
癸巳年	pos	0.513
明艳	pos	0.513
敬请	pos	0.513
保健食品	pos	0.512
学社	pos	0.512
两用	pos	0.511
尼玛	neg	0.51
智齿	neg	0.51
大饱眼福	pos	0.51
纵览	pos	0.51
诗婷	pos	0.51
直销	pos	0.51
详谈	pos	0.51
精雕细琢	pos	0.509
止痛片	neg	0.508
公众平台	pos	0.508
橄榄绿	pos	0.508
超仙	pos	0.508
桑森	neg	0.507
厌食症	neg	0.507
荨麻疹	neg	0.507
小阳阳	pos	0.507
战幕	pos	0.507
文院	pos	0.507
易拉	pos	0.507
晨博	pos	0.507
朱雨辰	pos	0.507
柠檬色	pos	0.507
汪国真	pos	0.507
消痰	pos	0.507
祝福声	pos	0.507
福气	pos	0.507
福永享	pos	0.507
禧贝	pos	0.507
绚丽多姿	pos	0.507
落花生	pos	0.507
诗代言	pos	0.507
车友会	pos	0.507
陆月	pos	0.507
馨雅	pos	0.507
鲁山	pos	0.507
鲜艳夺目	pos	0.507
麦坤	pos	0.507
相知	pos	0.507
尼玛真	neg	0.506
呜呜	neg	0.506
头晕目眩	neg	0.506
灵山县	neg	0.505
羞愤	neg	0.505
过秤	neg	0.505
驴肝肺	neg	0.505
牙痛	neg	0.503
安眠药	neg	0.502
家秀	pos	0.502
购买者	pos	0.502
邦迪	neg	0.501
我日	neg	0.5
咽喉炎	neg	0.5
价款	pos	0.5
消融	pos	0.5
苦口良药	neg	0.499
无良	neg	0.499
尼玛热	neg	0.497
君同	pos	0.496
杨超	pos	0.496
群友	pos	0.496
分会场	pos	0.496
恭喜发财	pos	0.495
比比	pos	0.495
一宁	pos	0.495
丽雅	pos	0.495
书法展	pos	0.495
亲如一家	pos	0.495
佛殿	pos	0.495
倩雯	pos	0.495
太奇	pos	0.495
太空棉	pos	0.495
宽待	pos	0.495
山无陵	pos	0.495
恒基	pos	0.495
攀缘	pos	0.495
盟约	pos	0.495
真珠	pos	0.495
茴香豆	pos	0.495
茶精	pos	0.495
藕叶	pos	0.495
财旺	pos	0.495
释迦摩尼	pos	0.495
雕塑家	pos	0.495
静思	pos	0.495
黄日华	pos	0.495
哥生	pos	0.495
携手并肩	pos	0.495
沛纳海	pos	0.495
滋补品	pos	0.495
红碧玺	pos	0.495
苍劲	pos	0.495
野战军	pos	0.495
青玉	pos	0.495
龙婆坤	pos	0.495
蚊子	neg	0.494
二维码	pos	0.494
欧美范	pos	0.494
坑爹	neg	0.493
一个噩	neg	0.493
二五八万一	neg	0.493
半先	neg	0.493
发痧	neg	0.493
头大	neg	0.493
奥尼玛	neg	0.493
月真	neg	0.493
杜冷丁	neg	0.493
殴斗	neg	0.493
求包养	neg	0.493
甘流	neg	0.493
程颖婕	neg	0.493
肉赤	neg	0.493
奥次奥	neg	0.493
百日咳	neg	0.493
训训	neg	0.493
松脆	pos	0.493
烫金	pos	0.493
雅安	pos	0.493
加厚	pos	0.492
郎君	pos	0.492
嫩叶	pos	0.492
宜兰	pos	0.492
饱览	pos	0.492
卧床不起	neg	0.491
哪门子	neg	0.491
仿皮	pos	0.491
莅临	pos	0.491
包邮	pos	0.491
蚕丝	pos	0.491
复古	pos	0.491
真豪	pos	0.491
加微	pos	0.49
衬里	pos	0.49
本期	pos	0.49
初秋	pos	0.49
谢淑薇	pos	0.489
旗舰店	pos	0.489
欧耶	pos	0.489
绽放	pos	0.488
天琴座	pos	0.488
奥耶	pos	0.488
安莉芳	pos	0.488
展卖	pos	0.488
康撒	pos	0.488
梵宫	pos	0.488
渊明	pos	0.488
皮里	pos	0.488
盖碗茶	pos	0.488
美奂	pos	0.488
露迪玛莉莲	pos	0.488
虚汗	neg	0.487
玛德	neg	0.487
太萌	pos	0.487
膝头	neg	0.486
试营业	pos	0.486
案卷	neg	0.485
甘贵	neg	0.485
要成仙	neg	0.485
页眉	neg	0.485
质地	pos	0.485
儿孙满堂	pos	0.485
瘦身	pos	0.485
枝桠	pos	0.485
口福	pos	0.485
风潮	pos	0.485
品质	pos	0.485
人命	neg	0.484
塞拉斯	neg	0.484
血痕	neg	0.484
合家	pos	0.484
波普	pos	0.484
订制	pos	0.484
奖项	pos	0.484
连衣裙	pos	0.484
轻取	pos	0.484
祝我爱	pos	0.483
传递	pos	0.483
冻死	neg	0.482
体温表	neg	0.482
虫灾	neg	0.482
同心	pos	0.482
与会者	pos	0.482
乐哉	pos	0.482
企业主	pos	0.482
俞兆林	pos	0.482
千星	pos	0.482
名优	pos	0.482
启发性	pos	0.482
和丹丹	pos	0.482
品节	pos	0.482
哇奥	pos	0.482
哈赞	pos	0.482
头陀	pos	0.482
威驰	pos	0.482
宗庆	pos	0.482
小昕昕	pos	0.482
小牙	pos	0.482
巴宝丽	pos	0.482
并网	pos	0.482
康桑阿米达	pos	0.482
心迎新	pos	0.482
方清平	pos	0.482
朴基雄	pos	0.482
杨志刚	pos	0.482
枯干	pos	0.482
水水润润	pos	0.482
沈震	pos	0.482
百年树人	pos	0.482
礼成	pos	0.482
神作	pos	0.482
童妈	pos	0.482
童男	pos	0.482
联谊赛	pos	0.482
脱贫致富	pos	0.482
舞影	pos	0.482
茶素	pos	0.482
行大运	pos	0.482
谢客	pos	0.482
豪园	pos	0.482
贞姐	pos	0.482
超可	pos	0.482
酥梨	pos	0.482
鉴赏家	pos	0.482
陈俊伟	pos	0.482
韩菲	pos	0.482
题名	pos	0.482
马仕超	pos	0.482
本博	pos	0.482
扑街	neg	0.481
画龙点睛	pos	0.481
英伦	pos	0.481
我县	pos	0.481
都尼玛	neg	0.48
失眠症	neg	0.48
倒算	neg	0.48
哈切力	neg	0.48
比尼玛	neg	0.48
粉瘤	neg	0.48
雷真	neg	0.48
龚林娜	neg	0.48
疖子	neg	0.48
停水	neg	0.48
百褶裙	pos	0.48
赞赞	pos	0.48
中央军委	pos	0.48
师友	pos	0.48
徐朱玄	pos	0.48
教科文	pos	0.48
新生力量	pos	0.48
簇簇	pos	0.48
落地灯	pos	0.48
国美	pos	0.479
苗方清	pos	0.479
铜奖	pos	0.479
天鹅绒	pos	0.479
伊米妮	pos	0.479
日仲	neg	0.478
乐享	pos	0.478
阿诗玛	pos	0.478
小香	pos	0.478
本县	pos	0.478
活动期	pos	0.478
无宁	neg	0.477
毛我	neg	0.477
绪论	neg	0.477
巧手	pos	0.477
海魂衫	pos	0.477
饶威	pos	0.477
一氧化碳	neg	0.476
世道	neg	0.476
五金	pos	0.476
打桩	neg	0.475
生如夏	pos	0.475
金丝绒	pos	0.475
细毛	pos	0.475
年老体弱	pos	0.474
自用	pos	0.474
皮质	pos	0.473
股利	pos	0.473
话剧团	pos	0.473
闻名于世	pos	0.473
防伪	pos	0.473
链接	pos	0.473
恩恩爱爱	pos	0.473
古奇	pos	0.473
麦昆	pos	0.473
喉咙	neg	0.472
原宿	pos	0.472
团工委	pos	0.472
根须	pos	0.472
桑日	pos	0.472
永往直前	pos	0.472
红珊瑚	pos	0.472
舞艺	pos	0.472
越年	pos	0.472
雪菲	pos	0.472
风格各异	pos	0.472
马鲛鱼	pos	0.472
鼓乐	pos	0.472
搭配	pos	0.472
必读	pos	0.472
绑带	pos	0.472
喉镜	neg	0.471
成药	neg	0.471
诚邀	pos	0.471
团总支	pos	0.471
新品	pos	0.471
款式	pos	0.471
大美	pos	0.471
钱夹	pos	0.471
竖线	neg	0.47
闹心	neg	0.47
秘事	pos	0.47
服帖	pos	0.47
表盘	pos	0.47
秋冬季	pos	0.47
佩带	pos	0.47
尼马	neg	0.469
鬼火	neg	0.469
千万千万千万	neg	0.469
小浩博	neg	0.469
一个赞	pos	0.469
胸围	pos	0.469
东东海	pos	0.469
中央级	pos	0.469
之光	pos	0.469
传家之宝	pos	0.469
儿宝典	pos	0.469
克里希那穆提	pos	0.469
入列	pos	0.469
台柱子	pos	0.469
哲学系	pos	0.469
喜迎春	pos	0.469
团省委	pos	0.469
图景	pos	0.469
士慕斯	pos	0.469
容初	pos	0.469
小俊子	pos	0.469
彩翼	pos	0.469
成老	pos	0.469
晓露	pos	0.469
晨之美	pos	0.469
曲园	pos	0.469
有光	pos	0.469
朱晨辰	pos	0.469
杨培安	pos	0.469
杨雨轩	pos	0.469
标标	pos	0.469
沙幼	pos	0.469
清滢	pos	0.469
清福	pos	0.469
溪涧	pos	0.469
濮阳县	pos	0.469
物像	pos	0.469
特价品	pos	0.469
王铮亮	pos	0.469
甘苦与共	pos	0.469
盲校	pos	0.469
真爱真	pos	0.469
米易	pos	0.469
米白	pos	0.469
纤柔	pos	0.469
纯利润	pos	0.469
经济性	pos	0.469
美哉	pos	0.469
美思	pos	0.469
美甲	pos	0.469
老鲁	pos	0.469
肖杰	pos	0.469
葛玉萍	pos	0.469
蓬莱阁	pos	0.469
资环	pos	0.469
赵微	pos	0.469
重豪礼	pos	0.469
雨绮	pos	0.469
黄气重	pos	0.469
识人	pos	0.469
多谢	pos	0.469
仕女	pos	0.469
对照表	pos	0.469
菲儿	pos	0.469
胯骨	neg	0.468
此理	neg	0.468
老毛病	neg	0.468
学堂	pos	0.468
童心	pos	0.468
江诗丹顿	pos	0.468
特价	pos	0.468
质感	pos	0.468
温淑	pos	0.467
救亡	pos	0.467
险峭	neg	0.467
不泄气	pos	0.467
束身自修	pos	0.467
温软	pos	0.467
娴静	pos	0.467
健美	pos	0.467
严明	pos	0.467
臭架子	neg	0.467
复辟	neg	0.467
看轻	neg	0.467
醋意	neg	0.467
口快心直	pos	0.467
称体裁衣	pos	0.467
刚克柔克	pos	0.467
唱筹量沙	neg	0.467
先天不足	neg	0.467
善气迎人	pos	0.467
立锥之地	neg	0.467
强龙不压地头蛇	neg	0.467
草衣木食	neg	0.467
等米下锅	neg	0.467
利息秋毫	pos	0.467
凤冠霞帔	pos	0.467
粗服乱头	neg	0.467
姗姗来迟	neg	0.467
浑水摸鱼	neg	0.467
猎取	neg	0.467
犯疑心病	neg	0.467
盲用	neg	0.467
耍滑头	neg	0.467
摆款儿	neg	0.467
国威	pos	0.467
翠蓝	pos	0.467
毁约	neg	0.467
拘牵	neg	0.467
洞究	pos	0.467
宽纵	neg	0.467
放达	pos	0.467
富源	pos	0.467
落套	neg	0.467
没样儿	neg	0.467
活溜	pos	0.467
求全	neg	0.467
废旧	neg	0.467
发人深思	pos	0.467
慰劳	pos	0.467
邪行	neg	0.467
心浮	neg	0.467
不见经传	neg	0.467
悬崖勒马	pos	0.467
八方呼应	pos	0.467
遥相应和	pos	0.467
刮肠洗胃	pos	0.467
知过必改	pos	0.467
天壤王朗	neg	0.467
水至清则无鱼	neg	0.467
触类旁通	pos	0.467
怀铅提椠	pos	0.467
冷若冰霜	neg	0.467
左顾右盼	neg	0.467
光秃秃	neg	0.467
渺小	neg	0.467
次等	neg	0.467
半疯儿	neg	0.467
秕糠	neg	0.467
驳杂	neg	0.467
扬扬得意	neg	0.467
称臣	neg	0.467
国花	pos	0.467
酣然	pos	0.467
含蕴	pos	0.467
翻版	neg	0.467
浮礼	neg	0.467
辞华	pos	0.467
德泽	pos	0.467
豪绅	neg	0.467
洞烛	pos	0.467
端然	pos	0.467
穷寇	neg	0.467
任情	neg	0.467
一视同仁	pos	0.467
迷途知返	pos	0.467
阔气	neg	0.467
日以继夜	pos	0.467
浅近	neg	0.467
大处落墨	pos	0.467
照耀	pos	0.467
警省	pos	0.467
敬辞	pos	0.467
险毒	neg	0.467
残破	neg	0.467
锋芒毕露	neg	0.467
挂名	neg	0.467
出身名门	pos	0.467
多情善感	neg	0.467
没有勇气	neg	0.467
轻淡	pos	0.467
光灿	pos	0.467
好玩儿	pos	0.467
甲等	pos	0.467
束身自好	pos	0.467
暖融融	pos	0.467
湛蓝	pos	0.467
苦涩	neg	0.467
慑服	neg	0.467
脸皮厚	neg	0.467
拗口	neg	0.467
异味	neg	0.467
委靡	neg	0.467
扫兴	neg	0.467
絮烦	neg	0.467
别嘴	neg	0.467
激切	pos	0.467
尺短寸长	pos	0.467
磨砖成镜	neg	0.467
险阻艰难	neg	0.467
韬光养晦	pos	0.467
避实就虚	neg	0.467
忍辱含垢	neg	0.467
蓬户筚门	neg	0.467
守经达权	pos	0.467
桃代李僵	neg	0.467
一得之功	pos	0.467
耳闻不如目见	pos	0.467
力争经营	pos	0.467
大腹便便	neg	0.467
困而学之	pos	0.467
每况愈下	neg	0.467
明枪暗箭	neg	0.467
笼统	neg	0.467
偏僻	neg	0.467
模模糊糊	neg	0.467
耍花腔	neg	0.467
名过其实	neg	0.467
白字	neg	0.467
短气	neg	0.467
粹集	pos	0.467
坏话	neg	0.467
空耗	neg	0.467
溃乱	neg	0.467
督师	pos	0.467
掠取	neg	0.467
没趣	neg	0.467
攻破	pos	0.467
鼓动	neg	0.467
悍勇	pos	0.467
活动家	pos	0.467
亲谊	pos	0.467
区区	neg	0.467
病恹恹	neg	0.467
哀婉	neg	0.467
津润	pos	0.467
崭齐	pos	0.467
儆醒	pos	0.467
据理	pos	0.467
残破不全	neg	0.467
久战沙场	pos	0.467
从权	neg	0.467
大而全	pos	0.467
心慕手追	pos	0.467
低调	pos	0.467
春秋笔法	pos	0.467
端端正正	pos	0.467
拆烂污	neg	0.467
散乱	neg	0.467
高深	pos	0.467
光灿灿	pos	0.467
滚瓜烂熟	pos	0.467
好心肠	pos	0.467
合口味	pos	0.467
鹤发童颜	pos	0.467
树叶茂盛	pos	0.467
筋道	pos	0.467
面善	pos	0.467
潮呼呼	neg	0.467
赘述	neg	0.467
珍禽	pos	0.467
柔媚	pos	0.467
莽莽苍苍	neg	0.467
和悦	pos	0.467
傲然	pos	0.467
暖乎乎	pos	0.467
冉冉	pos	0.467
宝刀	pos	0.467
触目兴叹	neg	0.467
负气	neg	0.467
盛筵难再	neg	0.467
小瞧	neg	0.467
白区	neg	0.467
败兴	neg	0.467
醋心	neg	0.467
百里之才	neg	0.467
直言尽意	pos	0.467
杀鸡饮黍	pos	0.467
柔心弱骨	pos	0.467
先入之见	neg	0.467
公诸同好	pos	0.467
累块积苏	neg	0.467
穷阎漏屋	neg	0.467
浪迹浮踪	neg	0.467
辩才无碍	pos	0.467
披沙拣金	pos	0.467
大而化之	pos	0.467
不名一钱	neg	0.467
顺水人情	neg	0.467
才识过人	pos	0.467
见可而进	pos	0.467
情有可原	pos	0.467
啸聚山林	pos	0.467
耸壑昂霄	pos	0.467
闳中肆外	pos	0.467
串通	neg	0.467
连篇累牍	neg	0.467
肆意	neg	0.467
明争暗斗	neg	0.467
怪癖	neg	0.467
圆滑	neg	0.467
破罐破摔	neg	0.467
激进	neg	0.467
螳臂当车	neg	0.467
平板	neg	0.467
谨小慎微	neg	0.467
粗枝大叶	neg	0.467
玩花样	neg	0.467
生拉硬拽	neg	0.467
言行不一	neg	0.467
摆份儿	neg	0.467
敌国	neg	0.467
蹈袭	neg	0.467
国故	pos	0.467
国术	pos	0.467
粹聚	pos	0.467
底蕴	pos	0.467
叠翠	pos	0.467
后患	neg	0.467
混事	neg	0.467
假球	neg	0.467
谰言	neg	0.467
科盲	neg	0.467
洞晓	pos	0.467
诳语	neg	0.467
督率	pos	0.467
发祥地	pos	0.467
猫腻	neg	0.467
闷棍	neg	0.467
告准	pos	0.467
根治	pos	0.467
攻取	pos	0.467
合身	pos	0.467
厚望	pos	0.467
活分	pos	0.467
切近	pos	0.467
菲菲	pos	0.467
开门见山	pos	0.467
讲理	pos	0.467
稳便	pos	0.467
冲撞	neg	0.467
擢用	pos	0.467
肩荷	pos	0.467
交情	pos	0.467
深彻	pos	0.467
教导	pos	0.467
干干巴巴	neg	0.467
哄然	neg	0.467
抱不平	pos	0.467
板板正正	pos	0.467
出身高贵	pos	0.467
灯火辉煌	pos	0.467
寒素	pos	0.467
不武断	pos	0.467
分文不取	pos	0.467
高级化	pos	0.467
好说话儿	pos	0.467
合度	pos	0.467
暖洋洋	pos	0.467
对得住	pos	0.467
一团和气	pos	0.467
谨饬	pos	0.467
洪大	pos	0.467
徐徐	pos	0.467
醇香	pos	0.467
惜老怜贫	pos	0.467
屈服	neg	0.467
丑剧	neg	0.467
小视	neg	0.467
潮湿	neg	0.467
离愁	neg	0.467
自贻伊戚	neg	0.467
蹦跶	neg	0.467
憾事	neg	0.467
嫉贤妒能	neg	0.467
毛遂自荐	pos	0.467
英雄气短	neg	0.467
直抒己见	pos	0.467
宾至如归	pos	0.467
先入为主	neg	0.467
断梗飘蓬	neg	0.467
不胜衣	neg	0.467
釜中生鱼	neg	0.467
打躬作揖	neg	0.467
下气怡声	neg	0.467
改步改玉	pos	0.467
弄假成真	neg	0.467
百无一能	neg	0.467
并蒂莲	pos	0.467
好语似珠	pos	0.467
大杂烩	neg	0.467
兜售	neg	0.467
理屈词穷	neg	0.467
貌合神离	neg	0.467
无的放失	neg	0.467
闲言碎语	neg	0.467
倚仗	neg	0.467
拘执	neg	0.467
浮漂	neg	0.467
策划	neg	0.467
老一套	neg	0.467
耍花招	neg	0.467
盲人摸象	neg	0.467
有名无实	neg	0.467
败叶	neg	0.467
暴利	neg	0.467
憷场	neg	0.467
丑话	neg	0.467
臭棋	neg	0.467
鹑衣	neg	0.467
措大	neg	0.467
国事	pos	0.467
酣甜	pos	0.467
辞让	pos	0.467
哄抬	neg	0.467
话柄	neg	0.467
混说	neg	0.467
芥蒂	neg	0.467
苛责	neg	0.467
狂言	neg	0.467
乱兵	neg	0.467
冒进	neg	0.467
功底	pos	0.467
躬行	pos	0.467
和调	pos	0.467
恢复	pos	0.467
活便	pos	0.467
火花	pos	0.467
机运	pos	0.467
挂一漏万	neg	0.467
气昂昂	pos	0.467
灾荒	neg	0.467
鲜美	pos	0.467
操之过急	neg	0.467
成心	neg	0.467
颠三倒四	neg	0.467
合时	pos	0.467
和畅	pos	0.467
和洽	pos	0.467
虎背熊腰	pos	0.467
时新	pos	0.467
受窘	neg	0.467
恬然	pos	0.467
名存实亡	neg	0.467
投鼠忌器	neg	0.467
沾沾自喜	neg	0.467
慧眼独具	pos	0.467
安之若素	pos	0.467
抱头鼠窜	neg	0.467
擘肌分理	pos	0.467
不攻自破	neg	0.467
彻头彻尾	neg	0.467
吹篪乞食	neg	0.467
达权通变	pos	0.467
道道地地	pos	0.467
饭糗茹草	neg	0.467
钩深致远	pos	0.467
敬业乐群	pos	0.467
窥豹一斑	neg	0.467
平复如故	pos	0.467
清晰可辨	pos	0.467
情急智生	pos	0.467
深历浅揭	pos	0.467
听天由命	neg	0.467
挖空心思	neg	0.467
嬉皮笑脸	neg	0.467
怨女旷夫	neg	0.467
走马看花	neg	0.467
黑哨	neg	0.467
愁绪	neg	0.467
讹脱	neg	0.467
横事	neg	0.467
后盾	pos	0.467
火性	neg	0.467
狂人	neg	0.467
洞视	pos	0.467
翻悔	neg	0.467
富民	pos	0.467
感召	pos	0.467
好受	pos	0.467
讨好	neg	0.467
推服	pos	0.467
受过良好训练	pos	0.467
姮娥	pos	0.467
幽香	pos	0.467
比翼鸟	pos	0.467
大席	pos	0.467
度越	pos	0.467
毫无问题	pos	0.467
没有搀杂	pos	0.467
光鲜	pos	0.467
郎若列眉	pos	0.467
藐小	neg	0.467
烁亮	pos	0.467
坑坑洼洼	neg	0.467
零零散散	neg	0.467
馋猫	neg	0.467
高效益	pos	0.467
苏气	pos	0.467
践诺	pos	0.467
干瘪瘪	neg	0.467
打眼	pos	0.467
零零碎碎	neg	0.467
勾魂摄魄	pos	0.467
合当	pos	0.467
异香	pos	0.467
碧澄	pos	0.467
口服	pos	0.467
顺和	pos	0.467
秋风扫落叶	pos	0.467
执法必严	pos	0.467
款款	pos	0.467
得法	pos	0.467
称德度功	pos	0.467
瘆人	neg	0.467
腻味	neg	0.467
不以一眚掩大德	pos	0.467
诡衔窃辔	neg	0.467
持盈守虚	pos	0.467
啜菽饮水	neg	0.467
分文不名	neg	0.467
金钗十二	pos	0.467
人急智生	pos	0.467
不时之需	pos	0.467
急就章	neg	0.467
友于兄弟	pos	0.467
弄粉调脂	neg	0.467
钩玄提要	pos	0.467
海立云垂	pos	0.467
习气	neg	0.467
拘囿	neg	0.467
怪僻	neg	0.467
主观	neg	0.467
不拘小节	neg	0.467
不闻不问	neg	0.467
慢慢悠悠	neg	0.467
一面之词	neg	0.467
凑和	neg	0.467
白丁	neg	0.467
馋嘴	neg	0.467
痴话	neg	0.467
创议	pos	0.467
粗拉	neg	0.467
打蔫儿	neg	0.467
国是	pos	0.467
过细	pos	0.467
酣睡	pos	0.467
恶气	neg	0.467
烦言	neg	0.467
黑市	neg	0.467
哄抢	neg	0.467
花招	neg	0.467
祸乱	neg	0.467
赖学	neg	0.467
苛杂	neg	0.467
洞彻	pos	0.467
乱杂	neg	0.467
搞活	pos	0.467
攻关	pos	0.467
和平鸽	pos	0.467
互通	pos	0.467
吉祥物	pos	0.467
不足道	neg	0.467
划一	pos	0.467
不无裨益	pos	0.467
肩负	pos	0.467
鉴别	pos	0.467
寡言	neg	0.467
降贵纡尊	neg	0.467
自寻烦恼	neg	0.467
绳锯木断	pos	0.467
手段	neg	0.467
黑乎乎	neg	0.467
姨太太	neg	0.467
硕壮	pos	0.467
爱理不理	neg	0.467
持之有故	pos	0.467
溜号	neg	0.467
端整	pos	0.467
简单明了	pos	0.467
紧凑	pos	0.467
没的说	pos	0.467
不解之缘	pos	0.467
矮墩墩	neg	0.467
笔直	pos	0.467
奥旨	pos	0.467
保护伞	neg	0.467
断线风筝	neg	0.467
雷声大雨点小	neg	0.467
拔山扛鼎	pos	0.467
直接了当	pos	0.467
如风过耳	neg	0.467
念念有词	neg	0.467
一倡百和	pos	0.467
野草闲花	neg	0.467
战争狂	neg	0.467
凝滞	neg	0.467
娇贵	neg	0.467
迂缓	neg	0.467
管窥所及	neg	0.467
白搭	neg	0.467
残品	neg	0.467
馋鬼	neg	0.467
抽抽儿	neg	0.467
逛荡	neg	0.467
夹带	neg	0.467
简便易行	pos	0.467
蒙混	neg	0.467
耍手段	neg	0.467
花腔	neg	0.467
聒耳	neg	0.467
烦冗	neg	0.467
日坐愁城	neg	0.467
狐疑未决	neg	0.467
得计	neg	0.467
乐天知命	pos	0.467
干干净净	pos	0.467
清香	pos	0.467
凉丝丝	pos	0.467
平头正脸	pos	0.467
搭手	pos	0.467
波光粼粼	pos	0.467
送去迎来	neg	0.467
洒狗血	neg	0.467
姗姗	pos	0.467
披麻救火	neg	0.467
东张西望	neg	0.467
鹿皮苍璧	neg	0.467
履舄交错	neg	0.467
貌是心非	neg	0.467
没眉没眼	neg	0.467
故纸堆	neg	0.467
觉人觉世	neg	0.467
口沸目赤	pos	0.467
力排众议	pos	0.467
披毛求疵	neg	0.467
片甲不回	neg	0.467
润饰	pos	0.467
晒暖儿	pos	0.467
鲁鱼帝虎	neg	0.467
论德使能	pos	0.467
靡然向风	pos	0.467
深意	pos	0.467
黄毛丫头	neg	0.467
散闷	pos	0.467
批风抹月	pos	0.467
六通四达	pos	0.467
论资排辈	neg	0.467
貌是情非	neg	0.467
没里没外	neg	0.467
靡然乡风	pos	0.467
鸷狠狼戾	neg	0.467
送往迎来	neg	0.467
底下人	neg	0.467
披毛求瑕	neg	0.467
片甲不留	neg	0.467
破涕成笑	pos	0.467
润资	pos	0.467
善感	pos	0.467
赏钱	pos	0.467
镂金错采	pos	0.467
鲁鱼陶阴	neg	0.467
鹿裘不完	pos	0.467
屡次三番	neg	0.467
深造	pos	0.467
生息	pos	0.467
闷葫芦	neg	0.467
深醒	pos	0.467
坚壁	pos	0.467
投梭之拒	pos	0.467
善男信女	pos	0.467
坐不垂堂	pos	0.467
小己得失	neg	0.467
随近逐便	neg	0.467
决一雌雄	neg	0.467
破觚斫雕	pos	0.467
闲话	neg	0.467
傻笑	neg	0.467
罅隙	neg	0.467
善邻	pos	0.467
商榷	pos	0.467
另开生面	pos	0.467
流天澈地	neg	0.467
六问三推	pos	0.467
龙潜凤采	neg	0.467
鲁鱼亥豕	neg	0.467
鹭约鸥盟	pos	0.467
满坑满谷	neg	0.467
靡然成风	pos	0.467
镌脾琢肾	pos	0.467
冷心冷面	pos	0.467
三思而行	pos	0.467
片接寸附	neg	0.467
露马脚	neg	0.467
另起炉灶	neg	0.467
碌碌寡合	neg	0.467
貌合行离	neg	0.467
靡有孑遗	neg	0.467
闹笑话	neg	0.467
老八辈子	neg	0.467
老相	neg	0.467
两两三三	neg	0.467
骈枝俪叶	pos	0.467
奇离古怪	neg	0.467
仪式	pos	0.467
仁义道德	pos	0.467
润色	pos	0.467
散心	pos	0.467
舌战	pos	0.467
失脚	neg	0.467
泻肚	neg	0.467
鹭朋鸥侣	pos	0.467
貌离神合	neg	0.467
马壮人强	pos	0.467
貌合心离	neg	0.467
靡然从风	pos	0.467
滴溜儿	pos	0.467
鼻炎	neg	0.467
卧槽	neg	0.467
款型	pos	0.467
招募	pos	0.467
微雕	pos	0.467
桃仁	pos	0.467
祝明天	pos	0.467
端阳节	pos	0.467
母亲节	pos	0.467
一个伤	neg	0.466
冷成狗	neg	0.466
失眠病	neg	0.466
尔敏	neg	0.466
尼玛桑	neg	0.466
成宿成	neg	0.466
法克法克	neg	0.466
潘仁美	neg	0.466
登记本	neg	0.466
解一	neg	0.466
费列罗里	neg	0.466
递回	neg	0.466
黑青	neg	0.466
特无语	neg	0.466
晴天霹雳	neg	0.466
没完	neg	0.466
眼冒金星	neg	0.466
必备	pos	0.466
麂皮	pos	0.466
针织衫	pos	0.466
天造地设	pos	0.466
七点	neg	0.465
冰晶	pos	0.465
藏历	pos	0.465
浅绿	pos	0.465
极刑	neg	0.464
干呕	neg	0.464
发大财	pos	0.464
中古	pos	0.464
婉约	pos	0.464
普兰	pos	0.464
缝制	pos	0.463
丽一	pos	0.463
仙客来	pos	0.463
刊载	pos	0.463
刻印	pos	0.463
昆德拉	pos	0.463
望海	pos	0.463
松石	pos	0.463
特训	pos	0.463
璀璨夺目	pos	0.463
秋韵	pos	0.463
绽开	pos	0.463
坑人	neg	0.462
大丽花	neg	0.462
中号	pos	0.462
鹅黄	pos	0.462
尾花	pos	0.462
号外	pos	0.462
胃炎	neg	0.461
出岔子	neg	0.461
矿物质	pos	0.461
光顾	pos	0.461
聚沙成塔	pos	0.461
波斯	pos	0.461
西南风	pos	0.461
新浪微博	pos	0.461
画卷	pos	0.461
甜香	pos	0.461
他玛	neg	0.46
才尼玛	neg	0.46
插销	neg	0.46
月仲	neg	0.46
尼玛比	neg	0.46
二氧化硫	neg	0.46
瓦伦丁	pos	0.46
层次感	pos	0.46
抗癌	pos	0.46
马毛	pos	0.46
杯具	neg	0.459
配制	pos	0.459
湖光山色	pos	0.459
世琦	pos	0.459
于小彤	pos	0.459
衣料	pos	0.459
机不可失	pos	0.459
戈壁	neg	0.458
脱水	neg	0.458
三班倒	neg	0.458
丘挺	neg	0.458
为毛	neg	0.458
检查费	neg	0.458
焦心	neg	0.458
超萌	pos	0.458
水貂	pos	0.458
梅红	pos	0.458
喜获	pos	0.458
颖宝	pos	0.458
镂空	pos	0.458
低血压	neg	0.457
不虚此行	pos	0.457
垂柳	pos	0.457
服饰	pos	0.457
潮流	pos	0.457
拆卸	pos	0.457
又华	neg	0.456
黑屏	neg	0.456
好恶	neg	0.456
死机	neg	0.456
阴魂	neg	0.455
普拉达	pos	0.455
惊魂未定	neg	0.454
一种缘	pos	0.454
东永	pos	0.454
丹尼尔克雷格	pos	0.454
丽婴	pos	0.454
亦美珊	pos	0.454
儿笑	pos	0.454
关天	pos	0.454
利利健	pos	0.454
卡礼	pos	0.454
另议	pos	0.454
咏梅	pos	0.454
大模	pos	0.454
大鑫	pos	0.454
好俊	pos	0.454
好正	pos	0.454
宝骏	pos	0.454
小植	pos	0.454
小祺	pos	0.454
居留权	pos	0.454
山野菜	pos	0.454
布依族	pos	0.454
常聚聚	pos	0.454
张亮生	pos	0.454
心笑	pos	0.454
志存高远	pos	0.454
怀想	pos	0.454
性范	pos	0.454
戴爱玲	pos	0.454
拜仁拜仁	pos	0.454
敏华	pos	0.454
敏婷	pos	0.454
文怡	pos	0.454
桐哥	pos	0.454
梅西梅	pos	0.454
梦瑶	pos	0.454
橄榄石	pos	0.454
欧美潮	pos	0.454
毛线针	pos	0.454
沙海滨	pos	0.454
沙滩装	pos	0.454
泻湖	pos	0.454
澜洲	pos	0.454
王慧	pos	0.454
留连	pos	0.454
皮波思	pos	0.454
直通	pos	0.454
祝尔	pos	0.454
美奈	pos	0.454
老同	pos	0.454
老洪	pos	0.454
肆月	pos	0.454
胡哲	pos	0.454
自珍	pos	0.454
芭蓓	pos	0.454
菲奥娜	pos	0.454
赵亮	pos	0.454
金丝燕	pos	0.454
金桂	pos	0.454
陈以桐	pos	0.454
陈宝	pos	0.454
颖相	pos	0.454
鲁肃	pos	0.454
鸣响	pos	0.454
龙丹妮	pos	0.454
伊莎贝尔	pos	0.454
同心圆	pos	0.454
备料	pos	0.454
山巅	pos	0.454
庞德	pos	0.454
庞统	pos	0.454
有益于	pos	0.454
王启	pos	0.454
美术家	pos	0.454
腰肢	pos	0.454
苹果酱	pos	0.454
金天	pos	0.454
不拘	pos	0.454
婉婉	pos	0.454
雅宝	pos	0.454
莲叶	pos	0.454
磁石	pos	0.454
粗花呢	pos	0.454
止息	pos	0.454
后市	pos	0.454
人造革	pos	0.454
路易威登	pos	0.454
鹿皮	pos	0.454
绿意	pos	0.454
哈哈哈	pos	0.454
本条	pos	0.453
定于	pos	0.453
习俗	pos	0.452
镀金	pos	0.452
美宝莲	pos	0.452
五点九	neg	0.451
人寰	neg	0.451
切白	neg	0.451
基耶利尼	neg	0.451
好危	neg	0.451
意见书	neg	0.451
打头风	neg	0.451
机仲	neg	0.451
牛满	neg	0.451
甘老	neg	0.451
申述	neg	0.451
落果	neg	0.451
谷维素	neg	0.451
人理	neg	0.451
使不得	neg	0.451
六点九	neg	0.451
卡成	neg	0.451
尼玛哥	neg	0.451
尼玛才	neg	0.451
惨象	neg	0.451
感觉神经	neg	0.451
牙髓炎	neg	0.451
瓜仁	neg	0.451
谷种	neg	0.451
未老先衰	neg	0.451
地洞	neg	0.451
始于足下	pos	0.451
法商	pos	0.451
金秋	pos	0.451
寿辰	pos	0.451
褶皱	pos	0.451
生生生	pos	0.45
秘制	pos	0.45
早春	pos	0.45
斜纹	pos	0.449
七绝	pos	0.449
余辉	pos	0.449
购货	pos	0.449
足银	pos	0.449
胃肠炎	neg	0.448
粉晶	pos	0.448
生日卡	pos	0.448
驼色	pos	0.448
嘿嘿嘿	pos	0.448
没着没落	neg	0.447
发晕	neg	0.447
泻药	neg	0.447
掌嘴	neg	0.447
头昏脑涨	neg	0.447
别样	pos	0.447
蕾丝	pos	0.447
诞辰	pos	0.447
千家万户	pos	0.447
小芸	pos	0.447
岳云鹏	pos	0.447
招财	pos	0.447
田敦子	pos	0.447
秦姬	pos	0.447
舒友阁	pos	0.447
自刎	neg	0.446
记名	neg	0.446
现金券	pos	0.446
果胶	pos	0.446
糅合	pos	0.446
滋补	pos	0.446
向阳花	pos	0.446
寿面	pos	0.446
死区	neg	0.445
云商	pos	0.445
伟忠	pos	0.445
召稼	pos	0.445
威利斯	pos	0.445
小喜	pos	0.445
捐资	pos	0.445
昂首	pos	0.445
泉泉	pos	0.445
生贵子	pos	0.445
硬通货	pos	0.445
致词	pos	0.445
花饰	pos	0.445
赛里木湖	pos	0.445
降临	pos	0.445
面疱	pos	0.445
五雷轰顶	neg	0.444
嫩白	pos	0.444
橙红色	pos	0.444
献策	pos	0.444
玉雕	pos	0.444
萱草	pos	0.444
前程似锦	pos	0.444
仲训	neg	0.443
小雏菊	pos	0.443
波段	pos	0.443
套装	pos	0.443
呕血	neg	0.442
吾明	neg	0.442
水泻	neg	0.442
皇粮	neg	0.442
群星	pos	0.442
原版	pos	0.442
开业	pos	0.442
仁波切	pos	0.442
加群	pos	0.442
光彩照人	pos	0.442
深灰色	pos	0.442
面向	pos	0.442
衣裙	pos	0.442
肠炎	neg	0.441
灭鼠	neg	0.441
共聚	pos	0.441
羊绒	pos	0.441
小娘	pos	0.441
巴哈马	pos	0.441
建仓	pos	0.441
朴明秀	pos	0.441
李钟赫	pos	0.441
汽酒	pos	0.441
王雷	pos	0.441
蓝宝石	pos	0.441
材质	pos	0.441
王丽坤	pos	0.441
条纹	pos	0.441
查收	pos	0.441
周身	neg	0.44
乐融融	pos	0.44
晨风	pos	0.44
骨胶	pos	0.44
欢聚一堂	pos	0.44
备品	pos	0.439
错车	neg	0.438
损失费	neg	0.438
毛非	neg	0.438
苦胆	neg	0.438
邪门儿	neg	0.438
苦命	neg	0.438
玩味	pos	0.438
女装	pos	0.438
哈皮	pos	0.438
上锁	pos	0.438
世园	pos	0.438
二九年	pos	0.438
亲水性	pos	0.438
伏尔加	pos	0.438
何氏	pos	0.438
佛历	pos	0.438
信宇	pos	0.438
傅颖	pos	0.438
全委会	pos	0.438
再超	pos	0.438
分力	pos	0.438
刘小龙	pos	0.438
刘波	pos	0.438
北湖区	pos	0.438
华水	pos	0.438
卢洪哲	pos	0.438
印花布	pos	0.438
叶香	pos	0.438
吴氏	pos	0.438
周洁	pos	0.438
哈萨克族	pos	0.438
圈层	pos	0.438
圣约翰	pos	0.438
在喜	pos	0.438
坤宝	pos	0.438
基德曼	pos	0.438
大市	pos	0.438
大蕾	pos	0.438
奇圆	pos	0.438
守静	pos	0.438
宝兰	pos	0.438
小伦	pos	0.438
山势	pos	0.438
帕奇	pos	0.438
帕尔玛	pos	0.438
庞克	pos	0.438
延政勋	pos	0.438
开博	pos	0.438
开熏	pos	0.438
彭丹	pos	0.438
我睿	pos	0.438
拉卜楞	pos	0.438
新韵	pos	0.438
无土栽培	pos	0.438
曼祖基奇	pos	0.438
杨曼玲	pos	0.438
柏西安	pos	0.438
标准舞	pos	0.438
沃派音超	pos	0.438
泡桐树	pos	0.438
波茨坦	pos	0.438
洁玲	pos	0.438
淑华	pos	0.438
淳子	pos	0.438
爱坤	pos	0.438
爱超	pos	0.438
电贺	pos	0.438
疏密	pos	0.438
益寿	pos	0.438
祁连	pos	0.438
祝大美	pos	0.438
秋冬里	pos	0.438
笑醒	pos	0.438
紫玉兰	pos	0.438
绿葱葱	pos	0.438
美乐	pos	0.438
船帆	pos	0.438
节油	pos	0.438
袁总	pos	0.438
许绍洋	pos	0.438
贮藏	pos	0.438
超爱	pos	0.438
路易威	pos	0.438
轰动一时	pos	0.438
辛巴克	pos	0.438
邓雨琪	pos	0.438
邦威	pos	0.438
郑欣宜	pos	0.438
里古镇	pos	0.438
鑫坤	pos	0.438
银杯	pos	0.438
霜天	pos	0.438
非传统	pos	0.438
香浓	pos	0.438
麻麻和	pos	0.438
香奈儿	pos	0.438
老少咸宜	pos	0.438
沈碧	neg	0.437
惦记	pos	0.437
董璇	pos	0.437
长效	pos	0.437
心力交瘁	neg	0.436
出人命	neg	0.436
七零八碎	neg	0.436
亢进	neg	0.436
何解我	neg	0.436
前脑	neg	0.436
吾顺	neg	0.436
哲秀	neg	0.436
染房	neg	0.436
清梦	neg	0.436
科奥	neg	0.436
解我成	neg	0.436
试表	neg	0.436
超强度	neg	0.436
青紫	neg	0.436
腾腾震	neg	0.436
好声好气	neg	0.436
段林希	pos	0.436
海量	pos	0.436
笑一	pos	0.436
浏览器	pos	0.436
果香	pos	0.436
超龄	pos	0.435
一十八	pos	0.435
千阳	pos	0.435
名剧	pos	0.435
太阳膜	pos	0.435
宝妮	pos	0.435
寿诞	pos	0.435
收杆	pos	0.435
斯曼	pos	0.435
月球车	pos	0.435
朴政珉	pos	0.435
添加物	pos	0.435
爱西甲	pos	0.435
貂毛	pos	0.435
贤才	pos	0.435
过大年	pos	0.435
防尘罩	pos	0.435
黎族	pos	0.435
地址	pos	0.435
树梢	pos	0.435
天理	neg	0.434
胃酸	neg	0.434
结症	neg	0.434
永存	pos	0.434
绵密	pos	0.434
惜福	pos	0.434
公益	pos	0.434
前襟	pos	0.434
肌理	pos	0.434
银奖	pos	0.434
白事	neg	0.433
三天两头	neg	0.433
椰林	pos	0.433
佛国	pos	0.433
景美	pos	0.433
绵力	pos	0.433
草本植物	pos	0.433
葡萄藤	pos	0.433
飞瀑	pos	0.433
绘制	pos	0.433
克洛伊	pos	0.433
养气	pos	0.433
恒波	pos	0.433
文明号	pos	0.433
水晶晶	pos	0.433
百团大战	pos	0.433
科洛	pos	0.433
精盐	pos	0.433
超赞超	pos	0.433
针眼	neg	0.432
不通	neg	0.432
伊藤润	neg	0.432
几十几百	neg	0.432
失语症	neg	0.432
水器	neg	0.432
间脑	neg	0.432
字库	neg	0.432
冷震	neg	0.432
有苦难言	neg	0.432
贺图	pos	0.432
山茶花	pos	0.432
茶晶	pos	0.432
欧米茄	pos	0.432
万语千言	pos	0.432
彩球	pos	0.432
偷车贼	neg	0.431
骨膜炎	neg	0.431
润滑	pos	0.431
八方支援	pos	0.431
小试牛刀	pos	0.431
牛皮	pos	0.431
色泽	pos	0.431
大发	pos	0.431
魏一宁	pos	0.431
野霖	neg	0.43
游记	pos	0.43
抢先	pos	0.43
原文	pos	0.43
陪酒女	neg	0.429
血印	neg	0.429
石英表	pos	0.429
事业有成	pos	0.429
老年期	neg	0.428
无缘无故	neg	0.428
小小志	pos	0.428
持证	pos	0.428
有别于	pos	0.428
怎么得了	neg	0.427
胃镜	neg	0.427
溃疡	neg	0.427
微相册	pos	0.427
创办	pos	0.427
分站	pos	0.427
有志者	pos	0.427
西祠	pos	0.427
长青	pos	0.427
福禄	pos	0.427
罗兰	pos	0.427
咽炎	neg	0.426
头昏	neg	0.426
低烧	neg	0.426
刺绣	pos	0.426
大家庭	pos	0.426
总代理	pos	0.426
信惠	pos	0.426
帅帅帅	pos	0.426
庆祝会	pos	0.426
施比	pos	0.426
时代周刊	pos	0.426
比哈特	pos	0.426
沈氏	pos	0.426
熹宝	pos	0.426
祝我生	pos	0.426
秘闻	pos	0.426
踏歌	pos	0.426
队旗	pos	0.426
露珠	pos	0.426
荷叶	pos	0.426
莱丝	pos	0.426
秋冬	pos	0.426
吊针	neg	0.425
评理	neg	0.425
闵俊国	neg	0.425
针孔	neg	0.425
级差	neg	0.425
任选	pos	0.425
内径	pos	0.425
号令	pos	0.425
商住	pos	0.425
夏秋季	pos	0.425
季忆	pos	0.425
引航	pos	0.425
影视界	pos	0.425
暮鼓	pos	0.425
李锦	pos	0.425
柳芽	pos	0.425
王月	pos	0.425
琅勃拉邦	pos	0.425
纪兰熙	pos	0.425
绮雯	pos	0.425
聂鑫	pos	0.425
胡宇威	pos	0.425
赠给	pos	0.425
超新星	pos	0.425
越冬	pos	0.425
长隆万	pos	0.425
阿尔卑斯山脉	pos	0.425
首任	pos	0.425
张悦轩	pos	0.425
情报站	pos	0.425
鲜汤	pos	0.425
夏日	pos	0.425
多种	pos	0.425
张欣	pos	0.425
春来	pos	0.425
皮脂腺	pos	0.425
笑纳	pos	0.425
寒热	neg	0.424
奔命	neg	0.424
阿阿阿阿阿阿	neg	0.424
求救	neg	0.424
麻药	neg	0.424
三番五次	neg	0.424
血泡	neg	0.424
启航	pos	0.424
测速	pos	0.424
圆弧	pos	0.424
清洁度	pos	0.424
经典版	pos	0.424
采撷	pos	0.424
肩章	pos	0.424
本次	pos	0.424
纯中药	pos	0.424
品茗	pos	0.424
祖母绿	pos	0.424
心心	pos	0.424
品酒	pos	0.424
伸冤	neg	0.423
国际私法	neg	0.423
急症	neg	0.423
大中小	pos	0.423
款冬	pos	0.423
观展	pos	0.423
铁质	pos	0.423
新气象	pos	0.423
兆头	pos	0.423
送货上门	pos	0.423
旅行家	pos	0.423
嘶叫	neg	0.422
基片	neg	0.422
好桑	neg	0.422
瓦爱	neg	0.422
美素丽儿	neg	0.422
训仲	neg	0.422
配搭	pos	0.422
一见倾心	pos	0.422
百看不厌	pos	0.422
宫外孕	neg	0.421
连阴雨	neg	0.421
力荐	pos	0.421
三冠王	pos	0.421
下设	pos	0.421
东林	pos	0.421
东森	pos	0.421
丽思	pos	0.421
乐歌	pos	0.421
乐轩	pos	0.421
九寨	pos	0.421
云石	pos	0.421
仁孚	pos	0.421
代友	pos	0.421
伊思	pos	0.421
俊浩	pos	0.421
光粉	pos	0.421
克勤	pos	0.421
军政	pos	0.421
别动队	pos	0.421
包潮	pos	0.421
华菱	pos	0.421
历法	pos	0.421
双人跳	pos	0.421
发晶	pos	0.421
叶文	pos	0.421
吉川	pos	0.421
吴伯雄	pos	0.421
周元	pos	0.421
周冠军	pos	0.421
周大	pos	0.421
周宇	pos	0.421
周星弛	pos	0.421
唯一性	pos	0.421
喜车	pos	0.421
团体票	pos	0.421
塞纳河畔	pos	0.421
士河	pos	0.421
夏青	pos	0.421
多买多	pos	0.421
大睿	pos	0.421
天通银	pos	0.421
奥依亚依拉克	pos	0.421
妙丽	pos	0.421
姜武	pos	0.421
娇妈	pos	0.421
娜米	pos	0.421
宣传员	pos	0.421
宾哥	pos	0.421
寇驰	pos	0.421
小庆	pos	0.421
小淇	pos	0.421
小珍	pos	0.421
小鸿	pos	0.421
尹普美	pos	0.421
山岳	pos	0.421
山泉	pos	0.421
工业革命	pos	0.421
帅子	pos	0.421
广城	pos	0.421
庄心妍	pos	0.421
康王北路	pos	0.421
康鹏	pos	0.421
忍冬	pos	0.421
性平	pos	0.421
总教头	pos	0.421
悦木	pos	0.421
惠子	pos	0.421
慕斯	pos	0.421
成军	pos	0.421
成军日	pos	0.421
投融资	pos	0.421
拜大年	pos	0.421
拾壹	pos	0.421
挑射	pos	0.421
斯卡	pos	0.421
新滢	pos	0.421
无愧	pos	0.421
旭阳	pos	0.421
昆塔	pos	0.421
杨小宁	pos	0.421
杨小洋	pos	0.421
梅格尼	pos	0.421
正当年	pos	0.421
民革	pos	0.421
泰晤	pos	0.421
洛林	pos	0.421
淑萍	pos	0.421
炫亮	pos	0.421
烟酸	pos	0.421
焦阳	pos	0.421
爱基友	pos	0.421
爱崇光	pos	0.421
爱德	pos	0.421
爱永存	pos	0.421
爱花	pos	0.421
物换星移	pos	0.421
特福芬	pos	0.421
瑞兰	pos	0.421
瑞思	pos	0.421
生贺	pos	0.421
白蓝	pos	0.421
盐沼	pos	0.421
神乐	pos	0.421
福拉	pos	0.421
福泽	pos	0.421
绘画	pos	0.421
统战部	pos	0.421
耕牛	pos	0.421
艾路	pos	0.421
苑安	pos	0.421
蒂珂	pos	0.421
蓝燕	pos	0.421
蔓丝	pos	0.421
蝶形	pos	0.421
观海	pos	0.421
谢落	pos	0.421
贰零壹叁年	pos	0.421
赵公明	pos	0.421
转马	pos	0.421
迪宝	pos	0.421
迪尔马奇	pos	0.421
邓超太	pos	0.421
邓超孙	pos	0.421
邓鸣	pos	0.421
郎哥	pos	0.421
金银扣	pos	0.421
鑫宝	pos	0.421
针叶	pos	0.421
钓具	pos	0.421
钓鱼台国宾馆	pos	0.421
锦儿	pos	0.421
阿楞	pos	0.421
陈茜	pos	0.421
陈酒	pos	0.421
雅客	pos	0.421
雷励	pos	0.421
青芝	pos	0.421
靖雯	pos	0.421
飞翼	pos	0.421
馨宝	pos	0.421
卡地	pos	0.421
唐纳	pos	0.421
孔雀绿	pos	0.421
沙市区	pos	0.421
蔚蓝色	pos	0.421
生辉	pos	0.421
马仕	pos	0.421
塞车	neg	0.42
脸子	neg	0.42
折寿	neg	0.42
卡哇伊	pos	0.42
恩典	pos	0.42
用料	pos	0.42
青翠	pos	0.42
玫瑰色	pos	0.42
最低价	pos	0.42
代表队	pos	0.42
良师	pos	0.42
受罪	neg	0.419
拙计	neg	0.419
羊皮	pos	0.419
大奖	pos	0.419
一个恶	neg	0.418
一扣扣	neg	0.418
介壳	neg	0.418
仲林	neg	0.418
佐仲	neg	0.418
修辞学	neg	0.418
借方	neg	0.418
假案	neg	0.418
几千几千	neg	0.418
凿子	neg	0.418
升仙	neg	0.418
咽峡炎	neg	0.418
天朝真	neg	0.418
宏病毒	neg	0.418
心桑心	neg	0.418
摊派	neg	0.418
甘次真	neg	0.418
甘黎	neg	0.418
盗车人	neg	0.418
神经中枢	neg	0.418
缺斤短两	neg	0.418
老病号	neg	0.418
草字头	neg	0.418
郭四娘	neg	0.418
雷震醒	neg	0.418
霹雷	neg	0.418
静英英	neg	0.418
肿大	neg	0.418
专柜	pos	0.418
玛仕	pos	0.418
现房	pos	0.418
新春	pos	0.418
应采儿	pos	0.418
托斯卡纳	pos	0.418
林家	pos	0.418
水力	pos	0.418
贺寿	pos	0.418
黄忠	pos	0.418
童趣	pos	0.418
春色	pos	0.418
扬帆	pos	0.418
养护	pos	0.418
书协	pos	0.418
争创	pos	0.418
关颖	pos	0.418
内设	pos	0.418
嘉雯	pos	0.418
图猜	pos	0.418
并蒂	pos	0.418
愿心	pos	0.418
旧貌	pos	0.418
淑媛	pos	0.418
炜炜	pos	0.418
相持	pos	0.418
羊毛绒	pos	0.418
莒南	pos	0.418
萨瓦	pos	0.418
驱逐舰	pos	0.418
要人	neg	0.417
保险丝	neg	0.417
训佐	neg	0.417
流苏	pos	0.417
美白	pos	0.417
复制	pos	0.417
公主岭市	neg	0.416
片假名	neg	0.416
硝酸	neg	0.416
量刑	neg	0.416
前兆	neg	0.416
跃动	pos	0.416
兰芝	pos	0.416
干杯	pos	0.416
亮色	pos	0.416
资讯	pos	0.416
裙装	pos	0.416
获得者	pos	0.416
健健康康	pos	0.416
博文	pos	0.416
老化	pos	0.416
候诊	neg	0.415
孤苦	neg	0.415
尼玛多	neg	0.415
怒不可遏	neg	0.415
连发梦	neg	0.415
连部	neg	0.415
耳刮子	neg	0.415
特困户	neg	0.415
无以	pos	0.415
淡蓝	pos	0.415
赠予	pos	0.415
刘易斯	pos	0.415
尼龙布	pos	0.415
帅宝	pos	0.415
璇儿	pos	0.415
火气	neg	0.414
泪奔	neg	0.414
一个阶	pos	0.414
乡党	pos	0.414
亲近感	pos	0.414
刚玉	pos	0.414
卓洛	pos	0.414
变绿植	pos	0.414
古德奈	pos	0.414
可溶性	pos	0.414
哈斯	pos	0.414
哥林多	pos	0.414
复本	pos	0.414
大檐帽	pos	0.414
天森	pos	0.414
奥沙利	pos	0.414
婆坤	pos	0.414
小丹	pos	0.414
小妍	pos	0.414
常笑	pos	0.414
廿六	pos	0.414
忘年之交	pos	0.414
朝野	pos	0.414
朱德庸	pos	0.414
桃花村	pos	0.414
洛川	pos	0.414
王孙	pos	0.414
琨琨	pos	0.414
死罪	neg	0.413
止痛药	neg	0.413
鸿图	pos	0.413
交融	pos	0.413
影业	pos	0.413
文联	pos	0.413
活动月	pos	0.413
花瓣	pos	0.413
舞动	pos	0.413
恐惧症	neg	0.412
拉下马	neg	0.412
车仲	neg	0.412
透不过气	neg	0.412
魂淡	neg	0.412
塞牙	neg	0.412
晒图	pos	0.412
洁面	pos	0.412
实拍	pos	0.412
延缓	pos	0.412
套头衫	pos	0.412
配饰	pos	0.412
烧心	neg	0.411
何解	neg	0.411
又吾	neg	0.411
娄氏	neg	0.411
概预算	neg	0.411
病歪歪	neg	0.411
航叔	neg	0.411
解有	neg	0.411
闹病	neg	0.411
受凉	neg	0.411
犯得着	neg	0.411
一往直前	pos	0.411
亚细亚	pos	0.411
剪枝	pos	0.411
张美图	pos	0.411
水润润	pos	0.411
画院	pos	0.411
黑富美	pos	0.411
包容	pos	0.411
闪亮	pos	0.411
兔毛	pos	0.411
国奥	pos	0.411
合家欢	pos	0.411
水墨画	pos	0.411
王亚平	pos	0.411
先祝	pos	0.411
小桃	pos	0.411
心晴	pos	0.411
接地	pos	0.411
节骨眼	neg	0.41
恐惧感	neg	0.41
简翔棋	neg	0.41
打哆嗦	neg	0.41
胆囊炎	neg	0.41
挑战赛	pos	0.41
祛斑	pos	0.41
矿物油	pos	0.41
夏季	pos	0.41
视界	pos	0.41
料子	pos	0.409
低价位	pos	0.409
参加者	pos	0.409
心曲	pos	0.409
爱美	pos	0.409
胜景	pos	0.409
预装	pos	0.409
和和	pos	0.409
宝蓝	pos	0.409
文火	pos	0.409
院落	pos	0.409
安米娜	pos	0.409
有情人	pos	0.409
喷药	neg	0.408
慕言	neg	0.408
嗡嗡	neg	0.408
没命	neg	0.408
血崩	neg	0.408
药单	neg	0.408
免收	pos	0.408
最美	pos	0.408
耶耶耶耶	pos	0.408
嫩绿	pos	0.408
张馨予	pos	0.408
开波	pos	0.408
藏式	pos	0.408
异域	pos	0.408
做工	pos	0.408
弧形	pos	0.408
被占	neg	0.407
花色	pos	0.407
羊羔	pos	0.407
兼具	pos	0.407
添丁	pos	0.407
内参	pos	0.407
原创	pos	0.407
织物	pos	0.407
首战告捷	pos	0.407
专属	pos	0.407
真丝	pos	0.407
尾骨	neg	0.406
重写	neg	0.406
乳腺炎	neg	0.406
花红	pos	0.406
花香	pos	0.406
本金	pos	0.406
美酒	pos	0.406
饰品	pos	0.406
多功能	pos	0.406
一生一世	pos	0.406
蕴藏	pos	0.406
昏死	neg	0.405
喷嚏	neg	0.405
破财	neg	0.405
鼻涕	neg	0.405
胆汁	neg	0.405
时不再来	pos	0.405
清幽	pos	0.405
立体感	pos	0.405
仿古	pos	0.405
品读	pos	0.405
白霜	pos	0.405
苍天	neg	0.404
庆生	pos	0.404
收录	pos	0.404
铆钉	pos	0.404
风风雨雨	pos	0.404
波斯菊	pos	0.404
排错	neg	0.403
后怕	neg	0.403
共青团	pos	0.403
童心未泯	pos	0.403
竞猜	pos	0.403
酸痛	neg	0.402
药都	neg	0.402
猜猜	pos	0.402
一品锅	pos	0.402
三晋	pos	0.402
上传	pos	0.402
中国科协	pos	0.402
中富	pos	0.402
云福	pos	0.402
五仁	pos	0.402
亚姐	pos	0.402
交口称赞	pos	0.402
产学研	pos	0.402
人心生	pos	0.402
亿佰	pos	0.402
以弗所	pos	0.402
任海	pos	0.402
伟佳	pos	0.402
佩纳海	pos	0.402
佳明	pos	0.402
信高潮	pos	0.402
先秀	pos	0.402
克卜勒	pos	0.402
全党	pos	0.402
兰哥	pos	0.402
养颜茶	pos	0.402
冀中	pos	0.402
冉宝	pos	0.402
冰蓝	pos	0.402
凡尔	pos	0.402
出航	pos	0.402
刘昕	pos	0.402
刘火华	pos	0.402
千慧	pos	0.402
卡哈米	pos	0.402
卡布达	pos	0.402
即席	pos	0.402
史珍香	pos	0.402
吉维尼	pos	0.402
后弦	pos	0.402
吴彤	pos	0.402
咏叹	pos	0.402
哈施塔	pos	0.402
嘉莉	pos	0.402
回味	pos	0.402
团县委	pos	0.402
在渊	pos	0.402
大瑶	pos	0.402
好宇	pos	0.402
威妮	pos	0.402
威朗尼	pos	0.402
宇纲	pos	0.402
容儿	pos	0.402
宾主	pos	0.402
小力	pos	0.402
小彩	pos	0.402
小惠惠	pos	0.402
小竹	pos	0.402
尤佳	pos	0.402
展团	pos	0.402
山杏	pos	0.402
巧姐	pos	0.402
巨美	pos	0.402
布拉吉	pos	0.402
常来常	pos	0.402
年产量	pos	0.402
幽径	pos	0.402
底水	pos	0.402
康姆昂	pos	0.402
康帝	pos	0.402
康总	pos	0.402
康桑米达	pos	0.402
开式	pos	0.402
张开双	pos	0.402
张森	pos	0.402
战力品	pos	0.402
手迹	pos	0.402
扎巴依	pos	0.402
招财进	pos	0.402
拜迪蕾	pos	0.402
救险	pos	0.402
教子有方	pos	0.402
文俊	pos	0.402
文彩媛	pos	0.402
文歌	pos	0.402
料汁	pos	0.402
斜射	pos	0.402
无偿献血者	pos	0.402
晓芸	pos	0.402
朱兆丰	pos	0.402
机关干部	pos	0.402
李奕	pos	0.402
李子花	pos	0.402
李安真	pos	0.402
松枝	pos	0.402
柯柯	pos	0.402
桑托斯	pos	0.402
欧汉声	pos	0.402
武直	pos	0.402
毛周	pos	0.402
沙参	pos	0.402
泽文	pos	0.402
洪天明	pos	0.402
海英	pos	0.402
深情厚谊	pos	0.402
淼儿	pos	0.402
清云山	pos	0.402
滋儿	pos	0.402
爱梅西	pos	0.402
爱肯尼	pos	0.402
牟尼	pos	0.402
玉玲	pos	0.402
玛珂	pos	0.402
理县	pos	0.402
理发室	pos	0.402
璎珞	pos	0.402
田野	pos	0.402
盐池	pos	0.402
真喜	pos	0.402
社学	pos	0.402
祝明	pos	0.402
秋月明	pos	0.402
科比布莱恩特	pos	0.402
科科高	pos	0.402
稠密	pos	0.402
红潮	pos	0.402
纪年	pos	0.402
绵绸	pos	0.402
绽出	pos	0.402
罗勒叶	pos	0.402
美辰	pos	0.402
翩翩飞舞	pos	0.402
耕作	pos	0.402
育之恩	pos	0.402
自动步枪	pos	0.402
舍放	pos	0.402
艺宝	pos	0.402
苏公	pos	0.402
苏瑞	pos	0.402
英姐	pos	0.402
茂港区	pos	0.402
范统	pos	0.402
葛利	pos	0.402
藤田	pos	0.402
衡衡	pos	0.402
袋泡茶	pos	0.402
谢姐	pos	0.402
谷风	pos	0.402
豪雅	pos	0.402
貂裘	pos	0.402
贤夫	pos	0.402
贾晓晨	pos	0.402
赖月京	pos	0.402
赫莲娜	pos	0.402
越恩	pos	0.402
郑仁强	pos	0.402
郭正	pos	0.402
郭雪芙	pos	0.402
重理工	pos	0.402
金爵	pos	0.402
铜壶	pos	0.402
锁麟囊	pos	0.402
长明灯	pos	0.402
阿卡贝拉	pos	0.402
阿媛	pos	0.402
阿璞	pos	0.402
陇西	pos	0.402
雅妍	pos	0.402
静如	pos	0.402
首发式	pos	0.402
马代之	pos	0.402
高清美	pos	0.402
鹿鼎	pos	0.402
黄皮果	pos	0.402
龙婆炎	pos	0.402
一条龙	pos	0.402
不独	pos	0.402
东魁	pos	0.402
仲正	pos	0.402
伦青	pos	0.402
兼并	pos	0.402
冬雷震震	pos	0.402
千家	pos	0.402
喻为	pos	0.402
巧迪	pos	0.402
巴萨罗	pos	0.402
弗拉明戈	pos	0.402
念安	pos	0.402
振锁	pos	0.402
捕头	pos	0.402
捕捞	pos	0.402
撒种	pos	0.402
攀西	pos	0.402
春蕾	pos	0.402
景泰蓝	pos	0.402
林志炫来	pos	0.402
柳燕	pos	0.402
武小艺	pos	0.402
登临	pos	0.402
白洁	pos	0.402
百嘉乐	pos	0.402
矿坑	pos	0.402
秀之	pos	0.402
精工细作	pos	0.402
糖馅	pos	0.402
绣品	pos	0.402
罗伯特帕丁森	pos	0.402
罗家英	pos	0.402
美宝	pos	0.402
花花童	pos	0.402
助学	pos	0.402
叶诗文	pos	0.402
太空人	pos	0.402
小得	pos	0.402
廿二	pos	0.402
摆式	pos	0.402
施乐	pos	0.402
格瓦	pos	0.402
油垢	pos	0.402
溪妈	pos	0.402
澳州	pos	0.402
红场	pos	0.402
绒球	pos	0.402
蜜桔	pos	0.402
贝贝熊	pos	0.402
邓超真	pos	0.402
雪梅娘	pos	0.402
青岩	pos	0.402
配戴	pos	0.402
详图	pos	0.402
巡展	pos	0.402
阿芙	pos	0.402
加盟	pos	0.402
好不容易	neg	0.401
佛牌	pos	0.401
散架	neg	0.4
一学妹	neg	0.4
一路货	neg	0.4
一点开	neg	0.4
九点三	neg	0.4
允恪	neg	0.4
光长	neg	0.4
八点九	neg	0.4
卡斯特梅	neg	0.4
卡里木	neg	0.4
取值	neg	0.4
哀鸣	neg	0.4
噶里	neg	0.4
坎比亚索	neg	0.4
塔马	neg	0.4
塞米松	neg	0.4
好吾	neg	0.4
好训	neg	0.4
官架子	neg	0.4
差差	neg	0.4
徐美	neg	0.4
抵押物	neg	0.4
核销	neg	0.4
消炎片	neg	0.4
甘准	neg	0.4
申通真	neg	0.4
碴儿	neg	0.4
程表	neg	0.4
贷方	neg	0.4
路仲	neg	0.4
通气	neg	0.4
长豆豆	neg	0.4
陆二	neg	0.4
马雨	neg	0.4
一开学	neg	0.4
何月先	neg	0.4
工架	neg	0.4
无铭	neg	0.4
欠账	neg	0.4
死症	neg	0.4
电耗	neg	0.4
碰钉子	neg	0.4
胡子长	neg	0.4
咳嗽	neg	0.4
为森	neg	0.4
令人堪忧	neg	0.4
张嘉平	neg	0.4
风疹	neg	0.4
粘乎乎	neg	0.4
商检	neg	0.4
潜伏期	neg	0.4
风湿痛	neg	0.4
一二点	neg	0.4
夜盲	neg	0.4
本届	pos	0.4
春意	pos	0.4
置业	pos	0.4
年礼	pos	0.4
风情	pos	0.4
吴俊余	pos	0.4
被盗	neg	0.399
低血糖	neg	0.399
天书	neg	0.399
布艺	pos	0.399
赵奕欢	pos	0.399
划算	pos	0.399
利利	pos	0.399
苦差	neg	0.398
带宽	pos	0.398
批发价	pos	0.398
质料	pos	0.398
绿荫	pos	0.398
锡锡	pos	0.398
探寻	pos	0.398
放飞	pos	0.398
首创	pos	0.398
圣灵	pos	0.398
留声机	pos	0.398
阿嚏	neg	0.397
猝死	neg	0.397
腹痛	neg	0.397
打喷嚏	neg	0.397
岁岁	pos	0.397
童颜	pos	0.397
彭帅	pos	0.397
康桑密达	pos	0.397
暮春	pos	0.397
水溶性	pos	0.397
阡陌	pos	0.397
任君	pos	0.397
聚拢	pos	0.397
受刑	neg	0.396
血迹	neg	0.396
活路	neg	0.396
募款	pos	0.396
宣传周	pos	0.396
强强联合	pos	0.396
教育展	pos	0.396
献血者	pos	0.396
紫晶	pos	0.396
罗意威	pos	0.396
钰钰	pos	0.396
马超	pos	0.396
狂欢夜	pos	0.396
流行色	pos	0.396
参展	pos	0.396
草尼马	neg	0.395
通身	neg	0.395
牙龈	neg	0.395
布洛芬	neg	0.395
不好过	neg	0.395
风帆	pos	0.395
青协	pos	0.395
电力局	neg	0.394
磁共振	neg	0.394
钟训	neg	0.394
邀请赛	pos	0.394
传情	pos	0.394
任家萱	pos	0.394
信笺	pos	0.394
利利哈	pos	0.394
哈森	pos	0.394
嘉人	pos	0.394
布尔	pos	0.394
心芝士	pos	0.394
游资	pos	0.394
苏芙蕾	pos	0.394
苹果酸	pos	0.394
赤霞	pos	0.394
金亮亮	pos	0.394
阿里嘎	pos	0.394
面议	pos	0.394
精工	pos	0.394
格调	pos	0.394
我爱	pos	0.394
探秘	pos	0.394
唯美	pos	0.394
你中有我	pos	0.394
寻访	pos	0.394
财宝	pos	0.394
麦迪逊	pos	0.394
鼻窦炎	neg	0.393
大小写	neg	0.393
引产	neg	0.393
杳无音信	neg	0.393
热力学	neg	0.393
马木	neg	0.393
皓博	neg	0.393
蟑螂	neg	0.393
风湿病	neg	0.393
憨态可掬	pos	0.393
柒柒	pos	0.393
天道酬勤	pos	0.393
从从容容	pos	0.393
发毛	neg	0.392
苦逼	neg	0.392
坐骨神经	neg	0.392
晨七甘	neg	0.392
右眼	neg	0.392
薪火	pos	0.392
家居	pos	0.392
万众	pos	0.392
鼎力相助	pos	0.392
电镀	pos	0.392
糖蜜	pos	0.392
超霸	pos	0.392
涤纶	pos	0.392
发高烧	neg	0.391
世系	neg	0.391
几百几百	neg	0.391
徐某	neg	0.391
行列式	neg	0.391
震醒	neg	0.391
领口	pos	0.391
欧豪	pos	0.391
超常	pos	0.391
宝格丽	pos	0.391
丝绒	pos	0.391
五福临	pos	0.391
农展馆	pos	0.391
小欧	pos	0.391
微循环	pos	0.391
抗敏	pos	0.391
播撒	pos	0.391
楠木	pos	0.391
风霜雨雪	pos	0.391
吸附	pos	0.391
尼玛他	neg	0.39
膝盖骨	neg	0.39
余香	pos	0.39
出访	pos	0.39
纯天然	pos	0.39
乐音	pos	0.39
倪旺	pos	0.39
兰子	pos	0.39
凡夫	pos	0.39
助残	pos	0.39
叁月	pos	0.39
启辰	pos	0.39
哲思	pos	0.39
国家税务总局	pos	0.39
大学堂	pos	0.39
好爱	pos	0.39
宁河	pos	0.39
宝莉	pos	0.39
小到中雪	pos	0.39
小宣	pos	0.39
尚品	pos	0.39
尼加拉瓜	pos	0.39
庭妮	pos	0.39
思黎	pos	0.39
悦椿	pos	0.39
文先森	pos	0.39
新闻奖	pos	0.39
梁梁	pos	0.39
梦洁	pos	0.39
森阿	pos	0.39
海堤	pos	0.39
煜伦	pos	0.39
百武西	pos	0.39
省却	pos	0.39
睦邻	pos	0.39
礼拜堂	pos	0.39
福人	pos	0.39
福旺	pos	0.39
第三产业	pos	0.39
经济区	pos	0.39
翠鸟	pos	0.39
花敬佛	pos	0.39
苏福	pos	0.39
莫道君	pos	0.39
造林	pos	0.39
阿宗	pos	0.39
阿迪斯	pos	0.39
附着力	pos	0.39
陆小	pos	0.39
陈璐	pos	0.39
陈鑫	pos	0.39
雅倩	pos	0.39
黔东南	pos	0.39
托付	pos	0.39
男式	pos	0.39
一本万利	pos	0.39
嬉水	pos	0.39
镀膜	pos	0.39
高俊熙	pos	0.39
利品	pos	0.39
痛不欲生	neg	0.389
撤诉	neg	0.389
心田	pos	0.389
夹克	pos	0.389
施华洛	pos	0.389
起航	pos	0.389
巴丹	pos	0.389
扬鞭	pos	0.389
献艺	pos	0.389
纷呈	pos	0.389
艳儿	pos	0.389
萨米	pos	0.389
菱形	pos	0.389
袖口	pos	0.389
憨笑	pos	0.389
蜂毒	pos	0.389
面交	pos	0.389
烹制	pos	0.389
炸掉	neg	0.388
五彩斑斓	pos	0.388
各界	pos	0.388
个性化	pos	0.388
呐喊助威	pos	0.388
草编	pos	0.388
林间	pos	0.388
沙龙	pos	0.388
念日	pos	0.388
力哈	pos	0.388
女子组	pos	0.388
调匀	pos	0.388
范儿	pos	0.388
乐一乐	pos	0.388
十年磨一剑	pos	0.388
太开森	pos	0.388
德约科维奇	pos	0.388
纯白	pos	0.388
花青素	pos	0.388
任小三	neg	0.387
告警	neg	0.387
安乃近	neg	0.387
广兰	neg	0.387
心人	neg	0.387
扬沙	neg	0.387
欧文	neg	0.387
牛二虎	neg	0.387
皮包公司	neg	0.387
羞耻感	neg	0.387
老子非	neg	0.387
阑尾炎	neg	0.387
历久弥新	pos	0.387
相映	pos	0.387
阿里嘎多	pos	0.387
样片	pos	0.387
马德	neg	0.386
脱臼	neg	0.386
发痒	neg	0.386
恩格尔	neg	0.386
挂号处	neg	0.386
筒裤	pos	0.386
金盏花	pos	0.386
预购	pos	0.386
赵丽颖	pos	0.386
温润	pos	0.386
天涯海角	pos	0.386
终身伴侣	pos	0.386
藤井莉娜	pos	0.386
青联	pos	0.386
水墨	pos	0.386
藏青	pos	0.386
爱意	pos	0.386
乐师	pos	0.386
娴娴	pos	0.386
毕淑敏	pos	0.386
砂石	pos	0.386
祝语	pos	0.386
经典作品	pos	0.386
高雄市	pos	0.386
胳膊肘	neg	0.385
力山	neg	0.385
虫牙	neg	0.385
角膜炎	neg	0.385
祈愿	pos	0.385
五味子	pos	0.385
伊莎贝拉	pos	0.385
伊顿	pos	0.385
傅家俊	pos	0.385
史蒂芬	pos	0.385
各市	pos	0.385
名匠	pos	0.385
四维彩超	pos	0.385
土灶	pos	0.385
季冠霖	pos	0.385
小冰冰	pos	0.385
小雄	pos	0.385
山桃	pos	0.385
抒写	pos	0.385
时年	pos	0.385
欧尼欧尼	pos	0.385
瓦舍	pos	0.385
白桦	pos	0.385
祝祝祝	pos	0.385
诺曼	pos	0.385
集团军	pos	0.385
晨宇	pos	0.385
胡萝卜素	pos	0.385
夏装	pos	0.385
到来之际	pos	0.385
家居服	pos	0.385
皮具	pos	0.385
男士	pos	0.385
无用功	neg	0.384
阿阿阿阿阿	neg	0.384
淋巴结	neg	0.384
世奇	pos	0.384
风貌	pos	0.384
品茶	pos	0.384
光气	pos	0.384
香嫩	pos	0.384
光临	pos	0.384
恤衫	pos	0.384
雨雨雨	neg	0.383
车胎	neg	0.383
格式化	neg	0.383
巨雷	neg	0.383
养颜	pos	0.383
经典之作	pos	0.383
花球	pos	0.383
理事会	pos	0.383
中高档	pos	0.383
北极光	pos	0.383
各显神通	pos	0.383
工委	pos	0.383
暗花	pos	0.383
晚节	neg	0.382
简答题	neg	0.382
粗口	neg	0.382
生物钟	neg	0.382
形式化	neg	0.382
月子病	neg	0.382
毛微	neg	0.382
暖心	pos	0.382
子午	pos	0.382
平光镜	pos	0.382
志同道合者	pos	0.382
毛料	pos	0.382
相先	pos	0.382
祝某	pos	0.382
跳闸	neg	0.381
巴适	pos	0.381
齐全	pos	0.381
专题讲座	pos	0.381
问安	pos	0.381
镜面	pos	0.381
选拔赛	pos	0.381
蝴蝶结	pos	0.381
行通济	pos	0.381
冬日	pos	0.381
倒入	pos	0.381
讲堂	pos	0.381
一百五六十	pos	0.381
一萌	pos	0.381
专一性	pos	0.381
专集	pos	0.381
东丽	pos	0.381
东正教	pos	0.381
东道	pos	0.381
丝糕	pos	0.381
中孝介	pos	0.381
丹宁	pos	0.381
二二三四	pos	0.381
二氧化硅	pos	0.381
人物奖	pos	0.381
人造板	pos	0.381
仝正国	pos	0.381
伟峰	pos	0.381
何园	pos	0.381
余小渔	pos	0.381
佳利	pos	0.381
俊基	pos	0.381
倪好	pos	0.381
元华	pos	0.381
兄嫂	pos	0.381
兰芝雪	pos	0.381
军魂	pos	0.381
农技	pos	0.381
刘美丽	pos	0.381
创汇	pos	0.381
劳恩斯	pos	0.381
南红	pos	0.381
古力娜扎	pos	0.381
古莫宁	pos	0.381
叩响	pos	0.381
史迪	pos	0.381
吉吉木	pos	0.381
吴冠中	pos	0.381
吴奇龙	pos	0.381
吴桥	pos	0.381
和春春	pos	0.381
和晶晶	pos	0.381
唐骏	pos	0.381
嘉娜	pos	0.381
嘉颖	pos	0.381
四连	pos	0.381
国强	pos	0.381
圣瓦伦丁	pos	0.381
墙布	pos	0.381
夏安	pos	0.381
夏宫	pos	0.381
夏川	pos	0.381
大切诺基	pos	0.381
奇奇	pos	0.381
姚贝儿	pos	0.381
姬秋丽	pos	0.381
威士意	pos	0.381
威虎山	pos	0.381
婆婷	pos	0.381
婆本	pos	0.381
婉怡	pos	0.381
子妹	pos	0.381
孙佳奇	pos	0.381
学起	pos	0.381
安塞	pos	0.381
宗哥	pos	0.381
宝能	pos	0.381
宝蓝海	pos	0.381
实心实意	pos	0.381
家有	pos	0.381
容声	pos	0.381
宿城区	pos	0.381
密报	pos	0.381
小喻	pos	0.381
小奇奇	pos	0.381
小漂	pos	0.381
小蔓	pos	0.381
小贞	pos	0.381
小邦	pos	0.381
小阳	pos	0.381
小霖	pos	0.381
尧宝	pos	0.381
尼尔森	pos	0.381
尽心竭力	pos	0.381
巡航导弹	pos	0.381
工作部	pos	0.381
巴塞隆	pos	0.381
希声	pos	0.381
希慎	pos	0.381
庆安	pos	0.381
庆源	pos	0.381
康园	pos	0.381
康康康	pos	0.381
建管	pos	0.381
张怡筠	pos	0.381
张羚	pos	0.381
归航	pos	0.381
徐晨	pos	0.381
德班	pos	0.381
怀森	pos	0.381
恩彩	pos	0.381
我秀	pos	0.381
搭腰	pos	0.381
文珊	pos	0.381
斯图加	pos	0.381
斯特拉斯堡	pos	0.381
新景点	pos	0.381
新蒲	pos	0.381
昱儿	pos	0.381
显白	pos	0.381
景芝	pos	0.381
望城县	pos	0.381
朱诺	pos	0.381
朱迅	pos	0.381
朴寒星	pos	0.381
李维	pos	0.381
李霄	pos	0.381
杨梓	pos	0.381
林希	pos	0.381
林鹏	pos	0.381
查理布朗	pos	0.381
梁爽	pos	0.381
梦姐	pos	0.381
梦飞	pos	0.381
楠妹	pos	0.381
欣儿	pos	0.381
欧巴刚	pos	0.381
欧根莎	pos	0.381
歼击机	pos	0.381
比萨饼	pos	0.381
毛先森	pos	0.381
民谚	pos	0.381
江小白	pos	0.381
汤力水	pos	0.381
沙鸥	pos	0.381
河正宇	pos	0.381
沿革	pos	0.381
法方	pos	0.381
洋宝	pos	0.381
淑琴	pos	0.381
焕白	pos	0.381
燕哥	pos	0.381
爱大	pos	0.381
爱夫	pos	0.381
爱耶	pos	0.381
爱詹姆斯	pos	0.381
玉清	pos	0.381
玉露	pos	0.381
王文志	pos	0.381
玛蒂尔达	pos	0.381
用房	pos	0.381
画船	pos	0.381
白塔山	pos	0.381
皮宝	pos	0.381
直选	pos	0.381
石锁	pos	0.381
秀图	pos	0.381
简小凌	pos	0.381
米宝	pos	0.381
米纳	pos	0.381
精品屋	pos	0.381
纽博格林	pos	0.381
经营权	pos	0.381
缅因州	pos	0.381
罗晋宁	pos	0.381
肖先森	pos	0.381
脂油	pos	0.381
艾特哈	pos	0.381
芝士意	pos	0.381
花样游泳	pos	0.381
花盛	pos	0.381
花顺	pos	0.381
苗正平	pos	0.381
苤蓝	pos	0.381
英石	pos	0.381
莎娜	pos	0.381
莱迪	pos	0.381
葱翠	pos	0.381
薄酒	pos	0.381
虎哥	pos	0.381
表面张力	pos	0.381
袁咏琳	pos	0.381
褐藻	pos	0.381
西凤酒	pos	0.381
西姐	pos	0.381
西泠	pos	0.381
西红	pos	0.381
让茶	pos	0.381
讲师团	pos	0.381
贝迪斯	pos	0.381
赵谨	pos	0.381
车爽	pos	0.381
软饮料	pos	0.381
辉石	pos	0.381
达日	pos	0.381
迎春	pos	0.381
郑强	pos	0.381
酌量	pos	0.381
酒曲	pos	0.381
里布	pos	0.381
金亮	pos	0.381
金吉列	pos	0.381
钰婷	pos	0.381
铁男	pos	0.381
锦缎	pos	0.381
镜泊湖	pos	0.381
阿娴	pos	0.381
阿菁	pos	0.381
陈美嘉	pos	0.381
陈胜	pos	0.381
陈霜霜	pos	0.381
雏型	pos	0.381
雕塑	pos	0.381
露西亚	pos	0.381
韩惠珍	pos	0.381
顾小白	pos	0.381
马洛	pos	0.381
马萌	pos	0.381
高悬	pos	0.381
鸿篇	pos	0.381
鸿顺	pos	0.381
黎雪	pos	0.381
黛米	pos	0.381
龙则灵	pos	0.381
锦囊	pos	0.381
麻疹	neg	0.38
酸疼	neg	0.38
左腿	neg	0.38
劳碌	neg	0.38
生疼	neg	0.38
口疮	neg	0.38
晓玲	pos	0.38
休憩	pos	0.38
卵磷脂	pos	0.38
美伦	pos	0.38
郭子睿	pos	0.38
钊钊	pos	0.38
苹果绿	pos	0.38
臀围	pos	0.38
相伴	pos	0.38
代金	pos	0.38
昏昏沉沉	neg	0.379
一个面	neg	0.379
一身身	neg	0.379
七点七	neg	0.379
于是刚	neg	0.379
五天	neg	0.379
人知	neg	0.379
侯才能	neg	0.379
充军	neg	0.379
冲床	neg	0.379
切力	neg	0.379
劳动部门	neg	0.379
十一点四十五	neg	0.379
又木	neg	0.379
受体	neg	0.379
受制于人	neg	0.379
埂子	neg	0.379
塑料绳	neg	0.379
墨线	neg	0.379
夏迎春	neg	0.379
天老	neg	0.379
夹板气	neg	0.379
季华	neg	0.379
季华路	neg	0.379
宜州市	neg	0.379
家先知	neg	0.379
引咎辞职	neg	0.379
抽头	neg	0.379
染毒	neg	0.379
甘大雷	neg	0.379
电话局	neg	0.379
秦镇	neg	0.379
简易房	neg	0.379
罗柏	neg	0.379
老珠	neg	0.379
警惕心	neg	0.379
费尽九	neg	0.379
跌交	neg	0.379
车开成	neg	0.379
送丧	neg	0.379
采样	neg	0.379
钟先训	neg	0.379
铁屑	neg	0.379
阿斯玛	neg	0.379
陈寨	neg	0.379
陈辰全	neg	0.379
雷得	neg	0.379
韦某	neg	0.379
光荣感	neg	0.379
灵珊	neg	0.379
看不上眼	neg	0.379
机器声	neg	0.379
脑震荡	neg	0.379
虎头	pos	0.379
浓密	pos	0.379
成功者	pos	0.379
丝光	pos	0.379
毫安	pos	0.379
优惠券	pos	0.379
调制	pos	0.379
赐福	pos	0.379
急诊	neg	0.378
瘫软	neg	0.378
舒适度	pos	0.378
花盒	pos	0.378
家眷	pos	0.378
质量上乘	pos	0.378
凄凄惨惨	neg	0.377
负罪感	neg	0.377
阑尾	neg	0.377
拉稀	neg	0.377
综合症	neg	0.377
乌央乌央	neg	0.377
信用证	neg	0.377
开锁	neg	0.377
得训	neg	0.377
打药	neg	0.377
丽颖	pos	0.377
小欣欣	pos	0.377
江云	pos	0.377
沁入	pos	0.377
力挺	pos	0.377
清凉凉	pos	0.377
搭载	pos	0.377
精华液	pos	0.377
乌篷船	pos	0.377
仲春	pos	0.377
允远	pos	0.377
农资	pos	0.377
出版物	pos	0.377
剧务	pos	0.377
力姐	pos	0.377
又平	pos	0.377
又超	pos	0.377
名位	pos	0.377
始创	pos	0.377
婉莹	pos	0.377
宏宇	pos	0.377
密歇根州	pos	0.377
左膀右臂	pos	0.377
布拉德	pos	0.377
师团	pos	0.377
康体	pos	0.377
彩画	pos	0.377
德尔波特罗	pos	0.377
志愿队	pos	0.377
怡然自乐	pos	0.377
战罢	pos	0.377
撒播	pos	0.377
教职员工	pos	0.377
杜德伟	pos	0.377
校党委	pos	0.377
欧小豪	pos	0.377
泰京哥	pos	0.377
清水河县	pos	0.377
湖岸	pos	0.377
用之不竭	pos	0.377
罗莱	pos	0.377
耄耋之年	pos	0.377
肖旭	pos	0.377
花序	pos	0.377
苏斌	pos	0.377
蜀绣	pos	0.377
袁岳	pos	0.377
认捐	pos	0.377
谢楠	pos	0.377
赛亚	pos	0.377
进群	pos	0.377
钟楚红	pos	0.377
长洲	pos	0.377
雷鹏	pos	0.377
麻纱	pos	0.377
名模	pos	0.377
乌发	pos	0.377
穴居	pos	0.377
钱真	neg	0.376
闭卷	neg	0.376
浆糊	neg	0.376
奸杀	neg	0.376
结构力学	neg	0.376
蛋疼	neg	0.376
柏然	pos	0.376
白兰花	pos	0.376
迎春花	pos	0.376
升空	pos	0.376
季军	pos	0.376
莱芜	pos	0.376
纪念日	pos	0.376
参与	pos	0.376
嫩黄色	pos	0.376
黄褐斑	pos	0.376
琥珀	pos	0.376
飘香	pos	0.376
阿西	neg	0.375
零零一	neg	0.375
挂失	neg	0.375
仲比人	neg	0.375
包身工	neg	0.375
发飚	neg	0.375
好长	neg	0.375
方程组	neg	0.375
水力学	neg	0.375
热都热	neg	0.375
说法不一	neg	0.375
钻床	neg	0.375
降职	neg	0.375
马阿	neg	0.375
骑虎难下	neg	0.375
共有	pos	0.375
回眸	pos	0.375
大张	pos	0.375
硕果累累	pos	0.375
一见如故	pos	0.375
手提包	pos	0.375
乐居	pos	0.375
彭丽媛	pos	0.375
丝丝缕缕	pos	0.375
光好	pos	0.375
刘仁娜	pos	0.375
参考价	pos	0.375
参观者	pos	0.375
参阅	pos	0.375
取长补短	pos	0.375
国际级	pos	0.375
墨香	pos	0.375
夏达	pos	0.375
太庙	pos	0.375
太鲁阁	pos	0.375
子君	pos	0.375
宣传日	pos	0.375
小非	pos	0.375
朱迪	pos	0.375
特聘	pos	0.375
百天照	pos	0.375
红枫	pos	0.375
红河	pos	0.375
纪念物	pos	0.375
细微处	pos	0.375
腾格里	pos	0.375
蓝宝	pos	0.375
蜂蜡	pos	0.375
谢拉	pos	0.375
达意	pos	0.375
隆哥	pos	0.375
领款	pos	0.375
焦味	neg	0.374
喉炎	neg	0.374
上火	neg	0.374
嘉娜宝	pos	0.374
小婷婷	pos	0.374
春秋	pos	0.374
朴先森	pos	0.374
火山岩	pos	0.374
福将	pos	0.374
金凤凰	pos	0.374
花蕾	pos	0.374
佛法	pos	0.374
粉白	pos	0.374
绿松石	pos	0.374
货品	pos	0.374
一样爱	pos	0.374
伯尼	pos	0.374
小岚	pos	0.374
延寿	pos	0.374
春华秋实	pos	0.374
李俊秀	pos	0.374
陈彦	pos	0.374
鳟鱼	pos	0.374
一头雾	neg	0.373
学文	neg	0.373
张爱国	neg	0.373
怒号	neg	0.373
洗吾	neg	0.373
瑞坦	neg	0.373
黄连素	neg	0.373
马勒	neg	0.373
堪忧	neg	0.373
错话	neg	0.373
新作	pos	0.373
挂包	pos	0.373
袁绍	pos	0.373
马内利	pos	0.373
底片	pos	0.373
翠绿	pos	0.373
名厨	pos	0.373
编发	pos	0.373
仲夏	pos	0.373
荧光粉	pos	0.373
传祺	pos	0.373
悔过书	pos	0.373
舰艇	pos	0.373
生肖	pos	0.373
干细胞	pos	0.373
打吊针	neg	0.372
火烧火燎	neg	0.372
淤血	neg	0.372
脚后跟	neg	0.372
吾好	neg	0.372
颅骨	neg	0.372
何年	neg	0.372
离题	neg	0.372
泰戈尔	pos	0.372
蓝蓝	pos	0.372
维他命	pos	0.372
锵锵	pos	0.372
防风	pos	0.372
贤内助	pos	0.372
爆笑	pos	0.372
源自	pos	0.372
笔记本	pos	0.372
常驻	pos	0.372
梢头	pos	0.372
峰会	pos	0.372
微粒	pos	0.372
拂面	pos	0.372
释迦牟尼	pos	0.372
苏志燮	pos	0.372
辉灿	pos	0.372
撒手不管	neg	0.371
议论文	neg	0.371
步步高	pos	0.371
黑色素	pos	0.371
开怀大笑	pos	0.371
新风	pos	0.371
真皮	pos	0.371
宣言	pos	0.371
尺寸	pos	0.371
浓烟滚滚	neg	0.37
酸软	neg	0.37
卡玛	pos	0.37
丽人	pos	0.37
互帮互助	pos	0.37
佛手	pos	0.37
炫目	pos	0.37
姚晨	pos	0.37
常乐	pos	0.37
尖头	pos	0.37
白嫩	pos	0.37
尽收眼底	pos	0.37
降生	pos	0.37
活活	neg	0.369
孤苦伶仃	neg	0.369
马原	neg	0.369
双氧水	neg	0.369
阿尼玛	neg	0.369
划伤	neg	0.369
流食	neg	0.369
清泉	pos	0.369
蒜末	pos	0.369
尿酸	pos	0.369
名师	pos	0.369
毛孔	pos	0.369
按扣	pos	0.369
上联	pos	0.369
展位	pos	0.369
前途无量	pos	0.369
雨过天晴	pos	0.369
全家福	pos	0.369
乐同乐	pos	0.369
布里斯班	pos	0.369
成东青	pos	0.369
绿树成荫	pos	0.369
清爽型	pos	0.369
片式	pos	0.369
菖蒲	pos	0.369
回头客	pos	0.369
贝玲	pos	0.369
晴空万里	pos	0.369
昏花	neg	0.368
补牙	neg	0.368
访谈录	pos	0.368
白玉兰	pos	0.368
先河	pos	0.368
市话	pos	0.368
林欣彤	pos	0.368
趣味性	pos	0.368
首演	pos	0.368
益智	pos	0.368
刑场	neg	0.367
高烧	neg	0.367
腿肚子	neg	0.367
中暑	neg	0.367
道我	neg	0.367
鼻血	neg	0.367
风景线	pos	0.367
伯尔尼	pos	0.367
南加州	pos	0.367
坦桑	pos	0.367
小辛	pos	0.367
小露	pos	0.367
扶桑	pos	0.367
盘石	pos	0.367
紧邻	pos	0.367
肯尼氏	pos	0.367
辽源	pos	0.367
唱响	pos	0.367
同喜	pos	0.367
珂珂	pos	0.367
绵薄	pos	0.367
厅堂	pos	0.367
明明	neg	0.366
血流	neg	0.366
停刊	neg	0.366
寒毛	neg	0.366
传统行业	pos	0.366
俊宇	pos	0.366
光辉灿烂	pos	0.366
力拉	pos	0.366
古意	pos	0.366
同声	pos	0.366
君诺	pos	0.366
大红人	pos	0.366
奥林匹亚	pos	0.366
婚俗	pos	0.366
安又琪	pos	0.366
宣传月	pos	0.366
建设者	pos	0.366
滩涂	pos	0.366
爷生	pos	0.366
牛尔	pos	0.366
王仕鹏	pos	0.366
玛丽黛佳	pos	0.366
百万分之一	pos	0.366
皮领	pos	0.366
福佑	pos	0.366
纳智捷	pos	0.366
花园式	pos	0.366
轴距	pos	0.366
霜叶	pos	0.366
多样	pos	0.366
平平安安	pos	0.366
俱全	pos	0.366
秋季	pos	0.366
桃红	pos	0.366
经久	pos	0.366
生性	pos	0.366
财气	pos	0.366
黄晓明	pos	0.366
到货	pos	0.366
灵堂	neg	0.365
钟醒来	neg	0.365
脚脖子	neg	0.365
收藏家	pos	0.365
福禄寿	pos	0.365
黄铜	pos	0.365
羞答答	pos	0.365
专区	pos	0.365
一等奖	pos	0.365
早安	pos	0.365
演奏家	pos	0.365
玳瑁	pos	0.365
朴正洙	pos	0.365
公德	neg	0.364
种蛋	neg	0.364
醒佐	neg	0.364
水痘	neg	0.364
两点五十	neg	0.364
锐捷	neg	0.364
隔音	neg	0.364
小珊	pos	0.364
总工会	pos	0.364
桃胶	pos	0.364
表演艺术家	pos	0.364
嫩黄	pos	0.364
菜园子	pos	0.364
交杯酒	pos	0.364
小照	pos	0.364
备齐	pos	0.364
西甘	neg	0.363
刺鼻	neg	0.363
蚊香	neg	0.363
一刚	neg	0.363
化学式	neg	0.363
断档	neg	0.363
瑞郎	neg	0.363
病假条	neg	0.363
嚎哭	neg	0.363
就地取材	pos	0.363
惊喜万分	pos	0.363
沙棘	pos	0.363
活命	pos	0.363
厚度	pos	0.363
网罗	pos	0.363
木棉花	pos	0.363
小户	pos	0.363
树影	pos	0.363
小店	pos	0.363
一种态	pos	0.363
五原	pos	0.363
亚当斯	pos	0.363
佛事	pos	0.363
侗寨	pos	0.363
倡导者	pos	0.363
六鳌	pos	0.363
农舍	pos	0.363
刘云山	pos	0.363
十年树木	pos	0.363
南风	pos	0.363
卡钳	pos	0.363
吟咏	pos	0.363
周强	pos	0.363
哈密市	pos	0.363
喀纳斯湖	pos	0.363
因斯布鲁克	pos	0.363
大通道	pos	0.363
大郅	pos	0.363
大铭	pos	0.363
孟孟	pos	0.363
容错	pos	0.363
布蕾	pos	0.363
心哈	pos	0.363
思涵	pos	0.363
惠姐	pos	0.363
斑痕	pos	0.363
新喜	pos	0.363
旧作	pos	0.363
昕儿	pos	0.363
晓欣	pos	0.363
李菲	pos	0.363
林志炫太	pos	0.363
毛新宇	pos	0.363
注解	pos	0.363
流云	pos	0.363
温斯顿	pos	0.363
熊乃瑾	pos	0.363
爱丽丝	pos	0.363
生胶	pos	0.363
田喜碧	pos	0.363
第七十	pos	0.363
第五百	pos	0.363
纪伯伦	pos	0.363
维科	pos	0.363
美华	pos	0.363
老有所养	pos	0.363
舞狮队	pos	0.363
航天器	pos	0.363
航标	pos	0.363
花瓣儿	pos	0.363
范有木	pos	0.363
谢杏芳	pos	0.363
邓福如	pos	0.363
金杯	pos	0.363
长波	pos	0.363
长谷	pos	0.363
防蛀	pos	0.363
陈雪	pos	0.363
麦莉	pos	0.363
黄一琳	pos	0.363
黑耀石	pos	0.363
殿堂	pos	0.363
嗓子眼	neg	0.362
如坐针毡	neg	0.362
气管炎	neg	0.362
凶杀案	neg	0.362
汽油味	neg	0.362
崔胜铉	pos	0.362
紫罗兰	pos	0.362
素色	pos	0.362
童星	pos	0.362
航天员	pos	0.362
眼福	pos	0.362
更年期	neg	0.361
解放前	neg	0.361
睡意	neg	0.361
不得已而为之	neg	0.361
两点十五	neg	0.361
五点二十五	neg	0.361
几千亿	neg	0.361
口角炎	neg	0.361
尘暴	neg	0.361
尼玛贵	neg	0.361
斯达舒	neg	0.361
百万亿	neg	0.361
行雷	neg	0.361
调取	neg	0.361
赶任务	neg	0.361
长法	neg	0.361
雨阿雨	neg	0.361
捕杀	neg	0.361
胖小子	pos	0.361
俊男靓女	pos	0.361
酒窖	pos	0.361
晚装	pos	0.361
轻风	pos	0.361
黄少祺	pos	0.361
飞吻	pos	0.361
相守	pos	0.361
校友会	pos	0.361
艳福	pos	0.361
超水平	pos	0.361
小钰	pos	0.361
杜仲	pos	0.361
欢瑞	pos	0.361
欣闻	pos	0.361
红烛	pos	0.361
细白	pos	0.361
湖蓝	pos	0.361
青花瓷	pos	0.361
四人帮	pos	0.361
清风	pos	0.361
负离子	pos	0.361
古曼	pos	0.361
萧邦	pos	0.361
朋克	pos	0.361
多管闲事	neg	0.36
破伤风	neg	0.36
一趟趟	neg	0.36
侵华	neg	0.36
软体动物	neg	0.36
茶树	pos	0.36
亲爱的	pos	0.36
辞旧迎新	pos	0.36
相识	pos	0.36
伟岸	pos	0.36
灯光师	pos	0.36
箱包	pos	0.36
出品	pos	0.36
风情万种	pos	0.36
酿制	pos	0.36
验货	pos	0.36
台北市	pos	0.36
流血	neg	0.359
何月才	neg	0.359
互粉	pos	0.359
必败	pos	0.359
主理	pos	0.359
兰桂	pos	0.359
刘俊麟	pos	0.359
刘国梁	pos	0.359
喷雾器	pos	0.359
展播	pos	0.359
展期	pos	0.359
抽芽	pos	0.359
摄制	pos	0.359
沈城	pos	0.359
洛克菲勒	pos	0.359
潘小莲	pos	0.359
燕园	pos	0.359
甥女	pos	0.359
粗布	pos	0.359
绿色植物	pos	0.359
茶农	pos	0.359
该书	pos	0.359
超美超	pos	0.359
魏延	pos	0.359
小得瑟	pos	0.359
店客	pos	0.359
猎户座	pos	0.359
设点	pos	0.359
氧化剂	pos	0.359
理事长	pos	0.359
学有所成	pos	0.359
第一千	pos	0.359
毛领	pos	0.359
静茹	pos	0.359
克罗	pos	0.359
彩绘	pos	0.359
纤维	pos	0.359
相约	pos	0.359
六一六一	pos	0.359
宛若	pos	0.359
热热热热热	neg	0.358
泰诺林	neg	0.358
抽血	neg	0.358
毒死	neg	0.358
支气管	neg	0.358
火攻	neg	0.358
莫明其妙	neg	0.358
心照不宣	pos	0.358
二二	pos	0.358
姚贝娜	pos	0.358
小曲	pos	0.358
格桑	pos	0.358
照一	pos	0.358
锥形	pos	0.358
早日	pos	0.358
参谋	pos	0.358
准妈妈	pos	0.358
一应俱全	pos	0.358
团支部	pos	0.358
超爽	pos	0.358
一发货	pos	0.358
一种乐	pos	0.358
一等功	pos	0.358
一齐训	pos	0.358
丁晨	pos	0.358
三连胜	pos	0.358
中国文联	pos	0.358
丹菲梦妮	pos	0.358
举世瞩目	pos	0.358
乃文	pos	0.358
义工团	pos	0.358
乐乐会	pos	0.358
乐开花	pos	0.358
乔一乔	pos	0.358
乔薇	pos	0.358
九儿	pos	0.358
书友	pos	0.358
书圣	pos	0.358
争峰	pos	0.358
云起云	pos	0.358
云轩	pos	0.358
交游	pos	0.358
以史为鉴	pos	0.358
伍贰零	pos	0.358
优果	pos	0.358
优贝	pos	0.358
传艺	pos	0.358
伽师	pos	0.358
佳倩	pos	0.358
佳惠	pos	0.358
俄勒冈	pos	0.358
光亮亮	pos	0.358
光秃	pos	0.358
克缇	pos	0.358
八亿	pos	0.358
八八八	pos	0.358
八步区	pos	0.358
六一零	pos	0.358
内蕴	pos	0.358
冠王	pos	0.358
准父母	pos	0.358
刚柔相济	pos	0.358
利利生	pos	0.358
功业	pos	0.358
加维信	pos	0.358
北滨	pos	0.358
华健	pos	0.358
单宁酸	pos	0.358
卡忙	pos	0.358
卢哥	pos	0.358
历久弥坚	pos	0.358
参赞	pos	0.358
又香	pos	0.358
友美	pos	0.358
双全	pos	0.358
发发微	pos	0.358
发屋	pos	0.358
古奈特	pos	0.358
古斯	pos	0.358
史话	pos	0.358
后发制人	pos	0.358
吴小莉	pos	0.358
周子耘	pos	0.358
和光堂	pos	0.358
和圭贤	pos	0.358
哇卡哇卡	pos	0.358
哈皮巴芙地	pos	0.358
哈米达	pos	0.358
唐国强	pos	0.358
啤酒馆	pos	0.358
喻舟	pos	0.358
土蜂	pos	0.358
圣餐	pos	0.358
场区	pos	0.358
坛经	pos	0.358
埃菲	pos	0.358
堂哥哥	pos	0.358
塔摩	pos	0.358
墨玉路	pos	0.358
多莉	pos	0.358
大伦	pos	0.358
大哲	pos	0.358
大展	pos	0.358
天主教徒	pos	0.358
好漂	pos	0.358
如夏花	pos	0.358
姆明	pos	0.358
姜姐	pos	0.358
威水	pos	0.358
婆罗洲	pos	0.358
婉仪	pos	0.358
子杰	pos	0.358
季延	pos	0.358
季特	pos	0.358
安彩	pos	0.358
宏姐	pos	0.358
宏济	pos	0.358
定见	pos	0.358
定货	pos	0.358
家琳	pos	0.358
寒梅	pos	0.358
小哈	pos	0.358
小囡囡	pos	0.358
小师	pos	0.358
小晗晗	pos	0.358
小权	pos	0.358
小澍	pos	0.358
小琛	pos	0.358
小米面	pos	0.358
小赫海	pos	0.358
小靖	pos	0.358
少儿馆	pos	0.358
尚惠	pos	0.358
尹哥	pos	0.358
岁月如流	pos	0.358
巴里坤	pos	0.358
布奇	pos	0.358
帅照一	pos	0.358
帷幄	pos	0.358
平盘	pos	0.358
年中庆	pos	0.358
广益路	pos	0.358
庞光	pos	0.358
康桑思密达	pos	0.358
康泰	pos	0.358
康维	pos	0.358
开列	pos	0.358
弘一	pos	0.358
张桐	pos	0.358
徐彬	pos	0.358
御庭	pos	0.358
德克	pos	0.358
德鲁克	pos	0.358
心凌	pos	0.358
志龙偶	pos	0.358
恋春	pos	0.358
慧颖	pos	0.358
慰问信	pos	0.358
懋懋	pos	0.358
扎克瑞	pos	0.358
抽枝	pos	0.358
拂尘	pos	0.358
拒捕	pos	0.358
拼版	pos	0.358
放流	pos	0.358
政行院	pos	0.358
文澜	pos	0.358
斯图里奇	pos	0.358
斯波克	pos	0.358
新曲	pos	0.358
日游	pos	0.358
明尼苏达州	pos	0.358
明玉	pos	0.358
星梦	pos	0.358
晴到少云	pos	0.358
最高法院	pos	0.358
月圆	pos	0.358
有仁	pos	0.358
朱小	pos	0.358
朱珠	pos	0.358
朱镇模	pos	0.358
朴泰桓	pos	0.358
李惠	pos	0.358
李淳	pos	0.358
李萌萌	pos	0.358
李蒙	pos	0.358
杨龙	pos	0.358
林思	pos	0.358
林育群	pos	0.358
查德	pos	0.358
标清	pos	0.358
根哥	pos	0.358
格朗	pos	0.358
梁晓声	pos	0.358
梦源	pos	0.358
概览	pos	0.358
橘汁	pos	0.358
欧耶耶耶	pos	0.358
母彭丽媛	pos	0.358
民防	pos	0.358
水乳交融	pos	0.358
汉墓	pos	0.358
池池	pos	0.358
泥瓦匠	pos	0.358
泰柏	pos	0.358
洁茹	pos	0.358
洋子	pos	0.358
海鹏	pos	0.358
涵妹	pos	0.358
淑芳	pos	0.358
清徐	pos	0.358
清爽爽	pos	0.358
澄子	pos	0.358
熊抱	pos	0.358
熨帖	pos	0.358
爱娜	pos	0.358
爱薇	pos	0.358
牛妞美	pos	0.358
特型	pos	0.358
特拉肯	pos	0.358
独门独户	pos	0.358
王传君	pos	0.358
王紫	pos	0.358
珍选	pos	0.358
班博	pos	0.358
瑞祥	pos	0.358
画境	pos	0.358
疆界	pos	0.358
白兰瓜	pos	0.358
白哈巴	pos	0.358
白燕	pos	0.358
相方	pos	0.358
真可耐	pos	0.358
知底	pos	0.358
短刀	pos	0.358
竹升	pos	0.358
第九十四	pos	0.358
紫涵	pos	0.358
纳帕佳	pos	0.358
维德	pos	0.358
罗蒂	pos	0.358
罗顿	pos	0.358
罗马字	pos	0.358
翟天临	pos	0.358
老曲	pos	0.358
老栾	pos	0.358
耶耶耶耶耶耶	pos	0.358
肉松	pos	0.358
肖姐	pos	0.358
肥实	pos	0.358
胡歌琅	pos	0.358
胶丸	pos	0.358
胶州市	pos	0.358
脉脉含情	pos	0.358
舍小家	pos	0.358
良母有木	pos	0.358
艾美丽	pos	0.358
芙兰	pos	0.358
苏志	pos	0.358
苏维埃	pos	0.358
苏铁	pos	0.358
范明	pos	0.358
茶砖	pos	0.358
荣誉奖	pos	0.358
药皂	pos	0.358
荻原	pos	0.358
莉子	pos	0.358
莎琪儿	pos	0.358
莫小棋	pos	0.358
莲娜	pos	0.358
萨马兰奇	pos	0.358
蓬松松	pos	0.358
藤萝	pos	0.358
藤黄	pos	0.358
虎口脱险	pos	0.358
蛇足	pos	0.358
言教	pos	0.358
订价	pos	0.358
试制	pos	0.358
试映	pos	0.358
诗友	pos	0.358
谢国忠	pos	0.358
贝尔莱德	pos	0.358
赵朴初	pos	0.358
超爱林	pos	0.358
迈罗	pos	0.358
选聘	pos	0.358
邵伯	pos	0.358
郑国凤	pos	0.358
部长级	pos	0.358
里格	pos	0.358
金三	pos	0.358
金城江区	pos	0.358
金声	pos	0.358
金花菜	pos	0.358
金道振	pos	0.358
针砭时弊	pos	0.358
钮承泽	pos	0.358
锦年	pos	0.358
门源	pos	0.358
阿叶	pos	0.358
阿夏	pos	0.358
阿弗莱克	pos	0.358
阿烨	pos	0.358
阿科	pos	0.358
陈百祥	pos	0.358
陶氏	pos	0.358
隆长隆	pos	0.358
雄才	pos	0.358
雨涵	pos	0.358
雪粉	pos	0.358
青县	pos	0.358
青婉田	pos	0.358
韩美	pos	0.358
香吻	pos	0.358
香雪	pos	0.358
马今	pos	0.358
马晨	pos	0.358
马相	pos	0.358
马蔚华	pos	0.358
骆新	pos	0.358
鸡骨草	pos	0.358
鹏儿	pos	0.358
黄钰	pos	0.358
一地	neg	0.357
面黄肌瘦	neg	0.357
血泪史	neg	0.357
喝西北风	neg	0.357
下马威	neg	0.357
白体	pos	0.357
万福	pos	0.357
牡丹花	pos	0.357
五连冠	pos	0.357
夏新	pos	0.357
朝露	pos	0.357
杨七郎	pos	0.357
滇红	pos	0.357
白桦林	pos	0.357
祝好梦	pos	0.357
突击队	pos	0.357
资生	pos	0.357
欧式	pos	0.357
扎染	pos	0.357
水波	pos	0.357
挨批	neg	0.356
吐血	neg	0.356
六点四	neg	0.356
医保	neg	0.356
博里尼	neg	0.356
反垄断法	neg	0.356
史瑞	neg	0.356
因式分解	neg	0.356
培才	neg	0.356
处里	neg	0.356
天天天	neg	0.356
奥兰多布鲁姆	neg	0.356
子全	neg	0.356
宋合义	neg	0.356
小破机	neg	0.356
干林	neg	0.356
廖某	neg	0.356
开关	neg	0.356
弄僵	neg	0.356
急性	neg	0.356
愁肠百结	neg	0.356
戴孝	neg	0.356
房奴	neg	0.356
房租费	neg	0.356
文综我	neg	0.356
春居图	neg	0.356
晏觉	neg	0.356
杨思敏	neg	0.356
林北	neg	0.356
果越	neg	0.356
欧谢特	neg	0.356
殷高西	neg	0.356
毛我木	neg	0.356
求大仙	neg	0.356
清开灵	neg	0.356
王小玮	neg	0.356
瓦迈	neg	0.356
甘我仲	neg	0.356
甘我真	neg	0.356
田敏虎	neg	0.356
电功率	neg	0.356
着色剂	neg	0.356
结构式	neg	0.356
老泪横流	neg	0.356
老隆	neg	0.356
艺胜	neg	0.356
赵伯	neg	0.356
通胀率	neg	0.356
郭宝龙	neg	0.356
鄞县	neg	0.356
钟才	neg	0.356
钢锯	neg	0.356
阿仲	neg	0.356
麻麻地	neg	0.356
么斯	neg	0.356
客死他乡	neg	0.356
炸雷	neg	0.356
病假	neg	0.356
晕机	neg	0.356
线条	pos	0.356
喜糖	pos	0.356
帷幕	pos	0.356
东南风	pos	0.356
第一手	pos	0.356
花开花	pos	0.356
豆乳	pos	0.356
永乐	pos	0.356
流光溢彩	pos	0.356
苏妙玲	pos	0.356
创业者	pos	0.356
元素	pos	0.356
保质	pos	0.356
便携式	pos	0.356
当之无愧	pos	0.356
软组织	neg	0.355
为什么	neg	0.355
说理	neg	0.355
转发	pos	0.355
涂抹	pos	0.355
顺心	pos	0.355
怦然心动	pos	0.355
巡礼	pos	0.355
化痰	pos	0.355
秋意	pos	0.355
好榜样	pos	0.355
纹理	pos	0.355
萌宠	pos	0.355
两口儿	pos	0.355
二一二	pos	0.355
冯小	pos	0.355
华锦	pos	0.355
友朋	pos	0.355
墨家	pos	0.355
大姚	pos	0.355
大放	pos	0.355
天海翼	pos	0.355
威斯敏斯特	pos	0.355
子华	pos	0.355
小维	pos	0.355
小萍	pos	0.355
布洛克	pos	0.355
心甘	pos	0.355
挂锁	pos	0.355
杏仁酥	pos	0.355
民律	pos	0.355
涂磊	pos	0.355
特为	pos	0.355
王野	pos	0.355
秦汉	pos	0.355
稻穗	pos	0.355
第五十六	pos	0.355
糌粑	pos	0.355
迎新会	pos	0.355
郝建	pos	0.355
长毛绒	pos	0.355
阿拉善	pos	0.355
领受	pos	0.355
黄人儿	pos	0.355
朔州	pos	0.355
抓拍	pos	0.355
雕花	pos	0.355
无力回天	neg	0.354
休克	neg	0.354
冰库	neg	0.354
久长	pos	0.354
厚重感	pos	0.354
晚霜	pos	0.354
犒赏	pos	0.354
必不可少	pos	0.354
强身	pos	0.354
情思	pos	0.354
赠书	pos	0.354
去处	pos	0.354
十二五	pos	0.354
圣殿	pos	0.354
烟波	pos	0.354
雕刻	pos	0.354
酥脆	pos	0.354
宁乡	pos	0.354
春季	pos	0.354
呢绒	pos	0.354
工程院	pos	0.354
扬长避短	pos	0.354
晴雨伞	pos	0.354
李佳航	pos	0.354
液状	pos	0.354
特派	pos	0.354
玖玖	pos	0.354
工装裤	pos	0.354
三等奖	pos	0.354
劈头盖脸	neg	0.353
满篇	neg	0.353
堵车	neg	0.353
连梦里	neg	0.353
万念俱灰	neg	0.353
完全性	neg	0.353
惨变	neg	0.353
无眠	neg	0.353
光洙	pos	0.353
轻柔	pos	0.353
师专	pos	0.353
红石	pos	0.353
记者团	pos	0.353
托比	pos	0.353
自然光	pos	0.353
当头一棒	neg	0.352
舌根	neg	0.352
执导	pos	0.352
牧歌	pos	0.352
真开森	pos	0.352
落英缤纷	pos	0.352
贝比	pos	0.352
摩梭	pos	0.352
碧螺春	pos	0.352
文娱	pos	0.352
二十四	pos	0.352
大红大紫	pos	0.352
麻醉药	neg	0.351
全场	pos	0.351
丽友	pos	0.351
家童	pos	0.351
应运而生	pos	0.351
彼得罗夫	pos	0.351
时隐时现	pos	0.351
春去秋来	pos	0.351
根雕	pos	0.351
璐哥	pos	0.351
粉友	pos	0.351
素心	pos	0.351
黄艺馨	pos	0.351
童真	pos	0.351
笑语	pos	0.351
泛舟	pos	0.351
何超莲	pos	0.351
与众不同	pos	0.351
预定	pos	0.351
仁水	pos	0.351
超薄	pos	0.351
收纳	pos	0.351
一夏	pos	0.351
守财	pos	0.351
彩彩	pos	0.351
心悦	pos	0.351
织布	pos	0.351
锦荣	pos	0.351
陈莹	pos	0.351
杜鹃花	pos	0.351
神经痛	neg	0.35
倒好	neg	0.35
脑壳	neg	0.35
狗吃屎	neg	0.35
枝头	pos	0.35
旧历	pos	0.35
电眼	pos	0.35
亲代	pos	0.35
莱卡	pos	0.35
养育	pos	0.35
婚纱	pos	0.35
好梦	pos	0.35
草本	pos	0.35
入不敷出	neg	0.349
闪电	neg	0.349
洗胃	neg	0.349
腱鞘炎	neg	0.349
书背	neg	0.349
浑身	neg	0.349
脑瓜子	neg	0.349
哀乐	neg	0.349
上佳	pos	0.349
东明	pos	0.349
为娜	pos	0.349
久美子	pos	0.349
五家渠	pos	0.349
五连胜	pos	0.349
亚楠	pos	0.349
京师	pos	0.349
人工授精	pos	0.349
伊戈达拉	pos	0.349
佩戴	pos	0.349
内室	pos	0.349
凉爽呢	pos	0.349
勾勒	pos	0.349
卡尼尔	pos	0.349
卵石	pos	0.349
名烟	pos	0.349
周月华	pos	0.349
和世勋	pos	0.349
和娟	pos	0.349
喜娘	pos	0.349
圣湖	pos	0.349
大作品	pos	0.349
大彭	pos	0.349
如沛	pos	0.349
宜阳	pos	0.349
小秀	pos	0.349
尹厚	pos	0.349
巧笑倩兮	pos	0.349
帅萌	pos	0.349
平绒	pos	0.349
康桥	pos	0.349
徐正曦	pos	0.349
微码	pos	0.349
心心相连	pos	0.349
房县	pos	0.349
批发点	pos	0.349
拂拭	pos	0.349
撰稿	pos	0.349
支公司	pos	0.349
新南威尔士	pos	0.349
晓庆	pos	0.349
曾志	pos	0.349
李思捷	pos	0.349
梁氏	pos	0.349
欢森	pos	0.349
沈涛	pos	0.349
海玲	pos	0.349
清平乐	pos	0.349
游程	pos	0.349
游鱼	pos	0.349
潇洒不羁	pos	0.349
照拂	pos	0.349
爱莎	pos	0.349
王薇	pos	0.349
珩珩	pos	0.349
电影周	pos	0.349
碧桃	pos	0.349
福临	pos	0.349
秦风	pos	0.349
立体书	pos	0.349
米克诺斯	pos	0.349
籽粒	pos	0.349
美雪	pos	0.349
耐磨性	pos	0.349
脚踏船	pos	0.349
至爱	pos	0.349
色当	pos	0.349
苗侨伟	pos	0.349
西岳	pos	0.349
财保	pos	0.349
辅以	pos	0.349
逸事	pos	0.349
酱黄瓜	pos	0.349
野蔷薇	pos	0.349
阿煜	pos	0.349
阿芙双	pos	0.349
韩旭	pos	0.349
音区	pos	0.349
馨予	pos	0.349
齐鲁	pos	0.349
消暑	pos	0.349
营养早餐	pos	0.349
嘉豪	pos	0.349
大马士革	pos	0.349
金线	pos	0.349
周年	pos	0.349
瑞丽	pos	0.349
旺夫	pos	0.349
娃哈哈	pos	0.349
初始化	neg	0.348
强制性	neg	0.348
归西	neg	0.348
心绞痛	neg	0.348
防不胜防	neg	0.348
肠子	neg	0.348
盲肠炎	neg	0.348
面无血色	neg	0.348
油脂	pos	0.348
大柯	pos	0.348
擂台赛	pos	0.348
新貌	pos	0.348
春兰	pos	0.348
林志炫真	pos	0.348
琳大	pos	0.348
秀一	pos	0.348
羌族	pos	0.348
花艺	pos	0.348
暖暖地	pos	0.348
董卓	pos	0.348
宁桓宇	pos	0.348
聆听	pos	0.348
脑充血	neg	0.347
自觉性	neg	0.347
一针	neg	0.347
冒汗	neg	0.347
自燃	neg	0.347
太阳穴	neg	0.347
毛老	neg	0.347
花惠	neg	0.347
药力	neg	0.347
油性	pos	0.347
金黄	pos	0.347
万水千山	pos	0.347
新歌	pos	0.347
表演者	pos	0.347
情趣	pos	0.347
亲子	pos	0.347
诗宝	pos	0.347
手工	pos	0.347
锡兰	pos	0.347
游园会	pos	0.347
瑞雪兆丰年	pos	0.347
鱼尾	pos	0.347
历久	pos	0.347
端阳	pos	0.347
雄鸡	pos	0.347
鸟语花香	pos	0.347
色彩斑斓	pos	0.347
尺码	pos	0.347
新衣	pos	0.347
初春	pos	0.347
脚指头	neg	0.346
一天光	neg	0.346
一朝	neg	0.346
仲越	neg	0.346
几十百	neg	0.346
变态反应	neg	0.346
哑语	neg	0.346
噶热	neg	0.346
孤儿寡母	neg	0.346
甘尼克斯	neg	0.346
粘粘糊糊	neg	0.346
联华	neg	0.346
觉仲	neg	0.346
解我	neg	0.346
重超	neg	0.346
闵俊	neg	0.346
髋骨	neg	0.346
心焦	neg	0.346
特制	pos	0.346
俊表	pos	0.346
南粤	pos	0.346
玛瑙	pos	0.346
远航	pos	0.346
大气	pos	0.346
穆里奇	pos	0.346
新百伦	pos	0.346
映衬	pos	0.346
梵希	pos	0.346
摄影	pos	0.346
旅游局	pos	0.346
大全	pos	0.346
嫩芽	pos	0.346
黑线	neg	0.345
巴嘎	neg	0.345
羞耻心	neg	0.345
声气	neg	0.345
插队	neg	0.345
枪子	neg	0.345
脚底板	neg	0.345
狐臭	neg	0.345
胃病	neg	0.345
聘书	pos	0.345
香粉	pos	0.345
香气扑鼻	pos	0.345
余晖	pos	0.345
艺术展	pos	0.345
天祝	pos	0.345
蜜桃	pos	0.345
团拜会	pos	0.345
头筹	pos	0.345
心永	pos	0.345
教练员	pos	0.345
朱镕基	pos	0.345
波司登	pos	0.345
牙音	pos	0.345
玉米粉	pos	0.345
菲亚特	pos	0.345
超时空	pos	0.345
顺服	pos	0.345
芭莎	pos	0.345
保暖	pos	0.345
樟脑丸	neg	0.344
老弱病残孕	neg	0.344
碘酒	neg	0.344
鼠药	neg	0.344
橡树	pos	0.344
牛仔衫	pos	0.344
花蕊	pos	0.344
源泉	pos	0.344
举手投足	pos	0.344
鲜亮	pos	0.344
天蓝色	pos	0.344
代代相传	pos	0.344
君山	pos	0.344
滴剂	pos	0.344
补养	pos	0.344
西子湖畔	pos	0.344
转给	pos	0.344
家驹	pos	0.344
文传	pos	0.344
稍后	pos	0.344
橘红色	pos	0.344
共度	pos	0.344
私信	pos	0.344
外层	pos	0.344
冲服	pos	0.344
司南	pos	0.344
定陵	pos	0.344
宫灯	pos	0.344
小嘉	pos	0.344
小晶	pos	0.344
小楚	pos	0.344
彩陶	pos	0.344
心能	pos	0.344
报童	pos	0.344
挂记	pos	0.344
挑夫	pos	0.344
普者黑	pos	0.344
柯凡	pos	0.344
柳丁	pos	0.344
楚生	pos	0.344
泉源	pos	0.344
渡头	pos	0.344
爱玫	pos	0.344
祝姐	pos	0.344
竹木	pos	0.344
索纳塔	pos	0.344
约翰尼	pos	0.344
纹饰	pos	0.344
萤石	pos	0.344
象形	pos	0.344
越橘	pos	0.344
远山	pos	0.344
邮发	pos	0.344
采暖	pos	0.344
钟镇涛	pos	0.344
闽科	pos	0.344
阴蒂	pos	0.344
高海阔	pos	0.344
黛绿	pos	0.344
齐家	pos	0.344
飞虫	neg	0.343
重影	neg	0.343
寸步难行	neg	0.343
李光洙	pos	0.343
处世	pos	0.343
宣读	pos	0.343
棉布	pos	0.343
白举纲	pos	0.343
实价	pos	0.343
谭维维	pos	0.343
护肤	pos	0.343
各就各位	pos	0.343
整装待发	pos	0.343
墨宝	pos	0.343
出价	pos	0.343
野花	pos	0.343
花边	pos	0.343
指甲盖	neg	0.342
拔牙	neg	0.342
后悔药	neg	0.342
强迫	neg	0.342
膀胱	neg	0.342
脑子	neg	0.342
宋凝	neg	0.342
热学	neg	0.342
甘热	neg	0.342
踝骨	neg	0.342
醒一	neg	0.342
长方体	neg	0.342
陆敏雪	neg	0.342
龙钟	neg	0.342
穿小鞋	neg	0.342
右腿	neg	0.342
疱疹	neg	0.342
启德	pos	0.342
金宝贝	pos	0.342
丽媛	pos	0.342
体彩	pos	0.342
单宁	pos	0.342
培哥	pos	0.342
孤山	pos	0.342
安大略	pos	0.342
宝墨园	pos	0.342
尚都比拉	pos	0.342
师院	pos	0.342
手指画	pos	0.342
放牧	pos	0.342
暴强	pos	0.342
村井	pos	0.342
查尔斯	pos	0.342
株式会社	pos	0.342
毛若懿	pos	0.342
湘乡	pos	0.342
石嘴山	pos	0.342
美育	pos	0.342
范玮琪	pos	0.342
视窗	pos	0.342
银线	pos	0.342
镶嵌	pos	0.342
雪莹	pos	0.342
麻麻生	pos	0.342
黛西	pos	0.342
大帅	pos	0.342
陈可辛	pos	0.342
君子兰	pos	0.342
负值	neg	0.341
奔丧	neg	0.341
申冤	neg	0.341
特马	neg	0.341
羔子	neg	0.341
令箭	neg	0.341
舞姿	pos	0.341
费雪	pos	0.341
云集	pos	0.341
小家庭	pos	0.341
巡回赛	pos	0.341
汉丽轩	pos	0.341
图案	pos	0.341
官网	pos	0.341
爱爱	pos	0.341
绣花	pos	0.341
赠与	pos	0.341
揉搓	pos	0.341
小皓博	neg	0.34
撂挑子	neg	0.34
丝绸	pos	0.34
铭刻	pos	0.34
王晶	pos	0.34
胡汉三	pos	0.34
露一手	pos	0.34
螺纹	pos	0.34
鸭绒	pos	0.34
幸福感	pos	0.34
皱褶	pos	0.34
防癌	pos	0.34
万圣	pos	0.34
人民公社	pos	0.34
会庆	pos	0.34
伟杰	pos	0.34
同家姐	pos	0.34
哲哲	pos	0.34
图版	pos	0.34
多年生	pos	0.34
孕产妇	pos	0.34
崇拜者	pos	0.34
来来来	pos	0.34
植树造林	pos	0.34
湖绿	pos	0.34
立于不败之地	pos	0.34
麦拉风	pos	0.34
印度洋	pos	0.34
讲授	pos	0.34
备份	neg	0.339
切肤之痛	neg	0.339
家徒四壁	neg	0.339
椎间盘	neg	0.339
沈岸	neg	0.339
血渍	neg	0.339
先训	neg	0.339
心律	neg	0.339
脓包	neg	0.339
魂飞魄散	neg	0.339
安东尼奥	pos	0.339
淡绿	pos	0.339
偏光	pos	0.339
创建	pos	0.339
寻味	pos	0.339
蝉翼	pos	0.339
玉兰	pos	0.339
花絮	pos	0.339
专场	pos	0.339
玉照	pos	0.339
自考	pos	0.339
多多益善	pos	0.339
珍妮曲奇	pos	0.339
艾叶	pos	0.339
行宫	pos	0.339
调入	pos	0.339
透出	pos	0.339
暗号	pos	0.339
引路	pos	0.339
播映	pos	0.339
芭蕾舞团	pos	0.339
蔷薇	pos	0.339
再而三	neg	0.338
窦娥	neg	0.338
粘糊糊	neg	0.338
回炉	neg	0.338
罢手	neg	0.338
上元节	pos	0.338
安享	pos	0.338
路网	pos	0.338
总动员	pos	0.338
光面	pos	0.338
皮面	pos	0.338
茶汤	pos	0.338
招收	pos	0.338
礼物	pos	0.338
驿站	pos	0.338
古稀	pos	0.338
商业模式	pos	0.338
淘宝	pos	0.338
无言	neg	0.337
感冒药	neg	0.337
要犯	neg	0.337
无计可施	neg	0.337
生生的	neg	0.337
个性	pos	0.337
收口	pos	0.337
绒布	pos	0.337
私房	pos	0.337
詹皇	pos	0.337
粼粼	pos	0.337
募捐	pos	0.337
中国海	pos	0.337
立体	pos	0.337
裙裤	pos	0.337
蔡明	pos	0.337
承熹	pos	0.337
梅格妮	pos	0.337
蓓蕾	pos	0.337
蜂王	pos	0.337
与世长辞	neg	0.336
换工	neg	0.336
政治经济学	neg	0.336
卧病	neg	0.336
打呼噜	neg	0.336
改错	neg	0.336
封路	neg	0.336
巴洛克	pos	0.336
奏响	pos	0.336
徽州	pos	0.336
风琴	pos	0.336
云淡风	pos	0.336
层层叠叠	pos	0.336
正果	pos	0.336
迎娶	pos	0.336
出彩	pos	0.336
签到簿	pos	0.336
绝对值	pos	0.336
埃菲尔	pos	0.336
灯饰	pos	0.336
乌拉拉	pos	0.336
蛇年	pos	0.336
青霉素	neg	0.335
阿阿阿	neg	0.335
窝巢	neg	0.335
没成想	neg	0.335
阿莫西林	neg	0.335
出血	neg	0.335
寻死	neg	0.335
怨念	neg	0.335
累死	neg	0.335
姚日山	neg	0.335
分布图	pos	0.335
阿哈	pos	0.335
榕树	pos	0.335
洒满	pos	0.335
展翅	pos	0.335
大自然	pos	0.335
暖冬	pos	0.335
社员	pos	0.335
春装	pos	0.335
清清爽爽	pos	0.335
面世	pos	0.335
密云	pos	0.335
加重	neg	0.334
还嘴	neg	0.334
肝火	neg	0.334
诸事	neg	0.334
九点十	neg	0.334
黄洋	neg	0.334
快讯	pos	0.334
晨曦	pos	0.334
鱼油	pos	0.334
遮风挡雨	pos	0.334
椎骨	neg	0.333
得病	neg	0.333
啊啊	neg	0.333
放过	neg	0.333
难过	neg	0.333
一扫而光	pos	0.333
附上	pos	0.333
一二一二	pos	0.333
一个纪	pos	0.333
一个脚	pos	0.333
一个闪	pos	0.333
一十四	pos	0.333
一片生机	pos	0.333
一绪	pos	0.333
一言	pos	0.333
七连胜	pos	0.333
万山红	pos	0.333
三八二十四	pos	0.333
丝代言	pos	0.333
临泉	pos	0.333
为期不远	pos	0.333
丽坤	pos	0.333
丽城	pos	0.333
丽新	pos	0.333
乐扣	pos	0.333
九溪	pos	0.333
于非	pos	0.333
亨哥	pos	0.333
京菜	pos	0.333
从刚	pos	0.333
以表	pos	0.333
任嘉	pos	0.333
任杰	pos	0.333
伍拾	pos	0.333
伟德	pos	0.333
伦勃朗	pos	0.333
余仁生	pos	0.333
佛光寺	pos	0.333
作画	pos	0.333
佰福	pos	0.333
侧面图	pos	0.333
侯孝贤	pos	0.333
信息员	pos	0.333
倩丽	pos	0.333
傅博	pos	0.333
傈僳族	pos	0.333
儿姐	pos	0.333
公国	pos	0.333
共话	pos	0.333
兴坪	pos	0.333
兵站	pos	0.333
典台	pos	0.333
再长	pos	0.333
农事	pos	0.333
农时	pos	0.333
凌霄岩	pos	0.333
凯塔	pos	0.333
凯捷	pos	0.333
刘伶	pos	0.333
刘刘	pos	0.333
刘宝瑞	pos	0.333
刘清扬	pos	0.333
刘珊	pos	0.333
刘萌萌	pos	0.333
刘青	pos	0.333
别克昂科拉	pos	0.333
力超	pos	0.333
加措	pos	0.333
动感	pos	0.333
勃朗宁	pos	0.333
包拯小	pos	0.333
北洋	pos	0.333
北麓	pos	0.333
千元礼	pos	0.333
华信	pos	0.333
华少	pos	0.333
单瓣	pos	0.333
卖劲	pos	0.333
博美堂	pos	0.333
发潮	pos	0.333
发送量	pos	0.333
古北口	pos	0.333
可丽	pos	0.333
叶先森	pos	0.333
合照来	pos	0.333
君初	pos	0.333
君澜	pos	0.333
含水	pos	0.333
听凭	pos	0.333
吴雯	pos	0.333
周一发	pos	0.333
周丽	pos	0.333
周琳	pos	0.333
周雨	pos	0.333
和琳琳	pos	0.333
咸水湖	pos	0.333
哺育	pos	0.333
嘉嘉妹	pos	0.333
四连胜	pos	0.333
国际主义	pos	0.333
图拉	pos	0.333
圆珠	pos	0.333
土布	pos	0.333
圣伯纳	pos	0.333
在仁	pos	0.333
在野党	pos	0.333
坤妹	pos	0.333
坤微	pos	0.333
城步	pos	0.333
塞林格	pos	0.333
墨斗鱼	pos	0.333
士兰微	pos	0.333
夏先森	pos	0.333
夏收	pos	0.333
夏晨	pos	0.333
夏熟作物	pos	0.333
大么	pos	0.333
大农场	pos	0.333
大嘉	pos	0.333
大婉	pos	0.333
大童	pos	0.333
大罗	pos	0.333
天长日久	pos	0.333
太妍	pos	0.333
奇丽	pos	0.333
奥丁	pos	0.333
嫩苗	pos	0.333
子健	pos	0.333
孙振	pos	0.333
孙科	pos	0.333
孙莉	pos	0.333
学龄儿童	pos	0.333
宇豪	pos	0.333
守衡	pos	0.333
安七炫	pos	0.333
宋干	pos	0.333
宏伊	pos	0.333
宏声	pos	0.333
定中	pos	0.333
审定	pos	0.333
家文	pos	0.333
密山	pos	0.333
小南	pos	0.333
小宸宸	pos	0.333
小嵩	pos	0.333
小怡怡	pos	0.333
小母	pos	0.333
小涂	pos	0.333
小管	pos	0.333
小若	pos	0.333
小荷	pos	0.333
小骆	pos	0.333
少君	pos	0.333
尚西哲	pos	0.333
尹西花	pos	0.333
山樱桃	pos	0.333
山葵	pos	0.333
山颠	pos	0.333
巧蔓菲	pos	0.333
巳蛇	pos	0.333
希少	pos	0.333
希那勃	pos	0.333
帕玛氏	pos	0.333
库肯霍	pos	0.333
康萨米达	pos	0.333
廖一梅	pos	0.333
开幕词	pos	0.333
张小图	pos	0.333
张悦然	pos	0.333
张萌萌	pos	0.333
张蕾蕾	pos	0.333
张鸣	pos	0.333
强效	pos	0.333
归整	pos	0.333
彭先森	pos	0.333
征订	pos	0.333
徐一航	pos	0.333
徐茜	pos	0.333
德润	pos	0.333
德里克	pos	0.333
心云	pos	0.333
志琳	pos	0.333
念力	pos	0.333
念家	pos	0.333
思妙	pos	0.333
悦子	pos	0.333
惠农	pos	0.333
慈姑	pos	0.333
戚友	pos	0.333
托德斯	pos	0.333
执委	pos	0.333
执政官	pos	0.333
执行主席	pos	0.333
扶手椅	pos	0.333
拉索	pos	0.333
拥簇	pos	0.333
挥师	pos	0.333
揭破	pos	0.333
敏宇	pos	0.333
敏敏敏	pos	0.333
斋日	pos	0.333
新历	pos	0.333
方生	pos	0.333
方面军	pos	0.333
日行	pos	0.333
昊儿	pos	0.333
明前茶	pos	0.333
明心	pos	0.333
明轩	pos	0.333
易武	pos	0.333
春有春	pos	0.333
昭贵	pos	0.333
昭陵	pos	0.333
晓艳	pos	0.333
晨景	pos	0.333
普天	pos	0.333
智姐	pos	0.333
更喜	pos	0.333
曼丽	pos	0.333
曾正雄	pos	0.333
木樨	pos	0.333
本季	pos	0.333
本版	pos	0.333
朱炯	pos	0.333
朴智	pos	0.333
朴智敏	pos	0.333
机惠	pos	0.333
权志	pos	0.333
李政宰	pos	0.333
李泰兰	pos	0.333
李湘家	pos	0.333
李秀根	pos	0.333
李航	pos	0.333
村舍	pos	0.333
杜子健	pos	0.333
杨昊	pos	0.333
杨欣	pos	0.333
杨露	pos	0.333
杭甬	pos	0.333
杰特	pos	0.333
松赞干布	pos	0.333
林凡	pos	0.333
林品如	pos	0.333
林毅	pos	0.333
林煜	pos	0.333
果果果果	pos	0.333
柯家凯	pos	0.333
柯小	pos	0.333
柳工	pos	0.333
栗蓉	pos	0.333
桂子山	pos	0.333
梁羽	pos	0.333
森宝	pos	0.333
楚哥	pos	0.333
楹联	pos	0.333
欣姐	pos	0.333
欧巴真	pos	0.333
欧莎	pos	0.333
段延庆	pos	0.333
比翼	pos	0.333
毛毛超	pos	0.333
毛里	pos	0.333
水润度	pos	0.333
永成	pos	0.333
汀宝	pos	0.333
汉台区	pos	0.333
汉密哈顿	pos	0.333
汝汝	pos	0.333
池莉	pos	0.333
汪泰京	pos	0.333
沈玉琳	pos	0.333
沈腾	pos	0.333
河鲜	pos	0.333
泛美	pos	0.333
泥墙	pos	0.333
泰星	pos	0.333
泸溪	pos	0.333
流泻	pos	0.333
浮灰	pos	0.333
海伦凯勒	pos	0.333
海佑希	pos	0.333
海平线	pos	0.333
海纳	pos	0.333
涡阳县	pos	0.333
润华	pos	0.333
满堂喝彩	pos	0.333
满山红	pos	0.333
潼南县	pos	0.333
澜姐	pos	0.333
灯彩	pos	0.333
炼制	pos	0.333
然禧	pos	0.333
照先	pos	0.333
熊木杏里	pos	0.333
燕华	pos	0.333
爱新觉	pos	0.333
爱琴	pos	0.333
爱锡	pos	0.333
爱黄渤	pos	0.333
王卫	pos	0.333
王巍	pos	0.333
王雨	pos	0.333
玛歌	pos	0.333
现实性	pos	0.333
班夫	pos	0.333
瑟样儿	pos	0.333
瑶儿	pos	0.333
瑶子	pos	0.333
瓜棚	pos	0.333
甘锡我	pos	0.333
生石	pos	0.333
由纪	pos	0.333
留声	pos	0.333
疾风暴雨	pos	0.333
登攀	pos	0.333
白精华	pos	0.333
百合科	pos	0.333
皮件	pos	0.333
益尔健	pos	0.333
真有范	pos	0.333
睡帽	pos	0.333
破土动工	pos	0.333
碧峰峡	pos	0.333
示范店	pos	0.333
神田	pos	0.333
福中	pos	0.333
禾木	pos	0.333
科斯	pos	0.333
程宝	pos	0.333
穷爸爸	pos	0.333
立园	pos	0.333
竹楼	pos	0.333
第一百一十一	pos	0.333
第一百三十三	pos	0.333
第一百五十二	pos	0.333
第三千	pos	0.333
第九十五	pos	0.333
第八十一	pos	0.333
篷车	pos	0.333
紫君	pos	0.333
红安县	pos	0.333
红方	pos	0.333
红素	pos	0.333
红血球	pos	0.333
组稿	pos	0.333
结晶体	pos	0.333
绮梦	pos	0.333
维克	pos	0.333
维恩	pos	0.333
翎子	pos	0.333
老儿	pos	0.333
老房	pos	0.333
考哥	pos	0.333
胡汉山	pos	0.333
胡锡进	pos	0.333
自办	pos	0.333
舞蹈	pos	0.333
艳萍	pos	0.333
艾伯特	pos	0.333
艾利斯顿	pos	0.333
艾蒲精华	pos	0.333
花青	pos	0.333
苑子豪	pos	0.333
若君	pos	0.333
苯基	pos	0.333
茶缘	pos	0.333
茶香	pos	0.333
荔波县	pos	0.333
荫蔽	pos	0.333
莉儿	pos	0.333
莎琳	pos	0.333
莎蕾	pos	0.333
菌种	pos	0.333
菲斯	pos	0.333
葛斯	pos	0.333
葡萄沟	pos	0.333
蒂蔓	pos	0.333
蒙多	pos	0.333
蓓丽	pos	0.333
蓝松	pos	0.333
蓝标	pos	0.333
蔡依琳	pos	0.333
薄皮	pos	0.333
藏北	pos	0.333
血循环	pos	0.333
袁先森	pos	0.333
袖珍型	pos	0.333
西利	pos	0.333
西理工	pos	0.333
西野加奈	pos	0.333
诗话	pos	0.333
语毕	pos	0.333
贰零壹叁	pos	0.333
贵姐	pos	0.333
费瓦湖	pos	0.333
赫特	pos	0.333
赵默笙	pos	0.333
超标准	pos	0.333
足下生辉	pos	0.333
达斯汀	pos	0.333
迅疾	pos	0.333
运道旺	pos	0.333
迥然	pos	0.333
迪豆	pos	0.333
逆耳忠言	pos	0.333
逍遥派	pos	0.333
邓生	pos	0.333
邮购	pos	0.333
郝海东	pos	0.333
郭妈	pos	0.333
都市型	pos	0.333
野葡萄	pos	0.333
金克丝	pos	0.333
金圭钟	pos	0.333
钟灵	pos	0.333
铁达	pos	0.333
锈蚀	pos	0.333
锡惠	pos	0.333
长大	pos	0.333
长郡	pos	0.333
门弟	pos	0.333
阜康市	pos	0.333
队礼	pos	0.333
阿佩	pos	0.333
阿冬	pos	0.333
阿卡奇	pos	0.333
阿哲	pos	0.333
阿坚	pos	0.333
阿婉	pos	0.333
阿子	pos	0.333
阿尔德里奇	pos	0.333
阿尔瓦	pos	0.333
阿恒	pos	0.333
阿格	pos	0.333
阿道夫	pos	0.333
阿铭	pos	0.333
陆风	pos	0.333
陇川	pos	0.333
陈亦迅	pos	0.333
陈威翰	pos	0.333
陈帅	pos	0.333
陈晓我	pos	0.333
陈美丽	pos	0.333
陶总	pos	0.333
雅妮	pos	0.333
雅居	pos	0.333
雅施	pos	0.333
雅昌	pos	0.333
雅馨	pos	0.333
雪克	pos	0.333
青灰	pos	0.333
韩国美	pos	0.333
韵宝	pos	0.333
顺儿	pos	0.333
顾问团	pos	0.333
飞亚达	pos	0.333
马健	pos	0.333
马凯	pos	0.333
马提尼克岛	pos	0.333
马林斯基	pos	0.333
马永贞	pos	0.333
马生	pos	0.333
马美丽	pos	0.333
马苏	pos	0.333
驾御	pos	0.333
鲁路修	pos	0.333
鲍叔牙	pos	0.333
鸡毛信	pos	0.333
麦卢卡	pos	0.333
麻麻爱我	pos	0.333
黄家军	pos	0.333
黄巍	pos	0.333
黄帅	pos	0.333
黄莹莹	pos	0.333
黄龙玉	pos	0.333
鼎城	pos	0.333
一十三	pos	0.333
七友	pos	0.333
三零	pos	0.333
东南角	pos	0.333
中外合资	pos	0.333
乌尤尼	pos	0.333
九龙壁	pos	0.333
书社	pos	0.333
亚非	pos	0.333
亳州市	pos	0.333
以梦	pos	0.333
佑希	pos	0.333
佘诗曼	pos	0.333
佩吉	pos	0.333
俊逸	pos	0.333
先遣	pos	0.333
光海	pos	0.333
克洛	pos	0.333
党工委	pos	0.333
六十三	pos	0.333
冰冰冰	pos	0.333
出产	pos	0.333
刊出	pos	0.333
华宇	pos	0.333
厚朴	pos	0.333
叶生	pos	0.333
吉协	pos	0.333
唱主角	pos	0.333
善花	pos	0.333
喜钱	pos	0.333
外相	pos	0.333
大霞	pos	0.333
子花	pos	0.333
寒鸦	pos	0.333
小模	pos	0.333
小芦	pos	0.333
小锋	pos	0.333
山丹丹花	pos	0.333
川柯南	pos	0.333
左图	pos	0.333
巴利	pos	0.333
庭萱	pos	0.333
张全景	pos	0.333
志鹏	pos	0.333
恩佐	pos	0.333
懿懿	pos	0.333
我彤	pos	0.333
按计划	pos	0.333
授牌	pos	0.333
文法学	pos	0.333
新县	pos	0.333
方琼	pos	0.333
昌黎	pos	0.333
智敏	pos	0.333
最珍	pos	0.333
李珊珊	pos	0.333
杨威	pos	0.333
梦儿	pos	0.333
樊凡	pos	0.333
欧泉	pos	0.333
毛妈	pos	0.333
永久	pos	0.333
法正	pos	0.333
洪洪	pos	0.333
海华	pos	0.333
淑玲	pos	0.333
温泉镇	pos	0.333
潘先森	pos	0.333
灶王爷	pos	0.333
灶神	pos	0.333
爱曼	pos	0.333
爱林	pos	0.333
玉米花	pos	0.333
王安忆	pos	0.333
王彤	pos	0.333
琦宝	pos	0.333
琴海	pos	0.333
白键	pos	0.333
盛放	pos	0.333
盟军	pos	0.333
真美	pos	0.333
科迈罗	pos	0.333
童梦	pos	0.333
系列片	pos	0.333
约瑟芬	pos	0.333
绸布	pos	0.333
罗西	pos	0.333
羊蹄甲	pos	0.333
肖顺尧	pos	0.333
自然主义	pos	0.333
致密	pos	0.333
舞坛	pos	0.333
船型	pos	0.333
良子	pos	0.333
芝林	pos	0.333
芸儿	pos	0.333
范范范玮	pos	0.333
蓝鹰	pos	0.333
蛋白石	pos	0.333
蜡染	pos	0.333
西拉	pos	0.333
赵州桥	pos	0.333
越剧团	pos	0.333
邵佳	pos	0.333
郝帅	pos	0.333
释永信	pos	0.333
金恩圣	pos	0.333
金桐俊	pos	0.333
钱嘉乐	pos	0.333
陈平	pos	0.333
陈紫	pos	0.333
除旧迎新	pos	0.333
隐现	pos	0.333
集训班	pos	0.333
雪芙	pos	0.333
青蒜	pos	0.333
香吉	pos	0.333
马俊	pos	0.333
高铁真	pos	0.333
鲁朗	pos	0.333
黄大炜	pos	0.333
伍思凯	pos	0.333
会徽	pos	0.333
何大为	pos	0.333
保平安	pos	0.333
催缴	pos	0.333
刘刚	pos	0.333
助威声	pos	0.333
卡乐思	pos	0.333
嘉妹	pos	0.333
回师	pos	0.333
圣品	pos	0.333
圣索菲亚	pos	0.333
小读者	pos	0.333
帮忙	pos	0.333
廷廷	pos	0.333
张瑜	pos	0.333
心而生	pos	0.333
捌零	pos	0.333
新诗	pos	0.333
易虎臣	pos	0.333
杜塞尔多夫	pos	0.333
杜拉斯	pos	0.333
林萌萌	pos	0.333
树藤	pos	0.333
梭罗	pos	0.333
棋类	pos	0.333
永定河	pos	0.333
油画展	pos	0.333
渔政	pos	0.333
爱默生	pos	0.333
秋收	pos	0.333
簇拥	pos	0.333
粉墙	pos	0.333
色散	pos	0.333
艾青	pos	0.333
袁泉	pos	0.333
轻装	pos	0.333
郁金	pos	0.333
金中	pos	0.333
长微	pos	0.333
颖晓	pos	0.333
鱼鲜	pos	0.333
云飞	pos	0.333
五峰	pos	0.333
俯仰	pos	0.333
凉山州	pos	0.333
加强型	pos	0.333
君沛	pos	0.333
塔克拉玛干	pos	0.333
多云间阴	pos	0.333
奥朗德	pos	0.333
字谜	pos	0.333
安龙	pos	0.333
昭和	pos	0.333
本微	pos	0.333
棉套	pos	0.333
欧拉拉	pos	0.333
歌瑞尔	pos	0.333
浪涛	pos	0.333
淑芬	pos	0.333
牛仔服	pos	0.333
王美丽	pos	0.333
艺秀	pos	0.333
花墙	pos	0.333
草叶	pos	0.333
虽则	pos	0.333
超喜	pos	0.333
雨晨	pos	0.333
青翠欲滴	pos	0.333
靖靖	pos	0.333
交锋	pos	0.333
代发	pos	0.333
坤平	pos	0.333
坦诚相见	pos	0.333
实处	pos	0.333
小琪琪	pos	0.333
小考拉	pos	0.333
忘年交	pos	0.333
曹轩	pos	0.333
母异	pos	0.333
琪妹	pos	0.333
第三百	pos	0.333
续篇	pos	0.333
腈纶	pos	0.333
花衫	pos	0.333
赋诗	pos	0.333
通航	pos	0.333
郝聪明	pos	0.333
韩彩英	pos	0.333
升平	pos	0.333
士女	pos	0.333
夏风	pos	0.333
小齐	pos	0.333
文明办	pos	0.333
翠玉	pos	0.333
胭脂红	pos	0.333
分解	pos	0.333
吸水性	pos	0.333
时装店	pos	0.333
瓦拉内	pos	0.333
迈凯轮	pos	0.333
农学院	pos	0.333
山珍	pos	0.333
郑恺	pos	0.333
青瓷	pos	0.333
唱机	pos	0.333
高飞	pos	0.333
核潜艇	pos	0.333
秦海璐	pos	0.333
蒙古族	pos	0.333
杨绛	pos	0.333
能歌善舞	pos	0.333
贝母	pos	0.333
不谋而合	pos	0.333
小雯	pos	0.333
心语	pos	0.333
润物细无声	pos	0.333
纪念币	pos	0.333
圣诞	pos	0.333
娜美	pos	0.333
手工艺品	pos	0.333
平角	pos	0.333
营养素	pos	0.333
枝叶	pos	0.333
养分	pos	0.333
本片	pos	0.333
碧玉	pos	0.333
新生代	pos	0.333
保护套	pos	0.333
书香	pos	0.333
随性	pos	0.333
可我	neg	0.332
一睡睡	neg	0.332
英年早逝	neg	0.332
说话声	neg	0.332
嘎嘎	pos	0.332
斗篷	pos	0.332
电光	pos	0.332
石榴石	pos	0.332
牛仔	pos	0.332
剪影	pos	0.332
悲切	pos	0.332
郁金香	pos	0.332
岛屿	pos	0.332
鲜果	pos	0.332
装点	pos	0.332
死尸	neg	0.331
催泪弹	neg	0.331
治治	neg	0.331
泪人	neg	0.331
绝症	neg	0.331
概率论	neg	0.331
三四点	neg	0.331
身姿	pos	0.331
生生不息	pos	0.331
塞纳河	pos	0.331
新潮	pos	0.331
许愿	pos	0.331
爱尼	pos	0.331
红柳	pos	0.331
情意	pos	0.331
厚积薄发	pos	0.331
妆容	pos	0.331
内景	pos	0.331
秋色	pos	0.331
篇章	pos	0.331
呢子	pos	0.331
一个脑	neg	0.33
一个钟	neg	0.33
一卷卷	neg	0.33
一发发	neg	0.33
一团乱	neg	0.33
一点二十五	neg	0.33
一进来	neg	0.33
七七八八一	neg	0.33
东条英机	neg	0.33
丧假	neg	0.33
中耳	neg	0.33
乃妹	neg	0.33
么刚	neg	0.33
九点五十五	neg	0.33
书真	neg	0.33
五六七八九	neg	0.33
京珠	neg	0.33
人坤	neg	0.33
从重	neg	0.33
仲生	neg	0.33
何用	neg	0.33
依伯	neg	0.33
克拉滕伯格	neg	0.33
八九十分	neg	0.33
八千八	neg	0.33
公倍数	neg	0.33
几万亿	neg	0.33
前才	neg	0.33
剧减	neg	0.33
加非	neg	0.33
南漳县	neg	0.33
原始积累	neg	0.33
叽叽嘎嘎	neg	0.33
哇尼玛	neg	0.33
哈吉马	neg	0.33
哈鲁	neg	0.33
哪天才	neg	0.33
噶差	neg	0.33
四十秒	neg	0.33
回家木	neg	0.33
壹零零六	neg	0.33
夏健	neg	0.33
大乌	neg	0.33
太实诚	neg	0.33
姜伟新	neg	0.33
威尔谢尔	neg	0.33
孑立	neg	0.33
安堆	neg	0.33
容垣	neg	0.33
导轨	neg	0.33
尸身	neg	0.33
左半	neg	0.33
急茬	neg	0.33
性代	neg	0.33
慷慨就义	neg	0.33
我中	neg	0.33
我干	neg	0.33
打算	neg	0.33
打钟	neg	0.33
抠字眼	neg	0.33
挂零	neg	0.33
掉话	neg	0.33
接火	neg	0.33
散利	neg	0.33
文一	neg	0.33
文冲	neg	0.33
斜体	neg	0.33
断口	neg	0.33
明细表	neg	0.33
最让	neg	0.33
李坤城	neg	0.33
杨公桥	neg	0.33
标准分	neg	0.33
桂丹路	neg	0.33
欧多克	neg	0.33
残兵	neg	0.33
毛阿	neg	0.33
水仲	neg	0.33
水锈	neg	0.33
诉讼费	neg	0.33
诊病	neg	0.33
谋杀罪	neg	0.33
负一万	neg	0.33
输尿管	neg	0.33
违令	neg	0.33
迸裂	neg	0.33
选文	neg	0.33
速度表	neg	0.33
都瘦成	neg	0.33
钱充	neg	0.33
钱全花	neg	0.33
银环蛇	neg	0.33
阳东	neg	0.33
阳寿	neg	0.33
阴有雨	neg	0.33
阿兰若	neg	0.33
隐血	neg	0.33
零七年	neg	0.33
韩大芸	neg	0.33
顺江	neg	0.33
题头	neg	0.33
高声	neg	0.33
高尔基路	neg	0.33
鬼吾望	neg	0.33
鲜卑	neg	0.33
一个变	neg	0.33
一吃吃	neg	0.33
人仲	neg	0.33
他尼玛	neg	0.33
供电系统	neg	0.33
冷冷冷	neg	0.33
北京海关	neg	0.33
唯物论	neg	0.33
四五十分	neg	0.33
头仲	neg	0.33
宗桑	neg	0.33
广一模	neg	0.33
弹劾	neg	0.33
得明	neg	0.33
成日发	neg	0.33
我明	neg	0.33
打转儿	neg	0.33
数组	neg	0.33
断根	neg	0.33
无训	neg	0.33
水笼头	neg	0.33
淋浴器	neg	0.33
烧化	neg	0.33
热阿热	neg	0.33
纺机	neg	0.33
蒙汗药	neg	0.33
贫困线	neg	0.33
运算	neg	0.33
通许县	neg	0.33
道坎	neg	0.33
都训	neg	0.33
重印	neg	0.33
重犯	neg	0.33
阿宋	neg	0.33
饿饭	neg	0.33
八九百	neg	0.33
六点二十五	neg	0.33
晨四	neg	0.33
根脚	neg	0.33
幽门	neg	0.33
火药桶	neg	0.33
莫凌天	neg	0.33
莫昂	neg	0.33
误工	neg	0.33
心胆	neg	0.33
麻醉剂	neg	0.33
慌神	neg	0.33
断头台	neg	0.33
道子	neg	0.33
斯科尔斯	neg	0.33
热热热热热热	neg	0.33
哭丧	neg	0.33
内出血	neg	0.33
挂号费	neg	0.33
欠安	neg	0.33
热热热热	neg	0.33
冤情	neg	0.33
亏心事	neg	0.33
晕晕乎乎	neg	0.33
夜不能寐	neg	0.33
水漂	neg	0.33
控股	pos	0.33
展览会	pos	0.33
热闹非凡	pos	0.33
送给	pos	0.33
羊毛	pos	0.33
捧腹大笑	pos	0.33
金色	pos	0.33
小娴	pos	0.33
真萌	pos	0.33
霍霍霍	pos	0.33
开动	pos	0.33
飞轮	pos	0.33
伉俪	pos	0.33
纤维素	pos	0.33
小帅	pos	0.33
小聚	pos	0.33
粉色	pos	0.33
连理	pos	0.33
精品店	pos	0.33
意向	pos	0.33
全自动	pos	0.33
艺术团	pos	0.33
米色	pos	0.33
痱子	neg	0.329
有机化学	neg	0.329
宏远	pos	0.329
处死	neg	0.328
长虫	neg	0.328
阴风	neg	0.328
一千一万	neg	0.328
孙尚香	pos	0.328
影坛	pos	0.328
有所为	pos	0.328
萌动	pos	0.328
花蜜	pos	0.328
只限	pos	0.328
深蓝色	pos	0.328
去除	pos	0.328
风月	pos	0.328
花纹	pos	0.328
处女作	pos	0.328
临夏	pos	0.328
缎带	pos	0.328
陈思成	pos	0.328
节日	pos	0.328
依山傍水	pos	0.328
红参	pos	0.328
打雷	neg	0.327
孤立无援	neg	0.327
病秧子	neg	0.327
报警器	neg	0.327
消极怠工	neg	0.327
腮腺炎	neg	0.327
事体	neg	0.327
电源线	neg	0.327
误车	neg	0.327
三角函数	neg	0.327
太喜	pos	0.327
奥黛丽	pos	0.327
提子	pos	0.327
林萧小	pos	0.327
柏翠	pos	0.327
波希米亚	pos	0.327
浅黄	pos	0.327
猪娃	pos	0.327
芝麻街	pos	0.327
谜面	pos	0.327
车友	pos	0.327
遍及	pos	0.327
鼎立	pos	0.327
青花	pos	0.327
风姿	pos	0.327
月华	pos	0.327
进口	pos	0.327
宝石	pos	0.327
方格	pos	0.327
西式	pos	0.327
张掖	pos	0.327
上冻	neg	0.326
付之东流	neg	0.326
尿频	neg	0.326
肺炎	neg	0.326
撞伤	neg	0.326
毛线	neg	0.326
欧舒丹	pos	0.326
金石	pos	0.326
笑料	pos	0.326
灯谜	pos	0.326
膳食	pos	0.326
底价	pos	0.326
女双	pos	0.326
斯柯达	pos	0.326
串珠	pos	0.326
掌勺	pos	0.326
桑蚕丝	pos	0.326
上衣	pos	0.326
呼朋唤友	pos	0.326
纯银	pos	0.326
盗车	neg	0.325
晕乎乎	neg	0.325
么真	neg	0.325
狗日	neg	0.325
前半夜	neg	0.325
灰溜溜	neg	0.325
一飞冲天	pos	0.325
炭火	pos	0.325
派对	pos	0.325
书法家	pos	0.325
新娘	pos	0.325
少不了	pos	0.325
白鲸	pos	0.325
好样	pos	0.325
倩影	pos	0.325
特等奖	pos	0.325
宋代	pos	0.325
桂皮	pos	0.325
干爽	pos	0.325
红人	pos	0.325
久闻大名	pos	0.325
偏光镜	pos	0.325
各组	pos	0.325
宗亲	pos	0.325
山丹丹	pos	0.325
张氏	pos	0.325
张美照	pos	0.325
村级	pos	0.325
汉代	pos	0.325
演讲者	pos	0.325
爽爽	pos	0.325
王博文	pos	0.325
实线	neg	0.324
锁门	neg	0.324
五点四十	neg	0.324
发慌	neg	0.324
阿阿阿阿	neg	0.324
电闸	neg	0.324
有鬼	neg	0.324
主课	neg	0.324
事不宜迟	pos	0.324
俗名	pos	0.324
原主	pos	0.324
品系	pos	0.324
小露香	pos	0.324
张瑶	pos	0.324
新新	pos	0.324
晓萍	pos	0.324
暗袋	pos	0.324
朱晓	pos	0.324
李小宝	pos	0.324
正正正	pos	0.324
洗发	pos	0.324
渔歌	pos	0.324
特钢	pos	0.324
碧云	pos	0.324
耳际	pos	0.324
自由式	pos	0.324
蜀都	pos	0.324
贵有贵	pos	0.324
金花	pos	0.324
阿晶	pos	0.324
香椿芽	pos	0.324
龙庆峡	pos	0.324
赛事	pos	0.324
各式	pos	0.324
栀子花	pos	0.324
窗花	pos	0.324
杠杠	pos	0.324
面纱	pos	0.324
巨制	pos	0.324
承运	pos	0.324
林荫道	pos	0.324
欢歌笑语	pos	0.324
花匠	pos	0.324
飒爽英姿	pos	0.324
成份	pos	0.324
一览表	pos	0.324
酒逢知己	pos	0.324
补票	neg	0.323
铁老大	neg	0.323
天雷	neg	0.323
耳鸣	neg	0.323
转氨酶	neg	0.323
上成	neg	0.323
影迷	pos	0.323
代言	pos	0.323
网盘	pos	0.323
浮雕	pos	0.323
配有	pos	0.323
柔柔	pos	0.323
编队	pos	0.323
风韵犹存	pos	0.323
亲临	pos	0.323
寒露	pos	0.323
杰克曼	pos	0.323
此致	pos	0.323
王俊凯	pos	0.323
王岐山	pos	0.323
照射	pos	0.323
映洁	pos	0.323
弦子	pos	0.323
剥夺	neg	0.322
昏沉沉	neg	0.322
脑细胞	neg	0.322
好贵	neg	0.322
了无生趣	neg	0.322
敲门声	neg	0.322
验血	neg	0.322
识货	pos	0.322
五湖四海	pos	0.322
拍摄	pos	0.322
敏儿	pos	0.322
福布斯	pos	0.322
角斗	pos	0.322
冠名	pos	0.322
冰凌	pos	0.322
天赐	pos	0.322
怡怡	pos	0.322
江天	pos	0.322
溶入	pos	0.322
经由	pos	0.322
蝴蝶谷	pos	0.322
西溪	pos	0.322
玫瑰	pos	0.322
德拉	pos	0.322
晚霞	pos	0.322
食疗	pos	0.322
天竺葵	pos	0.322
藤蔓	pos	0.322
逗乐	pos	0.322
戴佩妮	pos	0.322
朗气清	pos	0.322
悠然	pos	0.322
蔡卓妍	pos	0.322
姜敏赫	pos	0.322
回赠	pos	0.322
耶和华	pos	0.322
不减当年	pos	0.322
痛觉	neg	0.321
困难户	neg	0.321
优桑	neg	0.321
尼美	neg	0.321
床子	neg	0.321
连堂	neg	0.321
雨加雪	neg	0.321
鹅口疮	neg	0.321
成日	neg	0.321
戒赌	neg	0.321
卓别林	pos	0.321
大喜事	pos	0.321
山山水水	pos	0.321
画家	pos	0.321
炫迈	pos	0.321
瘦长	pos	0.321
赤子之心	pos	0.321
抽出	pos	0.321
吴奇隆	pos	0.321
云母	pos	0.321
体恤衫	pos	0.321
依婷	pos	0.321
保亭	pos	0.321
克强	pos	0.321
华宁	pos	0.321
史铁生	pos	0.321
同治	pos	0.321
和婷	pos	0.321
团圆年	pos	0.321
大姓	pos	0.321
大文	pos	0.321
大衣呢	pos	0.321
小昊	pos	0.321
小茴香	pos	0.321
巨富	pos	0.321
布纹	pos	0.321
托马斯穆勒	pos	0.321
拳手	pos	0.321
无价宝	pos	0.321
日葵	pos	0.321
星哥	pos	0.321
有图	pos	0.321
汗背心	pos	0.321
烈祝	pos	0.321
焕彩	pos	0.321
申请者	pos	0.321
登载	pos	0.321
笑窝	pos	0.321
羽扇	pos	0.321
胸怀大志	pos	0.321
薄暮	pos	0.321
行行	pos	0.321
金州区	pos	0.321
门廊	pos	0.321
霍建	pos	0.321
页岩	pos	0.321
火星人	pos	0.321
塔斯马尼亚	pos	0.321
始建	pos	0.321
研究会	pos	0.321
翩翩起舞	pos	0.321
郑秀晶	pos	0.321
饮品	pos	0.321
店主	pos	0.321
海鸥	pos	0.321
糖果	pos	0.321
色调	pos	0.321
非得	neg	0.32
四五点	neg	0.32
强买强卖	neg	0.32
案发	neg	0.32
神志	neg	0.32
肩胛骨	neg	0.32
牙根	neg	0.32
骂娘	neg	0.32
抑郁症	neg	0.32
超负荷	neg	0.32
嘉年华	pos	0.32
彩票	pos	0.32
果糖	pos	0.32
艾瑞巴蒂	pos	0.32
铁树开花	pos	0.32
非同寻常	pos	0.32
因缘	pos	0.32
心花	pos	0.32
紫水晶	pos	0.32
三原色	pos	0.32
中国女排	pos	0.32
今年底	pos	0.32
佚名	pos	0.32
冯叔	pos	0.32
条绒	pos	0.32
继科	pos	0.32
莫如	pos	0.32
逗点	pos	0.32
野趣	pos	0.32
图文并茂	pos	0.32
淑德	pos	0.32
皇室	pos	0.32
吴克	pos	0.32
捧腹	pos	0.32
金箔	pos	0.32
药味	neg	0.319
落汤鸡	neg	0.319
孤零零	neg	0.319
六点五十	neg	0.319
揪心	neg	0.319
杀人狂	neg	0.319
嗓子	neg	0.319
止泻药	neg	0.319
脊椎骨	neg	0.319
马基	neg	0.319
牛黄	neg	0.319
犯病	neg	0.319
雷暴雨	neg	0.319
打闪	neg	0.319
风土人情	pos	0.319
上档次	pos	0.319
向日葵	pos	0.319
麦田	pos	0.319
菜肴	pos	0.319
紫檀	pos	0.319
贝德玛	pos	0.319
法式	pos	0.319
藏品	pos	0.319
关照	pos	0.319
向阳	pos	0.319
艾菲尔铁塔	pos	0.319
晚宴	pos	0.319
光影	pos	0.319
参会	pos	0.319
商品	pos	0.319
侃侃	pos	0.319
原宿风	pos	0.319
舞剧	pos	0.319
辛辛苦苦	neg	0.318
初诊	neg	0.318
包围圈	neg	0.318
双辽	neg	0.318
天燃气	neg	0.318
抬价	neg	0.318
支原	neg	0.318
朱门	neg	0.318
架空	neg	0.318
而我	neg	0.318
脑外科	neg	0.318
自由权	neg	0.318
铁床	neg	0.318
麻麻非	neg	0.318
成事	neg	0.318
帐子	neg	0.318
敢情	neg	0.318
左脚	neg	0.318
吃药	neg	0.318
校医	neg	0.318
仲甘	neg	0.318
足迹	pos	0.318
方巾	pos	0.318
搜罗	pos	0.318
小桥流水	pos	0.318
主婚	pos	0.318
刚柔并济	pos	0.318
原封	pos	0.318
土窑	pos	0.318
妙趣	pos	0.318
津门	pos	0.318
瞬息	pos	0.318
竖琴	pos	0.318
讲坛	pos	0.318
张合照	pos	0.318
郑容	pos	0.318
不期而遇	pos	0.318
出阁	pos	0.318
招兵买马	pos	0.318
尼龙	pos	0.318
兼程	pos	0.318
崔胜贤	pos	0.318
冒烟	neg	0.317
德安东尼	neg	0.317
七八点	neg	0.317
劳动局	neg	0.317
狂欢节	pos	0.317
全景图	pos	0.317
午宴	pos	0.317
石城	pos	0.317
米字旗	pos	0.317
波光	pos	0.317
秘书处	pos	0.317
马英九	pos	0.317
种植	pos	0.317
暖色调	pos	0.317
中央电视台	pos	0.317
手感	pos	0.317
中医师	pos	0.317
圣马可	pos	0.317
居于	pos	0.317
张鹏	pos	0.317
彭宇	pos	0.317
有识之士	pos	0.317
朗姆	pos	0.317
特殊教育	pos	0.317
生物系	pos	0.317
百花园	pos	0.317
红树	pos	0.317
英秋	pos	0.317
山卡拉	neg	0.316
资本家	neg	0.316
内伤	neg	0.316
先兆	neg	0.316
蚊帐	neg	0.316
永不	pos	0.316
小脚	pos	0.316
蛇毒	pos	0.316
任意	pos	0.316
丰胸	pos	0.316
万姐	pos	0.316
三鲜	pos	0.316
云舒	pos	0.316
云贵	pos	0.316
亚坤	pos	0.316
仁茶	pos	0.316
仙山	pos	0.316
伊万	pos	0.316
但尼	pos	0.316
佐佑	pos	0.316
余振霆	pos	0.316
佛蒙特州	pos	0.316
佩姐	pos	0.316
侨联	pos	0.316
俊伟	pos	0.316
信皮	pos	0.316
修容	pos	0.316
倘佯	pos	0.316
倪妮差	pos	0.316
倾慕	pos	0.316
偶素	pos	0.316
冰清	pos	0.316
出版局	pos	0.316
分场	pos	0.316
千里之行	pos	0.316
升任	pos	0.316
发一	pos	0.316
司庆	pos	0.316
合照发	pos	0.316
吉普森	pos	0.316
同堂	pos	0.316
哈尔施塔特	pos	0.316
嘉木	pos	0.316
团中央	pos	0.316
国鹏	pos	0.316
埃克斯	pos	0.316
基因组	pos	0.316
塞纳	pos	0.316
大姨子	pos	0.316
大潘	pos	0.316
大盖帽	pos	0.316
姜昆	pos	0.316
子聚	pos	0.316
对襟	pos	0.316
小佑	pos	0.316
小宏	pos	0.316
小源	pos	0.316
小郁	pos	0.316
崇光真	pos	0.316
巴新	pos	0.316
巴飞	pos	0.316
幽居	pos	0.316
广电集团	pos	0.316
建院	pos	0.316
强将	pos	0.316
彩宝	pos	0.316
徐霞客	pos	0.316
德辉	pos	0.316
心慈	pos	0.316
心脑血管病	pos	0.316
怀柔区	pos	0.316
怡君	pos	0.316
慧乔	pos	0.316
文广	pos	0.316
无伦	pos	0.316
星域	pos	0.316
晓蕾	pos	0.316
景鸿	pos	0.316
暗礁	pos	0.316
曲径	pos	0.316
曹姐	pos	0.316
曹禺	pos	0.316
有仙	pos	0.316
有模	pos	0.316
服务网	pos	0.316
村边	pos	0.316
杜德	pos	0.316
杨畅	pos	0.316
梓琳	pos	0.316
森达	pos	0.316
椴树	pos	0.316
横贯	pos	0.316
民浩	pos	0.316
沙金	pos	0.316
洁子	pos	0.316
洪小辰	pos	0.316
洲际导弹	pos	0.316
海源	pos	0.316
滩羊	pos	0.316
灿然	pos	0.316
爬犁	pos	0.316
爱丽舍	pos	0.316
爱笑	pos	0.316
环食	pos	0.316
瑞泽	pos	0.316
甘正	pos	0.316
田妈	pos	0.316
畅达	pos	0.316
白胜祖	pos	0.316
石经	pos	0.316
社工	pos	0.316
祖英	pos	0.316
祝美	pos	0.316
秀兰	pos	0.316
科尔多瓦	pos	0.316
穆熙妍	pos	0.316
童姐	pos	0.316
竹编	pos	0.316
第七十一	pos	0.316
缎子	pos	0.316
美伦子	pos	0.316
群峰	pos	0.316
翔君	pos	0.316
聂耳	pos	0.316
致远	pos	0.316
苏先森	pos	0.316
苏博蒂奇	pos	0.316
荣儿	pos	0.316
蒲友	pos	0.316
虹膜	pos	0.316
蜀中	pos	0.316
表姊妹	pos	0.316
言午	pos	0.316
警界	pos	0.316
诗琪	pos	0.316
诗选	pos	0.316
走访	pos	0.316
迪翁	pos	0.316
郭生	pos	0.316
郭采	pos	0.316
采花	pos	0.316
金兰	pos	0.316
鑫子	pos	0.316
银卡	pos	0.316
锡剧	pos	0.316
阎维文	pos	0.316
阿依	pos	0.316
阿昕	pos	0.316
阿里纳斯	pos	0.316
雨布	pos	0.316
雪芝士	pos	0.316
霞子	pos	0.316
靖怡	pos	0.316
风烟	pos	0.316
麻一聪	pos	0.316
黄白	pos	0.316
鼯鼠	pos	0.316
土家	pos	0.316
我校	pos	0.316
古方	pos	0.316
山东队	pos	0.316
招展	pos	0.316
明目	pos	0.316
晨钟	pos	0.316
禅宗	pos	0.316
裁判员	pos	0.316
试用品	pos	0.316
雅阁	pos	0.316
品名	pos	0.316
图鉴	pos	0.316
郑秀文	pos	0.316
咖啡屋	pos	0.316
李克强	pos	0.316
琉璃	pos	0.316
踏青	pos	0.316
康乃馨	pos	0.316
绣球	pos	0.316
针头	neg	0.315
十一二点	neg	0.315
五脏六腑	neg	0.315
半死不活	neg	0.315
两点	neg	0.315
仲有成	neg	0.315
蜡黄	neg	0.315
呼噜	neg	0.315
一天到晚	neg	0.315
热得快	neg	0.315
雹子	neg	0.315
一而再	neg	0.315
仲贵	neg	0.315
刺痒	neg	0.315
坐骨	neg	0.315
氨水	neg	0.315
永发	neg	0.315
迷魂药	neg	0.315
逆反心理	neg	0.315
老泪纵横	neg	0.315
相投	pos	0.315
远道	pos	0.315
牛乳	pos	0.315
太阳帽	pos	0.315
律动	pos	0.315
橘红	pos	0.315
香气	pos	0.315
河图	pos	0.315
淡茶	pos	0.315
表扬信	pos	0.315
酿造	pos	0.315
调味	pos	0.315
首站	pos	0.315
美玉	pos	0.315
插画	pos	0.315
作品	pos	0.315
不可不	pos	0.315
六二	pos	0.315
闭幕	pos	0.315
大赛	pos	0.315
血汗钱	neg	0.314
挨骂	neg	0.314
左臂	neg	0.314
定时炸弹	neg	0.314
邓紫棋	pos	0.314
真爽	pos	0.314
三愿	pos	0.314
主讲	pos	0.314
于心	pos	0.314
凌风	pos	0.314
凝神	pos	0.314
北山	pos	0.314
南滨路	pos	0.314
喜玛拉雅	pos	0.314
大元帅	pos	0.314
封套	pos	0.314
巧儿	pos	0.314
布达拉	pos	0.314
常青树	pos	0.314
平方根	pos	0.314
抚育	pos	0.314
文君	pos	0.314
星公	pos	0.314
木康	pos	0.314
杰夫	pos	0.314
梓涵	pos	0.314
王小二	pos	0.314
琅琅	pos	0.314
皇甫	pos	0.314
石镇	pos	0.314
禁毒	pos	0.314
福来	pos	0.314
种果	pos	0.314
素晴	pos	0.314
茶溪谷	pos	0.314
虚虚实实	pos	0.314
阿萍	pos	0.314
陈设	pos	0.314
黄贯	pos	0.314
龙峡	pos	0.314
朱哥	pos	0.314
盐湖	pos	0.314
佛陀	pos	0.314
足金	pos	0.314
孔明	pos	0.314
友友	pos	0.314
亚布力	pos	0.314
净空	pos	0.314
青石板	pos	0.314
曾沛慈	pos	0.314
囊中	pos	0.314
黑亮	pos	0.314
嗜睡	neg	0.313
一一日	neg	0.313
七点三十五	neg	0.313
中来	neg	0.313
书如山	neg	0.313
二项式	neg	0.313
五点五十五	neg	0.313
伞架	neg	0.313
停车楼	neg	0.313
八点八	neg	0.313
兴文县	neg	0.313
十二点十	neg	0.313
卡阿	neg	0.313
史高斯	neg	0.313
太木	neg	0.313
套取	neg	0.313
布卡	neg	0.313
报案人	neg	0.313
收方	neg	0.313
查勘	neg	0.313
查卷	neg	0.313
汝妹	neg	0.313
法办	neg	0.313
琴日训	neg	0.313
甘好彩	neg	0.313
登陆战	neg	0.313
百分之十五	neg	0.313
笔算	neg	0.313
蓄水池	neg	0.313
讣告	neg	0.313
退婚	neg	0.313
道情	neg	0.313
闭会	neg	0.313
阳山县	neg	0.313
难眠	neg	0.313
马特非	neg	0.313
高某	neg	0.313
鬼一	neg	0.313
黑文	neg	0.313
倒手	neg	0.313
朱多海	neg	0.313
百分之四十	neg	0.313
误杀	neg	0.313
黄某	neg	0.313
教案	neg	0.313
迫降	neg	0.313
华语	pos	0.313
亲笔信	pos	0.313
安琪儿	pos	0.313
晓丽	pos	0.313
美吉姆	pos	0.313
阖家团圆	pos	0.313
怒放	pos	0.313
千岁	pos	0.313
扫描	pos	0.313
献花	pos	0.313
共勉	pos	0.313
丝网	pos	0.313
艺术品	pos	0.313
挎包	pos	0.313
公告牌	pos	0.313
大笑不止	pos	0.313
完美世界	pos	0.313
木盒	pos	0.313
枫树	pos	0.313
海牛	pos	0.313
熊曲奇	pos	0.313
爱孙	pos	0.313
糖果店	pos	0.313
荡涤	pos	0.313
钟汉	pos	0.313
卡其	pos	0.313
正能量	pos	0.313
一同	pos	0.313
刘宪华	pos	0.313
蔚蓝	pos	0.313
金坚	pos	0.313
砸碎	neg	0.312
失落感	neg	0.312
忌口	neg	0.312
一点吗	neg	0.312
牙周炎	neg	0.312
票退	neg	0.312
错误率	neg	0.312
跪求	neg	0.312
吊瓶	neg	0.312
制作	pos	0.312
花卉	pos	0.312
广东队	pos	0.312
乐悠悠	pos	0.312
艺术馆	pos	0.312
飘洋过海	pos	0.312
寿桃	pos	0.312
套裙	pos	0.312
本月底	pos	0.312
高徒	pos	0.312
烂漫	pos	0.312
力帆	pos	0.312
云朵	pos	0.312
邮差	pos	0.312
养生之道	pos	0.312
接风洗尘	pos	0.312
游艺	pos	0.312
甘泉	pos	0.312
白云	pos	0.312
足下	pos	0.312
脱胶	neg	0.311
退烧药	neg	0.311
纠结	neg	0.311
干着急	neg	0.311
人照	neg	0.311
来路不明	neg	0.311
水蒸汽	neg	0.311
秸杆	neg	0.311
脚行	neg	0.311
脱肛	neg	0.311
苦处	neg	0.311
钟先	neg	0.311
上岁数	neg	0.311
短命	neg	0.311
报表	neg	0.311
半生不熟	neg	0.311
五六点	neg	0.311
百合	pos	0.311
养眼	pos	0.311
布面	pos	0.311
贯通	pos	0.311
洁洁	pos	0.311
掌门人	pos	0.311
雕琢	pos	0.311
闲适	pos	0.311
山脉	pos	0.311
经纬	pos	0.311
蜂胶	pos	0.311
针剂	pos	0.311
婀娜多姿	pos	0.311
吴克群	pos	0.311
无悔	pos	0.311
贝壳	pos	0.311
松软	pos	0.311
病源	neg	0.31
失聪	neg	0.31
吃苦头	neg	0.31
忙音	neg	0.31
震天	neg	0.31
杀虫剂	neg	0.31
对数	neg	0.31
康泰克	neg	0.31
巡游	pos	0.31
人才济济	pos	0.31
收益率	pos	0.31
邂逅	pos	0.31
值得一提的是	pos	0.31
东山岛	pos	0.31
五月节	pos	0.31
养料	pos	0.31
卖座	pos	0.31
惜君	pos	0.31
草绿	pos	0.31
面霜	pos	0.31
木棉	pos	0.31
评分	pos	0.31
卫浴	pos	0.31
爱丽	pos	0.31
碧欧泉	pos	0.31
第一夫人	pos	0.31
仙仙	pos	0.31
渔家	pos	0.31
花籽	pos	0.31
睁眼瞎	neg	0.309
生不逢时	neg	0.309
升华	pos	0.309
四重奏	pos	0.309
圆舞曲	pos	0.309
阵雪	pos	0.309
高寿	pos	0.309
孩子王	pos	0.309
腊梅	pos	0.309
万宝龙	pos	0.309
吴君如	pos	0.309
桂圆肉	pos	0.309
重芝士	pos	0.309
万山	pos	0.309
周杰伦歌	pos	0.309
小广播	pos	0.309
岚山	pos	0.309
峨嵋山	pos	0.309
座落	pos	0.309
新山	pos	0.309
水培	pos	0.309
汝窑	pos	0.309
洽谈会	pos	0.309
烹调	pos	0.309
王尔德	pos	0.309
红杉	pos	0.309
蓝月谷	pos	0.309
总编	pos	0.309
骑兵	pos	0.309
雪景	pos	0.309
抗震救灾	pos	0.309
春雷	pos	0.309
豹纹	pos	0.309
猴年	neg	0.308
火警	neg	0.308
闭门思过	neg	0.308
预习	neg	0.308
计量经济学	neg	0.308
催款	neg	0.308
守护神	pos	0.308
表现力	pos	0.308
附有	pos	0.308
完胜	pos	0.308
后继有人	pos	0.308
涓涓	pos	0.308
真帅	pos	0.308
财富	pos	0.308
怀挺	pos	0.308
马达加斯加	pos	0.308
团购	pos	0.308
丰哥	pos	0.308
于斌	pos	0.308
亚青	pos	0.308
佛手瓜	pos	0.308
公务机	pos	0.308
冬雪	pos	0.308
出生于	pos	0.308
出超	pos	0.308
刘惜	pos	0.308
利威尔	pos	0.308
副刊	pos	0.308
单簧管	pos	0.308
叁叁	pos	0.308
吴敏	pos	0.308
周小静	pos	0.308
天娜	pos	0.308
奎尔	pos	0.308
子宁	pos	0.308
季春	pos	0.308
密电	pos	0.308
小芮	pos	0.308
小雪	pos	0.308
小鸣	pos	0.308
尔克	pos	0.308
帅图	pos	0.308
广之	pos	0.308
底角	pos	0.308
愚乐	pos	0.308
成东日	pos	0.308
文艺界	pos	0.308
无限小	pos	0.308
易信	pos	0.308
春阳	pos	0.308
晓伟	pos	0.308
有微	pos	0.308
机种	pos	0.308
样刊	pos	0.308
榴莲果	pos	0.308
欣妹	pos	0.308
段奕宏	pos	0.308
毛边	pos	0.308
洪泽湖	pos	0.308
焖牛肉	pos	0.308
玉竹	pos	0.308
登山队	pos	0.308
登陆舰	pos	0.308
秋游	pos	0.308
第六十七	pos	0.308
索菲特	pos	0.308
红黄蓝	pos	0.308
纪念封	pos	0.308
纳斯达克	pos	0.308
草海	pos	0.308
蓉西	pos	0.308
袁成杰	pos	0.308
观照	pos	0.308
迈克杰克逊	pos	0.308
郝志	pos	0.308
金秀路	pos	0.308
锦溪	pos	0.308
陈俊	pos	0.308
陶器	pos	0.308
顶牛	pos	0.308
魏千翔	pos	0.308
每支	pos	0.308
亚军	pos	0.308
产区	pos	0.308
四世同堂	pos	0.308
初夏	pos	0.308
相聚	pos	0.308
贾玲	pos	0.308
长虹	pos	0.308
膏药	neg	0.307
晨甘	neg	0.307
放射科	neg	0.307
胳臂	neg	0.307
解仲	neg	0.307
半夜三更	neg	0.307
蒸笼	neg	0.307
别有洞天	pos	0.307
缘份	pos	0.307
杰西	pos	0.307
欢笑声	pos	0.307
葡萄园	pos	0.307
蓝海	pos	0.307
夕阳	pos	0.307
原味	pos	0.307
该剧	pos	0.307
简简单单	pos	0.307
震区	pos	0.307
休闲服	pos	0.307
会友	pos	0.307
冰灯	pos	0.307
装扮	pos	0.307
图集	pos	0.307
曼妮芬	pos	0.307
极富	pos	0.307
武昌鱼	pos	0.307
玖月	pos	0.307
皮影	pos	0.307
花美	pos	0.307
面市	pos	0.307
马耳他	pos	0.307
代购	pos	0.307
远眺	pos	0.307
发物	neg	0.306
圆锥曲线	neg	0.306
替死鬼	neg	0.306
里手	neg	0.306
龙阳路	neg	0.306
不寒而栗	neg	0.306
怏怏	neg	0.306
大海捞针	neg	0.306
申诉	neg	0.306
贼人	neg	0.306
烘焙	pos	0.306
地标	pos	0.306
男篮	pos	0.306
格子	pos	0.306
耸肩	pos	0.306
冠亚军	pos	0.306
孙艺洲	pos	0.306
工作室	pos	0.306
淡紫	pos	0.306
再聚	pos	0.306
凤仙花	pos	0.306
刘力扬	pos	0.306
周杰伦摩	pos	0.306
好戏连台	pos	0.306
店堂	pos	0.306
扇面	pos	0.306
橘子汁	pos	0.306
舒敏	pos	0.306
赤足	pos	0.306
适于	pos	0.306
白面	pos	0.306
可贺	pos	0.306
雄鹰	pos	0.306
考取	pos	0.306
富余	pos	0.306
瘸子	neg	0.305
三点十五	neg	0.305
上瑜	neg	0.305
仲边	neg	0.305
号啕大哭	neg	0.305
外来人	neg	0.305
好处费	neg	0.305
广兰路	neg	0.305
括约肌	neg	0.305
文卷	neg	0.305
王德彪	neg	0.305
经验主义	neg	0.305
肺泡	neg	0.305
脱靶	neg	0.305
蠕虫	neg	0.305
走形式	neg	0.305
霉天	neg	0.305
马失前蹄	neg	0.305
加塞	neg	0.305
隐隐	neg	0.305
眼皮	neg	0.305
四点一	neg	0.305
衰老	pos	0.305
拉手	pos	0.305
银色	pos	0.305
安达	pos	0.305
接风	pos	0.305
寄出	pos	0.305
印痕	pos	0.305
小璐	pos	0.305
费加罗	pos	0.305
郭静	pos	0.305
工艺品	pos	0.305
五星红旗	pos	0.305
多利	pos	0.305
烛台	pos	0.305
云佩斯	pos	0.305
晶石	pos	0.305
杏儿	pos	0.305
紫棋	pos	0.305
聚聚	pos	0.305
雅戈尔	pos	0.305
切克	pos	0.305
坤坤	pos	0.305
树脂	pos	0.305
聊城	pos	0.305
规格	pos	0.305
后防线	neg	0.304
病殃殃	neg	0.304
支气管炎	neg	0.304
一望无垠	pos	0.304
三等功	pos	0.304
丹顿	pos	0.304
人迹	pos	0.304
佛号	pos	0.304
划艇	pos	0.304
单县	pos	0.304
可欣	pos	0.304
哇塞哇塞	pos	0.304
嘉嘉	pos	0.304
天海	pos	0.304
婉儿	pos	0.304
宋美龄	pos	0.304
小北	pos	0.304
小曲儿	pos	0.304
小珂	pos	0.304
小纪	pos	0.304
徐庶	pos	0.304
我照	pos	0.304
星空灯	pos	0.304
木船	pos	0.304
朴海镇	pos	0.304
杜嘉班纳	pos	0.304
消化酶	pos	0.304
清音	pos	0.304
渣油	pos	0.304
猪小姐	pos	0.304
秀真	pos	0.304
纱线	pos	0.304
结出	pos	0.304
肌体	pos	0.304
色酒	pos	0.304
蒙奇	pos	0.304
裹挟	pos	0.304
谢露	pos	0.304
起跑	pos	0.304
起运	pos	0.304
鉴湖	pos	0.304
马友友	pos	0.304
黄兴	pos	0.304
入手	pos	0.304
征稿	pos	0.304
报春	pos	0.304
新鲜度	pos	0.304
智雅	pos	0.304
杰娜	pos	0.304
秀贤	pos	0.304
翠绿色	pos	0.304
苟富贵	pos	0.304
许昕	pos	0.304
金正	pos	0.304
题词	pos	0.304
宋冬野	pos	0.304
总面积	pos	0.304
新派	pos	0.304
晓婷	pos	0.304
锦华	pos	0.304
发奖	pos	0.304
新传	pos	0.304
纽巴伦	pos	0.304
茶园	pos	0.304
妞子	pos	0.304
试用	pos	0.304
双生	pos	0.304
百合花	pos	0.304
进驻	pos	0.304
周三	pos	0.304
史迪奇	pos	0.304
小包	pos	0.304
李胜贤	pos	0.304
农历	pos	0.304
零售价	pos	0.304
风味	pos	0.304
事出有因	neg	0.303
劳改	neg	0.303
吃里扒外	neg	0.303
手无寸铁	neg	0.303
菌落	neg	0.303
魂灵	neg	0.303
导数	neg	0.303
缺德事	neg	0.303
可不可以	neg	0.303
石沉大海	neg	0.303
踢皮球	neg	0.303
居室	pos	0.303
出击	pos	0.303
书画家	pos	0.303
就位	pos	0.303
惠惠	pos	0.303
小日子	pos	0.303
如愿以偿	pos	0.303
泰迪	pos	0.303
展区	pos	0.303
景色	pos	0.303
碧海	pos	0.303
锦旗	pos	0.303
一网打尽	pos	0.303
倾听	pos	0.303
夕阳西下	pos	0.303
韧带	neg	0.302
紧巴巴	neg	0.302
闸机	neg	0.302
肠胃	neg	0.302
拼死拼活	neg	0.302
特困生	neg	0.302
神七	neg	0.302
解约	neg	0.302
核磁共振	neg	0.302
展示	pos	0.302
茶色	pos	0.302
腰身	pos	0.302
小彤	pos	0.302
帆船	pos	0.302
妙处	pos	0.302
对本	pos	0.302
开炉	pos	0.302
张铁林	pos	0.302
心协	pos	0.302
选段	pos	0.302
预报员	pos	0.302
宋智孝	pos	0.302
饱眼福	pos	0.302
合一	pos	0.302
茶匙	pos	0.302
冬季	pos	0.302
原价	pos	0.302
全套	pos	0.302
化妆师	pos	0.302
茶花	pos	0.302
累活	neg	0.301
茅坑	neg	0.301
沙尘暴	neg	0.301
一辆车	neg	0.301
书记员	neg	0.301
毒气弹	neg	0.301
求天亮	neg	0.301
猛醒	neg	0.301
钟真	neg	0.301
一病不起	neg	0.301
守灵	neg	0.301
挑错	neg	0.301
排水管	neg	0.301
喇叭声	neg	0.301
鬼影	neg	0.301
体温计	neg	0.301
划不来	neg	0.301
到场	pos	0.301
同年	pos	0.301
水分	pos	0.301
余少群	pos	0.301
小萌	pos	0.301
水绿	pos	0.301
陶子	pos	0.301
华晨	pos	0.301
公历	pos	0.301
明摆着	neg	0.3
心惊胆颤	neg	0.3
火葬场	neg	0.3
难道说	neg	0.3
出厂价	pos	0.3
奥黛丽赫	pos	0.3
冰河	pos	0.3
太阳眼镜	pos	0.3
王诗龄	pos	0.3
克林顿	pos	0.3
坤儿	pos	0.3
恰如	pos	0.3
震东	pos	0.3
重阳节	pos	0.3
东北风	pos	0.3
